timestamp,forecast_annual,realized_annual
1424361600,,1.22640399
1424376000,,1.19333681
1424390400,,1.19333681
1424404800,,1.19238787
1424419200,,1.19238787
1424433600,,1.19238787
1424448000,,1.19240128
1424462400,,1.19267451
1424476800,,1.19382080
1424491200,,1.19382080
1424505600,,1.19382080
1424520000,,1.19383139
1424534400,,1.19265439
1424548800,,1.19265439
1424563200,,1.19172302
1424577600,,1.19697543
1424592000,,1.19564086
1424606400,,1.25912378
1424620800,,1.25350567
1424635200,,1.25395850
1424649600,,1.32024701
1424664000,,1.32026251
1424678400,,1.32026251
1424692800,,1.34465147
1424707200,,1.34710388
1424721600,,1.34710388
1424736000,,1.34894748
1424750400,,1.34894748
1424764800,,1.34894748
1424779200,,1.34822112
1424793600,,1.34822112
1424808000,,1.34797876
1424822400,,1.35637067
1424836800,,1.35637067
1424851200,,1.35605568
1424865600,,1.35605568
1424880000,,1.36379025
1424894400,,1.37167175
1424908800,,1.37167175
1424923200,,1.37837655
1424937600,,1.37837655
1424952000,,1.38028472
1424966400,,1.38015638
1424980800,,1.38017417
1424995200,,1.37335940
1425009600,,1.36646760
1425024000,,1.36017223
1425038400,,1.35263186
1425052800,,1.34504922
1425067200,,1.34504922
1425081600,,1.33890142
1425096000,,1.33890142
1425110400,,1.33890142
1425124800,,1.34033915
1425139200,,1.34033915
1425153600,,1.34060537
1425168000,,1.34884009
1425182400,,1.34884229
1425196800,,1.34514595
1425211200,,1.35193518
1425225600,,1.35193518
1425240000,,1.35538402
1425254400,,1.35538402
1425268800,,1.35539190
1425283200,,1.35539190
1425297600,,1.35532089
1425312000,,1.35524988
1425326400,,1.33352992
1425340800,,1.33352992
1425355200,,1.33346659
1425369600,,1.33433367
1425384000,,1.32759453
1425398400,,1.33185083
1425412800,,1.32751197
1425427200,,1.32751197
1425441600,,1.32751197
1425456000,,1.32289328
1425470400,,1.32305344
1425484800,,1.29441670
1425499200,,1.29458038
1425513600,,1.25955984
1425528000,,1.26230617
1425542400,,1.23719040
1425556800,,1.23719040
1425571200,,1.23719040
1425585600,,1.20921328
1425600000,,1.19912040
1425614400,,1.19912040
1425628800,,1.19905051
1425643200,,1.19905722
1425657600,,1.19948596
1425672000,,1.19223543
1425686400,,1.19223543
1425700800,,1.19223543
1425715200,,1.19223543
1425729600,,1.19223543
1425744000,,1.19223543
1425758400,,1.19223543
1425772800,,1.19223543
1425787200,,1.19228724
1425801600,,1.19228724
1425816000,,1.19228724
1425830400,,1.17616253
1425844800,,1.15976524
1425859200,,1.15996327
1425873600,,1.16193047
1425888000,,1.15060354
1425902400,,1.13587129
1425916800,,1.13584417
1425931200,,1.13588206
1425945600,,1.14077825
1425960000,,1.14142650
1425974400,,1.12520912
1425988800,,1.12531472
1426003200,,1.16681675
1426017600,,1.16681675
1426032000,,1.16658401
1426046400,,1.15409528
1426060800,,1.15409528
1426075200,,1.27103677
1426089600,,1.27455990
1426104000,,1.26588229
1426118400,,1.27103831
1426132800,,1.27111427
1426147200,,1.27111427
1426161600,,1.27300965
1426176000,,1.27335614
1426190400,,1.27352740
1426204800,,1.23709506
1426219200,,1.23709506
1426233600,,1.23781284
1426248000,,1.23781284
1426262400,,1.23781284
1426276800,,1.19740092
1426291200,,1.19866566
1426305600,,1.20172361
1426320000,,1.20172360
1426334400,,1.20688752
1426348800,,1.21941716
1426363200,,1.21941716
1426377600,,1.23181935
1426392000,,1.23181935
1426406400,,1.23181935
1426420800,,1.24215145
1426435200,,1.24205461
1426449600,,1.24240061
1426464000,,1.22164300
1426478400,,1.18030611
1426492800,,1.18030611
1426507200,,1.18039285
1426521600,,1.18046843
1426536000,,1.18336963
1426550400,,1.18488337
1426564800,,1.18488337
1426579200,,1.18488337
1426593600,,1.18488337
1426608000,,1.19179585
1426622400,,1.19179585
1426636800,,1.19179585
1426651200,,1.19179585
1426665600,,1.19240836
1426680000,,1.19273100
1426694400,,1.19121515
1426708800,,1.17939143
1426723200,,1.17760474
1426737600,,1.17003306
1426752000,,1.17044504
1426766400,,1.17005704
1426780800,,1.17005704
1426795200,,1.16224443
1426809600,,1.16224443
1426824000,,1.15547299
1426838400,,1.14344706
1426852800,,1.14314823
1426867200,,1.13505856
1426881600,,1.12934098
1426896000,,1.12934098
1426910400,,1.12920509
1426924800,,1.12990317
1426939200,,1.13358937
1426953600,,1.12961198
1426968000,,1.12961198
1426982400,,1.12961198
1426996800,,1.12932128
1427011200,,1.12932128
1427025600,,1.13309565
1427040000,,1.13308154
1427054400,,1.13279724
1427068800,,1.13886382
1427083200,,1.14478035
1427097600,,1.14478564
1427112000,,1.15031449
1427126400,,1.15251739
1427140800,,1.15298936
1427155200,,1.15256762
1427169600,,1.14711189
1427184000,,1.14711189
1427198400,,1.07695237
1427212800,,1.07639954
1427227200,,1.07594820
1427241600,,0.99354395
1427256000,,0.99352336
1427270400,,0.99352336
1427284800,,0.96025735
1427299200,,0.96335962
1427313600,,0.97915518
1427328000,,0.97661375
1427342400,,0.97661375
1427356800,,0.97661375
1427371200,,0.97661375
1427385600,,0.99219833
1427400000,,0.99219833
1427414400,,0.98069510
1427428800,,0.98072747
1427443200,,0.98280929
1427457600,,0.99360707
1427472000,,0.98359431
1427486400,,0.97257299
1427500800,,0.97885480
1427515200,,0.96939062
1427529600,,0.96939062
1427544000,,0.96621192
1427558400,,0.96621192
1427572800,,0.96618651
1427587200,,0.96505806
1427601600,,0.96505806
1427616000,,0.96335182
1427630400,,0.96335182
1427644800,,0.96335182
1427659200,,0.97143150
1427673600,,0.97143150
1427688000,,0.97143150
1427702400,,0.97143150
1427716800,,0.96944681
1427731200,,0.96944681
1427745600,,0.96907863
1427760000,,0.95758372
1427774400,,0.95758062
1427788800,,0.95019185
1427803200,,0.94050702
1427817600,,0.96193457
1427832000,,0.95706984
1427846400,,0.96581837
1427860800,,0.96580731
1427875200,,0.96580731
1427889600,,0.97018009
1427904000,,0.97453324
1427918400,,0.97453324
1427932800,,0.97453324
1427947200,,0.97453324
1427961600,,0.97325895
1427976000,,0.97364535
1427990400,,0.96781499
1428004800,,0.96745186
1428019200,,0.96745186
1428033600,,0.96745186
1428048000,,0.96815623
1428062400,,0.96793735
1428076800,,0.96833657
1428091200,,0.96811773
1428105600,,0.96979513
1428120000,,0.96789843
1428134400,,0.96496675
1428148800,,0.96496675
1428163200,,0.96496675
1428177600,,0.96825709
1428192000,,0.96779307
1428206400,,0.96779307
1428220800,,0.96779307
1428235200,,0.96778476
1428249600,,0.96725331
1428264000,,0.96779829
1428278400,,0.96779829
1428292800,,0.96807600
1428307200,,0.96807600
1428321600,,0.96807600
1428336000,,0.98062837
1428350400,,1.00615285
1428364800,,1.00615285
1428379200,,1.00609146
1428393600,,1.00609146
1428408000,,1.00609146
1428422400,,1.00603563
1428436800,,1.00603563
1428451200,,1.03070843
1428465600,,1.02849027
1428480000,,1.01969197
1428494400,,1.01969197
1428508800,,1.01969197
1428523200,,1.02849305
1428537600,,1.02305962
1428552000,,1.02233632
1428566400,,1.02212936
1428580800,,1.02201310
1428595200,,0.96321950
1428609600,,0.97593361
1428624000,,0.97593361
1428638400,,0.97593361
1428652800,,0.97593361
1428667200,,0.81611097
1428681600,,0.81050748
1428696000,,0.81050262
1428710400,,0.86197063
1428724800,,0.91758354
1428739200,,0.97011279
1428753600,,0.99299072
1428768000,,0.99265897
1428782400,,0.99244939
1428796800,,0.99292737
1428811200,,0.99292737
1428825600,,0.99212491
1428840000,,0.99212799
1428854400,,0.99480959
1428868800,,0.99480959
1428883200,,0.99328532
1428897600,,0.98958347
1428912000,,0.98958347
1428926400,,0.98327899
1428940800,,0.96769668
1428955200,,0.97094875
1428969600,,0.95521811
1428984000,,0.95521811
1428998400,,0.95535744
1429012800,,0.94590317
1429027200,,0.95094789
1429041600,,0.95634098
1429056000,,0.95984988
1429070400,,0.96032694
1429084800,,0.96035447
1429099200,,0.96131003
1429113600,,0.96121722
1429128000,,0.95764324
1429142400,,0.96082279
1429156800,,0.96489275
1429171200,,0.96489275
1429185600,,0.96489275
1429200000,,0.95639266
1429214400,,0.95639654
1429228800,,0.95639654
1429243200,,0.95639654
1429257600,,0.95356236
1429272000,,0.95315876
1429286400,,0.95298086
1429300800,,0.95292227
1429315200,,0.95292227
1429329600,,0.95292227
1429344000,,0.95241620
1429358400,,0.95241620
1429372800,,0.95277646
1429387200,,0.95287085
1429401600,,0.95631648
1429416000,,0.95742698
1429430400,,0.95742698
1429444800,,0.96012639
1429459200,,0.97682672
1429473600,,0.99209769
1429488000,,0.99245309
1429502400,,0.99281382
1429516800,,0.98860286
1429531200,,0.99196748
1429545600,,0.99814399
1429560000,,1.00345014
1429574400,,1.00349316
1429588800,,1.00353900
1429603200,,1.00353900
1429617600,,0.99927539
1429632000,,0.99927544
1429646400,,0.99927170
1429660800,,0.99115504
1429675200,,0.98437274
1429689600,,0.98442380
1429704000,,0.97805000
1429718400,,0.97552377
1429732800,,0.97501615
1429747200,,0.97501614
1429761600,,0.97501614
1429776000,,0.97501614
1429790400,,0.97831037
1429804800,,0.97831037
1429819200,,0.97820357
1429833600,,0.97815282
1429848000,,0.97815282
1429862400,,0.97818490
1429876800,,0.97818490
1429891200,,0.97377050
1429905600,,0.96044434
1429920000,,0.96044434
1429934400,,0.96055212
1429948800,,0.96444499
1429963200,,0.96459030
1429977600,,0.94855223
1429992000,,0.94855223
1430006400,,0.94855223
1430020800,,0.95241929
1430035200,,0.95027090
1430049600,,0.93902058
1430064000,,0.93836475
1430078400,,0.94237436
1430092800,,0.93584771
1430107200,,0.93590187
1430121600,,0.93875645
1430136000,,0.93886854
1430150400,,0.93886854
1430164800,,0.93887261
1430179200,,0.93887261
1430193600,,0.93928057
1430208000,,0.93928057
1430222400,,0.94189525
1430236800,,0.94196688
1430251200,,0.93363225
1430265600,,0.93370770
1430280000,,0.93370770
1430294400,,0.93373516
1430308800,,0.93552950
1430323200,,0.93912392
1430337600,,0.93912392
1430352000,,0.93912392
1430366400,,0.93912392
1430380800,,0.93891252
1430395200,,0.93891252
1430409600,,0.91804240
1430424000,,0.91804148
1430438400,,0.90883316
1430452800,,0.90883316
1430467200,,0.90883316
1430481600,,0.90945232
1430496000,,0.91007105
1430510400,,0.91028450
1430524800,,0.91028450
1430539200,,0.91028450
1430553600,,0.91028450
1430568000,,0.90987119
1430582400,,0.90987119
1430596800,,0.91021731
1430611200,,0.91024862
1430625600,,0.91817864
1430640000,,0.92057785
1430654400,,0.92057785
1430668800,,0.92030849
1430683200,,0.92228002
1430697600,,0.92853375
1430712000,,0.92706778
1430726400,,0.92709858
1430740800,,0.92712938
1430755200,,0.92764578
1430769600,,0.93326402
1430784000,,0.93512801
1430798400,,0.93714726
1430812800,,0.93714726
1430827200,,0.93916217
1430841600,,0.93916217
1430856000,,0.94061236
1430870400,,0.94061236
1430884800,,0.94032653
1430899200,,0.94032653
1430913600,,0.94032653
1430928000,,0.92926515
1430942400,,0.90156650
1430956800,,0.90208592
1430971200,,0.90310259
1430985600,,0.90310259
1431000000,,0.90411085
1431014400,,0.90411085
1431028800,,0.90411085
1431043200,,0.87561685
1431057600,,0.87561685
1431072000,,0.87561685
1431086400,,0.87682249
1431100800,,0.87682249
1431115200,,0.86623104
1431129600,,0.86623104
1431144000,,0.86623104
1431158400,,0.86623104
1431172800,,0.86623104
1431187200,,0.86839146
1431201600,,0.85625817
1431216000,,0.85625817
1431230400,,0.85625817
1431244800,,0.85625817
1431259200,,0.85549166
1431273600,1.15021807,0.85549166
1431288000,1.15021807,0.86186395
1431302400,1.13503276,0.81110010
1431316800,1.13479546,0.74747850
1431331200,1.13521012,0.68832987
1431345600,1.13593780,0.65120211
1431360000,1.13984393,0.65103043
1431374400,1.14358563,0.65936635
1431388800,1.14305862,0.66945549
1431403200,1.15337861,0.67551074
1431417600,1.16981250,0.67537489
1431432000,1.17285013,0.67537036
1431446400,1.15813528,0.67648019
1431460800,1.16514422,0.69422324
1431475200,1.16514422,0.69422324
1431489600,1.16532759,0.71323061
1431504000,1.16533381,0.71323061
1431518400,1.19276255,0.73174442
1431532800,1.19276255,0.74663215
1431547200,1.15772638,0.74239811
1431561600,1.16138976,0.74233018
1431576000,1.16366987,0.74233018
1431590400,1.16004465,0.74215085
1431604800,1.15306418,0.73702212
1431619200,1.14727504,0.74040253
1431633600,1.14273924,0.73283704
1431648000,1.13724771,0.73659104
1431662400,1.13401264,0.74223098
1431676800,1.13747081,0.74219536
1431691200,1.13743378,0.74081908
1431705600,1.14655206,0.74081908
1431720000,1.15282738,0.74081908
1431734400,1.14016211,0.73425344
1431748800,1.13853493,0.73262050
1431763200,1.14492707,0.73262050
1431777600,1.14492707,0.73262050
1431792000,1.14242349,0.73390119
1431806400,1.14849969,0.73389613
1431820800,1.17117645,0.73393297
1431835200,1.17117645,0.73486119
1431849600,1.17117645,0.74157115
1431864000,1.17707482,0.74822093
1431878400,1.17815642,0.75216730
1431892800,1.17637051,0.75718401
1431907200,1.17702790,0.75718401
1431921600,1.17597115,0.77131428
1431936000,1.17295914,0.78519030
1431950400,1.17015756,0.81707090
1431964800,1.14835091,0.81665078
1431979200,1.14806649,0.81654065
1431993600,1.12226334,0.81250247
1432008000,1.12138561,0.81119361
1432022400,1.12482333,0.81425075
1432036800,1.11844653,0.81106598
1432051200,1.10935910,0.79758257
1432065600,1.10696568,0.77801767
1432080000,1.10931578,0.78329656
1432094400,1.10924550,0.78297241
1432108800,1.11245101,0.78898615
1432123200,1.11013899,0.78047539
1432137600,1.11331734,0.77256061
1432152000,1.11156413,0.76580104
1432166400,1.11448145,0.76574467
1432180800,1.11443129,0.76568460
1432195200,1.11910955,0.78465573
1432209600,1.12381712,0.78528874
1432224000,1.14851885,0.78528868
1432238400,1.15183445,0.78560534
1432252800,1.14216601,0.78585802
1432267200,1.14126982,0.79163020
1432281600,1.14000753,0.79155906
1432296000,1.13785000,0.79142885
1432310400,1.12879967,0.79016710
1432324800,1.13119547,0.79010509
1432339200,1.13312119,0.79010509
1432353600,1.13342480,0.79010509
1432368000,1.13407453,0.79010509
1432382400,1.12298402,0.78850899
1432396800,1.12718858,0.79294174
1432411200,1.12664110,0.79293539
1432425600,1.12679938,0.79306001
1432440000,1.12724092,0.79306001
1432454400,1.15143212,0.79302043
1432468800,1.15298318,0.79302043
1432483200,1.12649826,0.79052467
1432497600,1.12138644,0.78741463
1432512000,1.12532613,0.78818595
1432526400,1.12316452,0.78807111
1432540800,1.11725267,0.78816704
1432555200,1.12075051,0.78798920
1432569600,1.12595836,0.78882902
1432584000,1.12595911,0.78884778
1432598400,1.12612298,0.78884778
1432612800,1.12195433,0.78473724
1432627200,1.12638506,0.78911578
1432641600,1.12475416,0.78919048
1432656000,1.12583068,0.78947102
1432670400,1.11777273,0.78487941
1432684800,1.12616573,0.78488754
1432699200,1.12446200,0.78482296
1432713600,1.08693897,0.78140625
1432728000,1.08802506,0.78135296
1432742400,1.09543775,0.78135296
1432756800,1.09515685,0.78134809
1432771200,1.09554181,0.78439734
1432785600,1.10668418,0.78390877
1432800000,1.10878199,0.79422795
1432814400,1.09195676,0.79112537
1432828800,1.09310426,0.79117902
1432843200,1.09412083,0.79117902
1432857600,1.09091992,0.79108997
1432872000,1.09189545,0.79108997
1432886400,1.11090504,0.79105756
1432900800,1.09391487,0.78893470
1432915200,1.08836885,0.78465258
1432929600,1.08820296,0.78465263
1432944000,1.08820296,0.78465263
1432958400,1.08820455,0.78465263
1432972800,1.09114198,0.78465264
1432987200,1.12707662,0.78855887
1433001600,1.09535961,0.78924270
1433016000,1.09734718,0.79118748
1433030400,1.09423741,0.79121579
1433044800,1.09409753,0.79540188
1433059200,1.09409753,0.79540188
1433073600,1.08531620,0.78934955
1433088000,1.08386730,0.78342929
1433102400,1.08472387,0.78322140
1433116800,1.08616780,0.78323553
1433131200,1.08444366,0.78405886
1433145600,1.08929087,0.78405886
1433160000,1.11268300,0.78543420
1433174400,1.13179291,0.78811985
1433188800,1.10785014,0.79015332
1433203200,1.10806924,0.79011725
1433217600,1.08727778,0.78690285
1433232000,1.08498863,0.78322485
1433246400,1.08738129,0.78324289
1433260800,1.08625459,0.78308398
1433275200,1.08517356,0.78084337
1433289600,1.08792869,0.77129192
1433304000,1.09096568,0.77094801
1433318400,1.09131048,0.77091097
1433332800,1.09140577,0.77087393
1433347200,1.09173651,0.77025242
1433361600,1.09285118,0.75944069
1433376000,1.09281229,0.75704521
1433390400,1.09072966,0.75454414
1433404800,1.09134908,0.75454414
1433419200,1.08893095,0.75203475
1433433600,1.07448865,0.75210953
1433448000,1.07841807,0.74959200
1433462400,1.07761140,0.74982824
1433476800,1.07761140,0.75086176
1433491200,1.08125614,0.75334008
1433505600,1.08108239,0.75396672
1433520000,1.08504517,0.75978195
1433534400,1.07785619,0.75986341
1433548800,1.07736451,0.75935735
1433563200,1.07658196,0.75867294
1433577600,1.07388391,0.75887128
1433592000,1.07771814,0.76369032
1433606400,1.06907478,0.76691897
1433620800,1.07000754,0.76698095
1433635200,1.07359482,0.76698095
1433649600,1.07356720,0.76699692
1433664000,1.09477912,0.76699692
1433678400,1.06595992,0.76561835
1433692800,1.06029580,0.76817437
1433707200,1.05657754,0.76817437
1433721600,1.05657754,0.76817437
1433736000,1.05200754,0.76882317
1433750400,1.07402875,0.76919011
1433764800,1.06796483,0.78727910
1433779200,1.05190761,0.78921941
1433793600,1.05288023,0.78685344
1433808000,1.05001752,0.78685344
1433822400,1.05001752,0.78688906
1433836800,1.04545199,0.78688906
1433851200,1.05644456,0.77990288
1433865600,1.05385508,0.78098266
1433880000,1.05988630,0.77394581
1433894400,1.06440460,0.76469533
1433908800,1.06013737,0.76469533
1433923200,1.06854145,0.80324693
1433937600,1.06502892,0.80654551
1433952000,1.06672640,0.80744729
1433966400,1.07410451,0.80064200
1433980800,1.07553343,0.83344988
1433995200,1.07752160,0.87620254
1434009600,1.07423481,0.87759492
1434024000,1.07423481,0.88253419
1434038400,1.07957878,0.87898055
1434052800,1.08306259,0.86612970
1434067200,1.08048410,0.86916990
1434081600,1.08502860,0.85368043
1434096000,1.08066037,0.85566842
1434110400,1.08590727,0.84319556
1434124800,1.08845841,0.83150747
1434139200,1.08467906,0.83645749
1434153600,1.04901977,0.83645749
1434168000,1.04930387,0.87111000
1434182400,1.05293166,0.87148003
1434196800,1.08377360,0.87148003
1434211200,1.05707737,0.85875944
1434225600,1.05301718,0.85875944
1434240000,1.05481550,0.85160308
1434254400,1.05333414,0.84615087
1434268800,1.04971528,0.84615087
1434283200,1.05322628,0.84615091
1434297600,1.05364349,0.84615094
1434312000,1.05775230,0.84615094
1434326400,1.08434539,0.84615094
1434340800,1.06340141,0.84292892
1434355200,1.06022929,0.84292892
1434369600,1.06109292,0.84292892
1434384000,1.06248015,0.84309562
1434398400,1.06074682,0.85094566
1434412800,1.06782833,0.85869245
1434427200,1.06847151,0.85789822
1434441600,1.06403201,0.85381634
1434456000,1.06116244,0.85371689
1434470400,1.05939376,0.85035788
1434484800,1.05794566,0.84588954
1434499200,1.05459344,0.84588954
1434513600,1.05618577,0.83724434
1434528000,1.05514616,0.82702823
1434542400,1.05101660,0.79554676
1434556800,1.04730248,0.79554676
1434571200,1.04761618,0.79554676
1434585600,1.04880019,0.79899467
1434600000,1.05040686,0.79899467
1434614400,1.06423861,0.79587893
1434628800,1.06089206,0.79604219
1434643200,1.05801400,0.78684531
1434657600,1.05586400,0.78675605
1434672000,1.05590913,0.78104915
1434686400,1.05488557,0.78445460
1434700800,1.05501449,0.77840585
1434715200,1.05634791,0.77734512
1434729600,1.05360365,0.78476251
1434744000,1.05801028,0.78726606
1434758400,1.05658869,0.78726606
1434772800,1.06513286,0.78726606
1434787200,1.05599486,0.76835938
1434801600,1.05435577,0.76925311
1434816000,1.05186627,0.76933074
1434830400,1.05463395,0.77388117
1434844800,1.05548387,0.77339107
1434859200,1.06340081,0.76903635
1434873600,1.04147083,0.76903635
1434888000,1.04147083,0.76995182
1434902400,1.04155534,0.77000431
1434916800,1.04169263,0.77144100
1434931200,1.05158965,0.77144100
1434945600,1.05158965,0.77179182
1434960000,1.05117969,0.77179182
1434974400,1.03114064,0.77155734
1434988800,1.02828751,0.76713978
1435003200,1.04092057,0.76845957
1435017600,1.03421693,0.76832705
1435032000,1.04052661,0.76832705
1435046400,1.04127883,0.76832705
1435060800,1.04726674,0.76832705
1435075200,1.04726674,0.76832705
1435089600,1.05085642,0.76832705
1435104000,1.03330820,0.76753577
1435118400,1.03972570,0.76751882
1435132800,1.02710991,0.76414983
1435147200,1.03985940,0.76414983
1435161600,1.02999119,0.76368107
1435176000,1.03600141,0.76366170
1435190400,1.03919300,0.76366170
1435204800,1.03254798,0.76304800
1435219200,1.02715573,0.75909284
1435233600,1.03362355,0.75895868
1435248000,1.03217056,0.75915229
1435262400,1.03277603,0.75894664
1435276800,1.03804004,0.76846972
1435291200,1.04340104,0.76846972
1435305600,1.04320198,0.77308506
1435320000,1.03853572,0.77300278
1435334400,1.04591205,0.77312879
1435348800,1.04604216,0.77312878
1435363200,1.02851151,0.77003491
1435377600,1.04046221,0.77003491
1435392000,1.02481198,0.75938705
1435406400,1.03892271,0.75938705
1435420800,1.03236596,0.76023600
1435435200,1.03929658,0.76685941
1435449600,1.03888388,0.76709708
1435464000,1.04619265,0.76709708
1435478400,1.04611059,0.76724119
1435492800,1.04981162,0.76724119
1435507200,1.04981162,0.76851236
1435521600,1.04972269,0.76913686
1435536000,1.04923072,0.76913686
1435550400,1.04921319,0.76913686
1435564800,1.04916681,0.77049172
1435579200,1.02793956,0.76785295
1435593600,0.98259589,0.76584860
1435608000,0.98393713,0.76488964
1435622400,0.99007807,0.76514178
1435636800,0.98565192,0.76078921
1435651200,0.99767189,0.76920912
1435665600,0.99870664,0.76920912
1435680000,0.99109550,0.76906342
1435694400,0.99326751,0.76902255
1435708800,0.99011873,0.76900815
1435723200,0.98059925,0.76820518
1435737600,0.98838621,0.76820518
1435752000,0.97928367,0.76679894
1435766400,0.97967122,0.76414479
1435780800,0.98164699,0.76162847
1435795200,0.99177885,0.76162847
1435809600,0.98502308,0.75551989
1435824000,0.99652995,0.75551989
1435838400,0.99490521,0.75550119
1435852800,0.99619059,0.75723501
1435867200,0.99415736,0.75715011
1435881600,1.01338609,0.75715011
1435896000,1.00913511,0.75715274
1435910400,1.00725015,0.75715274
1435924800,1.00522091,0.75715274
1435939200,1.01166558,0.75876869
1435953600,0.99027667,0.75916820
1435968000,0.99612011,0.75945903
1435982400,0.99612011,0.75945903
1435996800,0.99579151,0.75945903
1436011200,0.99571721,0.76100222
1436025600,0.99419089,0.76093530
1436040000,0.99716886,0.76093530
1436054400,0.98670479,0.76070250
1436068800,0.97851533,0.75968237
1436083200,0.97277452,0.75722480
1436097600,0.97030896,0.76269547
1436112000,0.97659194,0.75441431
1436126400,0.97381883,0.75857828
1436140800,0.97387487,0.75855641
1436155200,0.97323226,0.75803132
1436169600,0.97513418,0.75783276
1436184000,0.98004950,0.75176530
1436198400,0.98337914,0.74866311
1436212800,0.98926021,0.74859962
1436227200,0.99374867,0.75467655
1436241600,0.99134862,0.75634791
1436256000,0.99771332,0.75847223
1436270400,1.01093416,0.75920951
1436284800,0.99135006,0.75662321
1436299200,1.00116488,0.75667808
1436313600,0.97437920,0.75667808
1436328000,0.96602865,0.76034478
1436342400,0.96677723,0.76012937
1436356800,0.97226555,0.74137825
1436371200,0.97690006,0.73677358
1436385600,0.98736217,0.73677427
1436400000,0.98546381,0.73951915
1436414400,0.98120427,0.74489911
1436428800,0.98577927,0.75225162
1436443200,1.00486490,0.79300680
1436457600,0.98481003,0.79753063
1436472000,0.99296233,0.80253111
1436486400,0.99335669,0.80361924
1436500800,0.98639496,0.80362233
1436515200,0.98663317,0.75573240
1436529600,0.99231512,0.75221103
1436544000,0.99475421,0.75264768
1436558400,1.00374283,0.75273601
1436572800,1.00269049,0.70614785
1436587200,1.01636078,0.64607157
1436601600,1.02199558,0.64417895
1436616000,1.02093439,0.64355859
1436630400,1.02547969,0.64540412
1436644800,1.02656260,0.64393490
1436659200,1.03453067,0.63982537
1436673600,1.03821165,0.64099945
1436688000,1.03337677,0.63834327
1436702400,1.03139231,0.64065720
1436716800,1.03296334,0.63875623
1436731200,1.03128438,0.63869751
1436745600,1.04353994,0.64388760
1436760000,1.02864449,0.59617091
1436774400,1.03639724,0.61501783
1436788800,1.04460525,0.62285068
1436803200,1.04533524,0.62285068
1436817600,1.04533524,0.62758892
1436832000,1.06009474,0.62758892
1436846400,1.07768882,0.62814923
1436860800,1.07743755,0.62883685
1436875200,1.07740676,0.62885227
1436889600,1.06372801,0.62892013
1436904000,1.03858696,0.63005203
1436918400,1.03754993,0.63005203
1436932800,1.03364049,0.63120609
1436947200,1.03338378,0.63128225
1436961600,1.03248864,0.63310124
1436976000,0.99691650,0.63131633
1436990400,0.98969255,0.62125742
1437004800,0.99029180,0.61060234
1437019200,1.00064230,0.61060234
1437033600,0.97779648,0.60820674
1437048000,0.97513960,0.60014870
1437062400,0.98399679,0.60151586
1437076800,0.95823539,0.60450155
1437091200,0.95761366,0.60450155
1437105600,0.95111598,0.59871093
1437120000,0.95767923,0.59535650
1437134400,0.96827211,0.59535650
1437148800,0.96827211,0.59710799
1437163200,0.96827211,0.60264827
1437177600,0.96239303,0.59807835
1437192000,0.97710124,0.59812657
1437206400,0.97710120,0.59812657
1437220800,0.97089157,0.59790965
1437235200,0.97698769,0.60298701
1437249600,0.99648831,0.60315421
1437264000,0.99648831,0.60353173
1437278400,0.96973909,0.60107639
1437292800,0.97947409,0.60107639
1437307200,0.96958483,0.60168469
1437321600,0.94914707,0.59704856
1437336000,0.95275374,1.35411362
1437350400,0.96256210,1.52868037
1437364800,0.95350392,1.53208323
1437379200,0.95329902,1.53280491
1437393600,0.95185367,1.53207294
1437408000,0.96258305,1.54134887
1437422400,0.94798371,1.54964270
1437436800,0.95439751,1.54994497
1437451200,0.94621820,1.54921396
1437465600,0.95695497,1.55383468
1437480000,0.94906323,1.55452348
1437494400,0.95423924,1.55733733
1437508800,0.94890626,1.55946213
1437523200,0.96140494,1.56083603
1437537600,0.95373413,1.56106684
1437552000,0.96338418,1.56135414
1437566400,0.95196363,1.56137533
1437580800,0.95888716,1.56863144
1437595200,0.94947928,1.57144671
1437609600,0.95916476,1.57149923
1437624000,0.95916476,1.57149923
1437638400,0.95055059,1.57157109
1437652800,0.94439662,1.57416004
1437667200,0.97148047,1.57483238
1437681600,0.97148047,1.57617353
1437696000,0.97148047,1.57863579
1437710400,0.96694390,1.57863579
1437724800,0.93385588,1.58463612
1437739200,0.92714878,1.58959528
1437753600,0.90926862,1.58949549
1437768000,0.91058418,1.59340348
1437782400,0.91058418,1.59730190
1437796800,0.91417278,1.62358069
1437811200,0.90467662,1.65217589
1437825600,0.90891692,1.67244157
1437840000,0.89975491,1.67356430
1437854400,0.90604515,1.67541133
1437868800,0.91190913,1.67410011
1437883200,0.91968193,1.67410011
1437897600,0.91590091,1.67201855
1437912000,0.92539310,1.67206207
1437926400,0.91951255,1.67410835
1437940800,0.93235341,1.68195995
1437955200,0.93235341,1.68252839
1437969600,0.95422587,1.68641219
1437984000,0.95422587,1.68657441
1437998400,0.96764216,1.68684902
1438012800,0.93452660,1.68640142
1438027200,0.93070280,1.68339988
1438041600,0.93394785,1.68329159
1438056000,0.94121100,1.68339461
1438070400,0.93425528,1.68600237
1438084800,0.94149610,1.68601125
1438099200,0.94234525,1.68546177
1438113600,0.94324046,1.68637272
1438128000,0.95134378,1.68799190
1438142400,0.95180117,1.68799190
1438156800,0.93948886,1.68737390
1438171200,0.94136318,1.68870873
1438185600,0.93358548,1.68977578
1438200000,0.92638810,1.69029218
1438214400,0.91779459,1.69016480
1438228800,0.92770405,1.69039816
1438243200,0.92450146,1.68658338
1438257600,0.93777872,1.69149700
1438272000,0.93434951,1.69148043
1438286400,0.93872650,1.70037231
1438300800,0.93872650,1.70037231
1438315200,0.96313278,1.70905942
1438329600,0.96562507,1.71462989
1438344000,0.95419510,1.71587527
1438358400,0.94105894,1.73038673
1438372800,0.94700716,1.73761301
1438387200,0.94824443,1.73761304
1438401600,0.93871216,1.73880141
1438416000,0.94108114,1.75125272
1438430400,0.94307046,1.75155827
1438444800,0.92069640,1.75080133
1438459200,0.93121422,1.75087811
1438473600,0.85336314,1.75111366
1438488000,0.84490293,1.75115482
1438502400,0.84626758,1.75192449
1438516800,0.85683960,1.75274495
1438531200,0.83270915,1.75225595
1438545600,0.83707793,1.75201040
1438560000,0.77544761,1.75196183
1438574400,0.78572568,1.75216643
1438588800,0.78524316,1.75220244
1438603200,0.78860733,1.75690597
1438617600,0.80136720,1.75690295
1438632000,0.80422812,1.76011490
1438646400,0.80422812,1.76108630
1438660800,0.80422812,1.76108630
1438675200,0.81781260,1.76108630
1438689600,0.82396922,1.75898119
1438704000,0.83856596,1.75943649
1438718400,0.84167426,1.75767518
1438732800,0.85158356,1.75763683
1438747200,0.85991271,1.75763683
1438761600,0.85576402,1.75763683
1438776000,0.85577525,1.75763683
1438790400,0.85640583,1.75781702
1438804800,0.86800381,1.75807886
1438819200,0.85869266,1.75547884
1438833600,0.86616752,1.75481770
1438848000,0.86615182,1.75469784
1438862400,0.86910123,1.75573865
1438876800,0.88217528,1.75597852
1438891200,0.87814362,1.75595487
1438905600,0.88726554,1.75918921
1438920000,0.87421442,1.75732382
1438934400,0.88364614,1.75731154
1438948800,0.89373506,1.75828009
1438963200,0.89378198,1.75828009
1438977600,0.89331017,1.75829905
1438992000,0.88471330,1.75714636
1439006400,0.87706077,1.75485645
1439020800,0.88941651,1.75171725
1439035200,0.92991209,1.73676237
1439049600,0.94041029,1.73852454
1439064000,0.94523825,1.74048716
1439078400,0.95076397,1.73998501
1439092800,0.96589289,1.73998359
1439107200,0.97274235,1.74009786
1439121600,0.97659237,1.74009786
1439136000,0.95909213,1.73949074
1439150400,0.96762878,1.74022449
1439164800,0.97501230,1.74022478
1439179200,0.97429118,1.74022478
1439193600,0.93796673,1.74022478
1439208000,0.91900860,1.73801797
1439222400,0.92135183,1.73840887
1439236800,0.93305260,1.73943804
1439251200,0.93293416,1.73959385
1439265600,0.91971642,1.73952652
1439280000,0.93764709,1.73952652
1439294400,0.92072994,1.73963405
1439308800,0.93497735,1.74216411
1439323200,0.91639835,1.74304423
1439337600,0.91372563,1.74113376
1439352000,0.88746501,1.74199187
1439366400,0.87937110,1.73819619
1439380800,0.88168047,1.74226706
1439395200,0.89805308,1.74243207
1439409600,0.88675806,1.74076123
1439424000,0.90267573,1.74076123
1439438400,0.89577920,1.74121436
1439452800,0.89775780,1.74267354
1439467200,0.90576245,1.74333746
1439481600,0.90935959,1.74398222
1439496000,0.90146585,1.74424277
1439510400,0.91549528,1.74424277
1439524800,0.89667953,1.74417805
1439539200,0.90029872,1.74548397
1439553600,0.89277547,1.74482503
1439568000,0.90801230,1.74646606
1439582400,0.89538220,1.74641787
1439596800,0.90005393,1.74636842
1439611200,0.90090174,1.75003467
1439625600,0.90643218,1.75369326
1439640000,0.89833177,1.75734423
1439654400,0.87636328,1.75688170
1439668800,0.87466457,1.75716896
1439683200,0.85649626,1.75716896
1439697600,0.82896515,1.75714628
1439712000,0.82607313,1.75699486
1439726400,0.81903943,1.75802834
1439740800,0.81551862,1.75743422
1439755200,0.82458994,1.75554210
1439769600,0.83518688,1.75555376
1439784000,0.83260631,1.75553733
1439798400,0.83769117,1.75563727
1439812800,0.83490909,1.75595705
1439827200,0.83473411,1.75422000
1439841600,0.83910869,1.75416251
1439856000,0.83794332,1.75403266
1439870400,0.83360833,1.75343741
1439884800,0.84680399,1.75410810
1439899200,0.83975420,1.75436759
1439913600,0.84340809,1.75264839
1439928000,0.89855663,1.26115753
1439942400,0.90557231,1.04273072
1439956800,0.91268670,1.04082967
1439971200,0.91550795,1.04310115
1439985600,0.92067911,1.04309417
1440000000,0.91299918,1.03166188
1440014400,0.91596267,1.01547710
1440028800,0.92268999,1.01745520
1440043200,0.92525149,1.01733931
1440057600,0.91755919,1.01026777
1440072000,0.92066366,1.00853705
1440086400,0.92000094,1.00437962
1440100800,0.91971408,0.99997068
1440115200,0.92092060,0.99883598
1440129600,0.92376355,0.99820406
1440144000,0.92449581,0.99775462
1440158400,0.92232933,0.99695228
1440172800,0.91833049,0.98538791
1440187200,0.91950380,0.97985839
1440201600,0.92720061,0.98001988
1440216000,0.93396077,0.98028945
1440230400,0.92675077,0.98129534
1440244800,0.89853346,0.97722970
1440259200,0.87558716,0.97614584
1440273600,0.87322704,0.97397883
1440288000,0.87220898,0.96998288
1440302400,0.88526199,0.96998288
1440316800,0.86897262,0.95886672
1440331200,0.86690687,0.95081362
1440345600,0.87383304,0.95066072
1440360000,0.86874761,0.94409611
1440374400,0.86820601,0.94188421
1440388800,0.87187160,0.89840182
1440403200,0.87683996,0.84688508
1440417600,0.88018953,0.80899259
1440432000,0.88499834,0.80620542
1440446400,0.88471711,0.80235996
1440460800,0.88477894,0.79676945
1440475200,0.89937475,0.79701803
1440489600,0.89396883,0.79706751
1440504000,0.89378312,0.79698209
1440518400,0.88724668,0.79875285
1440532800,0.88531522,0.78209036
1440547200,0.88995333,0.78086672
1440561600,0.88635090,0.77393761
1440576000,0.89187262,0.77358403
1440590400,0.89097432,0.77752389
1440604800,0.90147818,0.77757438
1440619200,0.90166600,0.78264463
1440633600,0.91459748,0.78688502
1440648000,0.90396068,0.78666460
1440662400,0.88970185,0.78516808
1440676800,0.90548347,0.78514901
1440691200,0.90267190,0.78829771
1440705600,0.89157025,0.78574190
1440720000,0.88992129,0.78225738
1440734400,0.91066774,0.78225738
1440748800,0.91088010,0.78225738
1440763200,0.89009600,0.77803222
1440777600,0.89193377,0.77570254
1440792000,0.89260600,0.77353947
1440806400,0.91030635,0.77353947
1440820800,0.89689935,0.77989872
1440835200,0.91205209,0.78003479
1440849600,0.88697194,0.77135150
1440864000,0.90976119,0.77135150
1440878400,0.88253592,0.76053316
1440892800,0.90676949,0.76074569
1440907200,0.88114413,0.74587449
1440921600,0.88220615,0.73896853
1440936000,0.88674270,0.73636997
1440950400,0.87782926,0.70200555
1440964800,0.87927542,0.68392479
1440979200,0.90364741,0.68951215
1440993600,0.88641744,0.68784137
1441008000,0.87777776,0.67200693
1441022400,0.89017399,0.68005830
1441036800,0.90593223,0.68311621
1441051200,0.89590580,0.68354333
1441065600,0.89325638,0.68547287
1441080000,0.90573311,0.68542905
1441094400,0.89642333,0.68800304
1441108800,0.89497938,0.68591016
1441123200,0.89884189,0.69227906
1441137600,0.90841069,0.69226223
1441152000,0.90223079,0.69699955
1441166400,0.90055015,0.69658496
1441180800,0.90776438,0.69649438
1441195200,0.88704975,0.68282871
1441209600,0.90981417,0.68787504
1441224000,0.88756847,0.68023089
1441238400,0.89093105,0.67814378
1441252800,0.90874034,0.67925081
1441267200,0.91106561,0.68064393
1441281600,0.89503905,0.67928402
1441296000,0.89770498,0.68059098
1441310400,0.90489821,0.68424885
1441324800,0.91509486,0.68781149
1441339200,0.91523017,0.69135577
1441353600,0.78852222,0.69398959
1441368000,0.77750317,0.69398959
1441382400,0.79564884,0.69332599
1441396800,0.80195744,0.69527817
1441411200,0.79752629,0.69788476
1441425600,0.80654279,0.70031807
1441440000,0.81360312,0.70091334
1441454400,0.81363216,0.69750041
1441468800,0.81634740,0.69741308
1441483200,0.81326892,0.69741310
1441497600,0.81161628,0.68927819
1441512000,0.81094655,0.69103780
1441526400,0.82035456,0.69257059
1441540800,0.82377158,0.71138598
1441555200,0.81998822,0.71154370
1441569600,0.81777574,0.71736161
1441584000,0.81715534,0.71736161
1441598400,0.81965231,0.71736161
1441612800,0.79674493,0.71936125
1441627200,0.82092779,0.71408393
1441641600,0.80903553,0.70349918
1441656000,0.80199919,0.69302768
1441670400,0.80905207,0.69529631
1441684800,0.81950881,0.69529632
1441699200,0.83064640,0.69500851
1441713600,0.82458138,0.69843202
1441728000,0.80479809,0.70188065
1441742400,0.82696142,0.70312678
1441756800,0.82327852,0.70312604
1441771200,0.82607631,0.70313195
1441785600,0.82934335,0.70337641
1441800000,0.83825705,0.70322442
1441814400,0.83834790,0.70139808
1441828800,0.84054158,0.69973214
1441843200,0.84430287,0.69972135
1441857600,0.84862078,0.69876637
1441872000,0.84438639,0.69876785
1441886400,0.84034419,0.69237316
1441900800,0.83380800,0.68597957
1441915200,0.82644338,0.67778571
1441929600,0.83119495,0.67951585
1441944000,0.84432972,0.67897362
1441958400,0.83179062,0.67137460
1441972800,0.80259121,0.65336002
1441987200,0.81984871,0.65640178
1442001600,0.83054071,0.65634965
1442016000,0.83443556,0.65634967
1442030400,0.84389813,0.65810000
1442044800,0.83049018,0.65356692
1442059200,0.83649085,0.65193571
1442073600,0.85031261,0.65014327
1442088000,0.85708958,0.64834588
1442102400,0.83086716,0.65042500
1442116800,0.85609042,0.64947894
1442131200,0.85886537,0.64796220
1442145600,0.82845011,0.65005363
1442160000,0.86094049,0.64585461
1442174400,0.86091171,0.64560520
1442188800,0.84183390,0.64615214
1442203200,0.85544691,0.63770733
1442217600,0.84568428,0.62913935
1442232000,0.83695249,0.61900035
1442246400,0.84357115,0.61995799
1442260800,0.86472011,0.61667394
1442275200,0.83670428,0.61689457
1442289600,0.83724641,0.62626868
1442304000,0.83395355,0.62753164
1442318400,0.86084125,0.62463049
1442332800,0.81950193,0.62477860
1442347200,0.82683088,0.62551196
1442361600,0.84568211,0.62951595
1442376000,0.83744842,0.63392240
1442390400,0.82225257,0.63368262
1442404800,0.85358736,0.63281013
1442419200,0.82901208,0.63281332
1442433600,0.83274347,0.63764830
1442448000,0.83677978,0.64009529
1442462400,0.86566022,0.64858722
1442476800,0.87931933,0.64680208
1442491200,0.88670635,0.64556248
1442505600,0.86085082,0.64671282
1442520000,0.88015212,0.65123966
1442534400,0.87329157,0.65437850
1442548800,0.89699324,0.65418553
1442563200,0.89200254,0.65102683
1442577600,0.88725968,0.65420165
1442592000,0.90480606,0.65260029
1442606400,0.88969305,0.66319386
1442620800,1.01247134,0.66880236
1442635200,1.03579750,0.67604116
1442649600,1.05498023,0.67642906
1442664000,1.06799221,0.67868581
1442678400,1.09074355,0.68085101
1442692800,1.01806209,0.68335224
1442707200,1.08670506,0.68190445
1442721600,1.06154536,0.68492642
1442736000,1.07167082,0.68590356
1442750400,1.11175115,0.68544323
1442764800,1.08641767,0.68917988
1442779200,1.08115891,0.68991355
1442793600,1.11844682,0.69623963
1442808000,1.12584314,0.69589053
1442822400,1.13222929,0.69587384
1442836800,1.11748423,0.69617009
1442851200,1.09138263,0.70108914
1442865600,1.09725298,0.70109941
1442880000,1.09924829,0.70109941
1442894400,1.05408263,0.70109941
1442908800,1.04529599,0.70199153
1442923200,1.11000215,0.70182626
1442937600,1.07655138,0.70357750
1442952000,1.08052133,0.70554880
1442966400,1.16026133,0.69968774
1442980800,1.15753518,0.69846169
1442995200,1.15538976,0.69558264
1443009600,1.15689858,0.69279042
1443024000,1.11632185,0.69333413
1443038400,1.11960682,0.69525197
1443052800,1.16994600,0.69441865
1443067200,1.15773607,0.69413333
1443081600,1.15125344,0.69501521
1443096000,1.15344109,0.69500848
1443110400,1.20115413,0.68892867
1443124800,1.16689678,0.68916975
1443139200,1.17513866,0.69248018
1443153600,1.23548762,0.69356703
1443168000,1.18935165,0.69356703
1443182400,1.20704024,0.68851020
1443196800,1.18894867,0.68855794
1443211200,1.20298384,0.68384466
1443225600,1.19354206,0.67933369
1443240000,1.15607879,0.68038779
1443254400,1.19884556,0.67756641
1443268800,1.15776117,0.68011482
1443283200,1.20264848,0.67646278
1443297600,1.15900811,0.67706163
1443312000,1.16586116,0.68610277
1443326400,1.15960629,0.68612128
1443340800,1.16936739,0.68699837
1443355200,1.07834104,0.68857392
1443369600,1.08009235,0.69020852
1443384000,1.08619059,0.69043085
1443398400,1.09277679,0.69101890
1443412800,1.20787861,0.68325705
1443427200,1.20253996,0.68320039
1443441600,1.22825346,0.68393888
1443456000,1.18626903,0.69288773
1443470400,1.18877289,0.68334535
1443484800,1.18205564,0.69232439
1443499200,1.19105418,0.68705469
1443513600,1.17003278,0.68060772
1443528000,1.17028105,0.68503764
1443542400,1.18217924,0.68452611
1443556800,1.15039214,0.68452460
1443571200,1.18835472,0.67979698
1443585600,1.17779902,0.68083996
1443600000,1.13059932,0.66456119
1443614400,1.12576190,0.65732183
1443628800,1.13997371,0.65723669
1443643200,1.15411697,0.65799184
1443657600,1.17624895,0.65535389
1443672000,1.14646045,0.65528672
1443686400,1.16264233,0.65051460
1443700800,1.11672602,0.65085898
1443715200,1.16436786,0.66514846
1443729600,1.11606354,0.66630106
1443744000,1.17305504,0.66767263
1443758400,1.15315621,0.66808590
1443772800,1.13738895,0.67137643
1443787200,1.13576549,0.67137484
1443801600,1.18521631,0.66807827
1443816000,1.17066310,0.66745044
1443830400,1.18080339,0.67024937
1443844800,1.19696409,0.67443313
1443859200,1.20372072,0.69096305
1443873600,1.13911872,0.69102636
1443888000,1.20321018,0.69954469
1443902400,1.19820655,0.71691488
1443916800,1.19498302,0.71355759
1443931200,1.19196343,0.71171638
1443945600,1.19473694,0.70964011
1443960000,1.14772170,0.71948746
1443974400,1.15600684,0.72151476
1443988800,1.20667999,0.73127444
1444003200,1.19695988,0.80094823
1444017600,1.19221494,0.80270516
1444032000,1.19504629,0.84294078
1444046400,1.14977046,0.86533164
1444060800,1.20410459,0.87387527
1444075200,1.15788105,1.01033486
1444089600,1.18325513,1.01868821
1444104000,1.19946601,1.02406610
1444118400,1.20660564,1.02924207
1444132800,1.11991244,1.01466122
1444147200,1.12720954,1.02516016
1444161600,1.15454741,1.03082866
1444176000,1.11310985,1.03825431
1444190400,1.13389571,1.04182507
1444204800,1.16952305,1.04067968
1444219200,1.17413458,1.04747439
1444233600,1.11297000,1.05109394
1444248000,1.16319727,1.05628887
1444262400,1.19034453,1.05590642
1444276800,1.13398808,1.06391344
1444291200,1.12879554,1.06713920
1444305600,1.19352310,1.07757839
1444320000,1.19273550,1.07722969
1444334400,1.18988204,1.07610198
1444348800,1.14911803,1.07794131
1444363200,1.17399128,1.07933716
1444377600,1.20746746,1.07930781
1444392000,1.16356096,1.08218320
1444406400,1.18908821,1.08137997
1444420800,1.19996272,1.08849388
1444435200,1.20366781,1.08829253
1444449600,1.16429266,1.09033715
1444464000,1.17554948,1.11466018
1444478400,1.16184225,1.11501860
1444492800,1.13811797,1.11521143
1444507200,1.12874435,1.11533558
1444521600,1.22908304,1.11443980
1444536000,1.23780163,1.11342979
1444550400,1.19162105,1.11387773
1444564800,1.19971059,1.13545166
1444579200,1.25432300,1.13348457
1444593600,1.21951484,1.15459351
1444608000,1.20297138,1.16913167
1444622400,1.25671599,1.16737334
1444636800,1.21129691,1.16917663
1444651200,1.24380778,1.18058626
1444665600,1.22133136,1.18065100
1444680000,1.22977222,1.18120520
1444694400,1.25989728,1.19258859
1444708800,1.20952522,1.19333756
1444723200,1.27428840,1.19383364
1444737600,1.27578813,1.19343323
1444752000,1.27096693,1.19704063
1444766400,1.26988551,1.20470485
1444780800,1.28985217,1.20449205
1444795200,1.28574765,1.20632444
1444809600,1.27571636,1.20551532
1444824000,1.26531747,1.20744580
1444838400,1.29040844,1.21053977
1444852800,1.28921595,1.21578323
1444867200,1.28113362,1.21585014
1444881600,1.24230470,1.21144572
1444896000,1.25731685,1.21143698
1444910400,1.22441897,1.21143698
1444924800,1.28273018,1.21136060
1444939200,1.30596295,1.21171730
1444953600,1.26937260,1.20962223
1444968000,1.25448076,1.20731879
1444982400,1.24430182,1.20947965
1444996800,1.25700936,1.21740287
1445011200,1.26157593,1.21783362
1445025600,1.27126826,1.21652758
1445040000,1.25734749,1.21524184
1445054400,1.21715839,1.21076582
1445068800,1.21263343,1.21393678
1445083200,1.23981481,1.21650158
1445097600,1.27137569,1.21971252
1445112000,1.25070021,1.21746092
1445126400,1.22738865,1.21649094
1445140800,1.22094595,1.21427781
1445155200,1.23016969,1.21334524
1445169600,1.23123799,1.21159101
1445184000,1.23028571,1.21404231
1445198400,1.17857567,1.20986898
1445212800,1.15271615,1.20561829
1445227200,1.14768607,1.20212133
1445241600,1.16207741,1.20251737
1445256000,1.18876471,1.20122185
1445270400,1.18549916,1.20078683
1445284800,1.17937616,1.19960623
1445299200,1.14746175,1.19982963
1445313600,1.18598701,1.19828638
1445328000,1.18654548,1.19788894
1445342400,1.19098553,1.19979333
1445356800,1.18619391,1.19766199
1445371200,1.19237773,1.19742628
1445385600,1.17394454,1.19747499
1445400000,1.15849535,1.19750706
1445414400,1.20012164,1.19899297
1445428800,1.19554236,1.19917137
1445443200,1.19285339,1.19844800
1445457600,1.14875999,1.19974249
1445472000,1.15419876,1.19974646
1445486400,1.16022903,1.19999582
1445500800,1.21457769,1.20013696
1445515200,1.15613716,1.20009330
1445529600,1.20002768,1.19910368
1445544000,1.20873054,1.19798098
1445558400,1.18655432,1.19848189
1445572800,1.22108775,1.19784616
1445587200,1.22131086,1.19817000
1445601600,1.22395320,1.19786743
1445616000,1.21971284,1.19758273
1445630400,1.23074062,1.19857811
1445644800,1.19972707,1.20037778
1445659200,1.18441851,1.20166435
1445673600,1.22614116,1.20269888
1445688000,1.18235323,1.20687611
1445702400,1.21811801,1.20699669
1445716800,1.21663167,1.20803616
1445731200,1.23408891,1.20690153
1445745600,1.22878456,1.20531905
1445760000,1.19268356,1.20590766
1445774400,1.22338608,1.20593449
1445788800,1.24184847,1.20587467
1445803200,1.24470199,1.20571352
1445817600,1.21123211,1.20697070
1445832000,1.23345133,1.20638724
1445846400,1.24363752,1.20521620
1445860800,1.24415801,1.20397218
1445875200,1.23029260,1.20431889
1445889600,1.25696085,1.20401348
1445904000,1.21220395,1.20056202
1445918400,1.19744771,1.20073507
1445932800,1.23968633,1.21119678
1445947200,1.25061819,1.21030178
1445961600,1.25317744,1.20953284
1445976000,1.21649570,1.20958302
1445990400,1.23647102,1.20942720
1446004800,1.19772760,1.21215826
1446019200,1.22081816,1.21535405
1446033600,1.23292082,1.21499032
1446048000,1.19774878,1.20996565
1446062400,1.20894359,1.21015055
1446076800,1.18649716,1.20494123
1446091200,1.16164748,1.20497967
1446105600,1.18427213,1.20513472
1446120000,1.20663986,1.20279427
1446134400,1.19231775,1.20303861
1446148800,1.15613991,1.20354512
1446163200,1.21757593,1.20444918
1446177600,1.22377532,1.20348253
1446192000,1.17392482,1.20422553
1446206400,1.22242298,1.20418061
1446220800,1.22416243,1.20336740
1446235200,1.22714584,1.20776364
1446249600,1.18487792,1.20776320
1446264000,1.19753806,1.20780647
1446278400,1.19759283,1.20865112
1446292800,1.21809786,1.20859166
1446307200,1.13873871,1.19692785
1446321600,1.17236470,1.19646495
1446336000,1.17653513,1.19485729
1446350400,1.19214250,1.19489673
1446364800,1.20788993,1.20151235
1446379200,1.14381009,1.20246819
1446393600,1.16140084,1.20427797
1446408000,1.12730469,1.20650851
1446422400,1.15928749,1.20901776
1446436800,1.14184611,1.20685918
1446451200,1.07574399,1.19702660
1446465600,1.09317292,1.20196341
1446480000,1.08748810,1.19669834
1446494400,1.03181944,1.18501287
1446508800,1.04939637,1.18507185
1446523200,1.08082562,1.18477651
1446537600,1.09630389,1.18711145
1446552000,1.07212914,1.18132907
1446566400,1.06654263,1.18326793
1446580800,1.04583085,1.17571800
1446595200,0.89557863,1.12892551
1446609600,0.93862942,1.12654772
1446624000,0.89475724,1.09517413
1446638400,0.89715710,1.07760560
1446652800,0.91517756,1.07035236
1446667200,0.77036527,0.94540102
1446681600,0.80837525,0.93731548
1446696000,0.83298823,0.93013213
1446710400,0.85043264,0.92782665
1446724800,0.84635045,0.92799899
1446739200,0.84877556,0.91744237
1446753600,0.85168743,0.90908023
1446768000,0.85775046,0.90660561
1446782400,0.86605757,0.90319155
1446796800,0.87096176,0.90571156
1446811200,0.87922032,0.89713376
1446825600,0.88145203,0.89500687
1446840000,0.88365919,0.89286328
1446854400,0.88817535,0.89485576
1446868800,0.89410570,0.88601537
1446883200,0.89491663,0.88321873
1446897600,0.88751511,0.86810471
1446912000,0.89406633,0.86614862
1446926400,0.90376586,0.86648328
1446940800,0.90912810,0.86419400
1446955200,0.91369194,0.86257704
1446969600,0.89281786,0.86493299
1446984000,0.90890270,0.86135854
1446998400,0.88613310,0.86199775
1447012800,0.91527131,0.87199656
1447027200,0.90479314,0.87220639
1447041600,0.92940522,0.87012318
1447056000,0.89103896,0.84723611
1447070400,0.90282342,0.84994087
1447084800,0.91279800,0.85387620
1447099200,0.92420843,0.86162156
1447113600,0.93964705,0.86141770
1447128000,0.86805994,0.86285962
1447142400,0.89402673,0.86264516
1447156800,0.88960517,0.83611336
1447171200,0.90239423,0.83673551
1447185600,0.88156569,0.81091240
1447200000,0.87667530,0.78984141
1447214400,0.89506053,0.78954224
1447228800,0.90973489,0.78940857
1447243200,0.89694055,0.77210855
1447257600,0.89353252,0.77784368
1447272000,0.90265210,0.77874697
1447286400,0.89103047,0.76648556
1447300800,0.90397997,0.83273376
1447315200,0.90746081,0.83043703
1447329600,0.91662504,0.82983889
1447344000,0.92156662,0.82451175
1447358400,0.90068751,0.81512834
1447372800,0.90412433,0.81501690
1447387200,0.92035148,0.81152513
1447401600,0.91087733,0.81325297
1447416000,0.93049250,0.81109278
1447430400,0.91854822,0.80777327
1447444800,0.91897176,0.80517668
1447459200,0.92015998,0.80494703
1447473600,0.93399308,0.80499144
1447488000,0.93983790,0.80713903
1447502400,0.91761198,0.80743782
1447516800,0.89122158,0.80743903
1447531200,0.92258831,0.80724792
1447545600,0.90415525,0.81532426
1447560000,0.89519627,0.81607648
1447574400,0.94138451,0.81316729
1447588800,0.93751535,0.80139578
1447603200,0.94618766,0.80146811
1447617600,0.95854686,0.80199256
1447632000,0.94483980,0.81329756
1447646400,0.96688762,0.81532458
1447660800,0.95022992,0.81064798
1447675200,0.95407844,0.80691580
1447689600,0.95283183,0.80283768
1447704000,0.95727209,0.80341748
1447718400,0.97025152,0.80247852
1447732800,0.96795861,0.80375955
1447747200,0.96554264,0.80341188
1447761600,0.92712192,0.80344808
1447776000,0.96206280,0.79882302
1447790400,0.96582899,0.79647472
1447804800,0.97188696,0.79585956
1447819200,0.97747733,0.79679259
1447833600,0.97722038,0.79960449
1447848000,0.94843319,0.80058032
1447862400,0.96469159,0.79946928
1447876800,0.95910589,0.79947863
1447891200,0.96059622,0.79911683
1447905600,0.95865182,0.79884797
1447920000,0.96443882,0.79860605
1447934400,0.97751994,0.79652118
1447948800,0.96617998,0.79821149
1447963200,0.97947145,0.79793130
1447977600,0.99110615,0.79262594
1447992000,0.98674334,0.79255070
1448006400,0.99310283,0.78896025
1448020800,0.99591813,0.78881712
1448035200,1.00206371,0.79141441
1448049600,0.99425971,0.78977711
1448064000,0.98388672,0.79005691
1448078400,0.99219667,0.79041586
1448092800,0.99817075,0.79498552
1448107200,0.97415838,0.79536157
1448121600,0.96279091,0.79531844
1448136000,0.96760741,0.79527366
1448150400,0.98219713,0.79449917
1448164800,0.98131787,0.79396484
1448179200,0.99147235,0.79308731
1448193600,0.98288623,0.79321349
1448208000,0.98917543,0.79316831
1448222400,1.00896243,0.78998053
1448236800,1.01208485,0.78722863
1448251200,1.01475336,0.78526334
1448265600,1.01997795,0.78313377
1448280000,1.01706666,0.77668101
1448294400,1.01784042,0.77617326
1448308800,1.02023082,0.77524726
1448323200,1.02168947,0.77479850
1448337600,1.00350327,0.77617565
1448352000,1.00715541,0.77526084
1448366400,0.99833525,0.77579711
1448380800,0.97767264,0.77584017
1448395200,0.99082555,0.77516089
1448409600,1.00988098,0.77320402
1448424000,0.99408708,0.77351706
1448438400,0.99256310,0.77355246
1448452800,1.01301790,0.77325410
1448467200,1.01584751,0.77284546
1448481600,0.98291668,0.77375232
1448496000,1.01850355,0.77257885
1448510400,1.01832081,0.77270180
1448524800,1.00664169,0.77167838
1448539200,1.00248496,0.77223371
1448553600,1.05390046,0.77306357
1448568000,1.06006235,0.77440733
1448582400,1.06723138,0.77540322
1448596800,1.02570419,0.77467268
1448611200,1.03439905,0.77505338
1448625600,1.04224937,0.77368780
1448640000,1.04211249,0.77381432
1448654400,1.05673307,0.77361951
1448668800,1.04222501,0.77761818
1448683200,1.01816073,0.77837527
1448697600,0.99776364,0.77925681
1448712000,1.01331216,0.78123110
1448726400,1.01180989,0.78227401
1448740800,1.02887347,0.78274254
1448755200,1.04706591,0.78058432
1448769600,1.05162314,0.77989052
1448784000,1.05760557,0.77890960
1448798400,1.06279924,0.78340961
1448812800,1.06591191,0.78730634
1448827200,1.05441958,0.77941812
1448841600,1.04236348,0.78061855
1448856000,1.06211745,0.78149489
1448870400,1.07442819,0.78064895
1448884800,1.07053712,0.78383644
1448899200,1.02446229,0.78388006
1448913600,1.03484670,0.78364350
1448928000,1.05844350,0.78291260
1448942400,1.05353032,0.78243728
1448956800,1.04442994,0.76939610
1448971200,1.05914832,0.76920893
1448985600,1.06363519,0.76575997
1449000000,1.06616269,0.76257096
1449014400,1.05925505,0.75578866
1449028800,1.05334448,0.75458903
1449043200,1.06062279,0.75404675
1449057600,1.04862880,0.74620842
1449072000,1.05273694,0.74470884
1449086400,1.04954864,0.74515441
1449100800,1.04955940,0.74557675
1449115200,1.06287599,0.74456033
1449129600,1.04483368,0.74036434
1449144000,1.04308379,0.74010911
1449158400,1.05080731,0.73502376
1449172800,1.03835488,0.73600010
1449187200,1.06922111,0.73609900
1449201600,1.06100504,0.73630781
1449216000,1.06053685,0.73892618
1449230400,1.03241433,0.73887398
1449244800,1.02859574,0.73887398
1449259200,1.05677188,0.73534710
1449273600,1.12938628,0.73414463
1449288000,1.10633761,0.73612166
1449302400,1.14081868,0.73187768
1449316800,1.16033311,0.73348047
1449331200,1.17451877,0.73352339
1449345600,1.16806678,0.73042560
1449360000,1.15226464,0.72365702
1449374400,1.16921190,0.72432899
1449388800,1.17935324,0.72085158
1449403200,1.19542390,0.71946982
1449417600,1.19285944,0.71693027
1449432000,1.15552210,0.71183561
1449446400,1.15924478,0.70793884
1449460800,1.17628358,0.70707451
1449475200,1.19516149,0.70571815
1449489600,1.20141798,0.70594134
1449504000,1.19628108,0.70545720
1449518400,1.18030911,0.70432245
1449532800,1.14028531,0.71051159
1449547200,1.17800167,0.71305730
1449561600,1.19448524,0.71000021
1449576000,1.18328827,0.71259858
1449590400,1.21192426,0.71282526
1449604800,1.05800077,0.69192492
1449619200,1.11838627,0.69306367
1449633600,1.16960685,0.69246878
1449648000,1.12910086,0.68220029
1449662400,1.15039487,0.67828273
1449676800,1.11887661,0.67459274
1449691200,1.09562894,0.66482514
1449705600,1.08851651,0.66512141
1449720000,1.15027116,0.66333400
1449734400,1.15971156,0.66336529
1449748800,1.16657728,0.66081098
1449763200,1.13474769,0.66025533
1449777600,1.14410438,0.65616426
1449792000,1.13212399,0.65639654
1449806400,1.13376711,0.65680853
1449820800,1.17205142,0.65543252
1449835200,1.13558560,0.65543252
1449849600,1.14712548,0.64964735
1449864000,1.17002246,0.64822792
1449878400,1.14506002,0.64099199
1449892800,0.88715059,0.55687015
1449907200,0.93968989,0.55707006
1449921600,1.02488027,0.55649553
1449936000,1.05562901,0.55643402
1449950400,1.10581851,0.55355368
1449964800,0.95798588,0.55358936
1449979200,1.01903853,0.55294344
1449993600,1.01323970,0.55069773
1450008000,1.02273840,0.54958112
1450022400,1.02290322,0.54644756
1450036800,1.02868676,0.54601516
1450051200,1.01573387,0.54698162
1450065600,1.02346503,0.54624680
1450080000,1.02723332,0.54255866
1450094400,1.02306735,0.54378967
1450108800,1.00267339,0.54767773
1450123200,1.01728276,0.54726843
1450137600,1.02664052,0.53515973
1450152000,1.01698143,0.53655570
1450166400,1.02120232,0.53883516
1450180800,1.02123633,0.53947031
1450195200,1.03302949,0.53852264
1450209600,1.18243970,0.53532339
1450224000,1.15769510,0.52350408
1450238400,1.14823599,0.53355881
1450252800,1.13799312,0.53380377
1450267200,1.14554782,0.55870796
1450281600,1.14664348,0.56231654
1450296000,1.12919223,0.63500577
1450310400,1.12210127,0.63515735
1450324800,1.13198213,0.63484209
1450339200,1.12089768,0.64416081
1450353600,1.14230218,0.64418335
1450368000,1.14820103,0.65097381
1450382400,1.14246957,0.65335437
1450396800,1.15342389,0.65287842
1450411200,1.15915226,0.65655439
1450425600,1.15637911,0.65243711
1450440000,1.15236937,0.65508402
1450454400,1.18248662,0.65868813
1450468800,1.18372639,0.66739545
1450483200,1.16779952,0.67490370
1450497600,1.15358078,0.67782580
1450512000,1.14671385,0.69130770
1450526400,1.18110793,0.70248473
1450540800,1.24987876,0.71544110
1450555200,1.25110353,0.71566598
1450569600,1.26502505,0.71640581
1450584000,1.25009643,0.71805496
1450598400,1.26624943,0.71909372
1450612800,1.26801201,0.71854013
1450627200,1.25218918,0.71435024
1450641600,1.25375976,0.71411362
1450656000,1.25156540,0.71380467
1450670400,1.25057278,0.71978764
1450684800,1.23204198,0.71365158
1450699200,1.21400330,0.73872649
1450713600,1.24911268,0.74187576
1450728000,1.26215409,0.75878973
1450742400,1.26712288,0.75906269
1450756800,1.21409141,0.76026728
1450771200,1.19219582,0.76046592
1450785600,1.21440771,0.76041674
1450800000,1.21362498,0.76308774
1450814400,1.22028709,0.76309888
1450828800,1.19885792,0.76327746
1450843200,1.20016028,0.76372353
1450857600,1.23400902,0.76938758
1450872000,1.23197155,0.77020675
1450886400,1.26647763,0.77161872
1450900800,1.28131229,0.77313332
1450915200,1.29260545,0.77917144
1450929600,1.29523658,0.77780693
1450944000,1.29933101,0.77795076
1450958400,1.31067000,0.78249689
1450972800,1.30927605,0.78601447
1450987200,1.30201121,0.78603163
1451001600,1.28883458,0.78575268
1451016000,1.30081017,0.78542848
1451030400,1.28460909,0.79125898
1451044800,1.28480887,0.79143081
1451059200,1.30262561,0.79237672
1451073600,1.31217870,0.79143813
1451088000,1.31730594,0.79013232
1451102400,1.32932801,0.79107771
1451116800,1.19990907,0.78088322
1451131200,1.25561290,0.78123090
1451145600,1.28033834,0.78773518
1451160000,1.28829667,0.78667070
1451174400,1.29820754,0.78586121
1451188800,1.24670829,0.78457448
1451203200,1.22809301,0.78080769
1451217600,1.25947540,0.78117230
1451232000,1.27671686,0.78134694
1451246400,1.28913833,0.78528654
1451260800,1.25749146,0.78339445
1451275200,1.25589062,0.78560229
1451289600,1.26648105,0.78544288
1451304000,1.26582580,0.78298538
1451318400,1.27526092,0.78162253
1451332800,1.26970483,0.78129336
1451347200,1.27836164,0.78943304
1451361600,1.28325927,0.79138744
1451376000,1.27997622,0.79136495
1451390400,1.24519551,0.78567601
1451404800,1.23035722,0.78042773
1451419200,1.26074240,0.78085931
1451433600,1.23769529,0.78322330
1451448000,1.25076609,0.78336888
1451462400,1.23368909,0.78528021
1451476800,1.19098060,0.78277069
1451491200,1.21312551,0.78256054
1451505600,1.21620006,0.78252680
1451520000,1.21920228,0.78017024
1451534400,1.22889764,0.78101031
1451548800,1.19739542,0.78255660
1451563200,1.21652760,0.78130942
1451577600,1.22944005,0.78080109
1451592000,1.20737380,0.78048417
1451606400,1.21666136,0.78060803
1451620800,1.22837761,0.78054285
1451635200,1.19816429,0.78112805
1451649600,1.16464376,0.78105334
1451664000,1.16202166,0.78086469
1451678400,1.22325688,0.78676593
1451692800,1.24177587,0.78638166
1451707200,1.25281450,0.78744822
1451721600,1.25721791,0.79350114
1451736000,1.25830512,0.79368689
1451750400,1.19534812,0.79575795
1451764800,1.22079182,0.79485850
1451779200,1.25659299,0.79404321
1451793600,1.27474162,0.79343916
1451808000,1.27661838,0.79165237
1451822400,1.29209976,0.79172537
1451836800,1.29942690,0.79311663
1451851200,1.29551948,0.79369923
1451865600,1.28789197,0.79373384
1451880000,1.24779088,0.79251065
1451894400,1.27056763,0.79225986
1451908800,1.28279834,0.79082883
1451923200,1.29390897,0.79399980
1451937600,1.31231279,0.80577274
1451952000,1.30849472,0.80521834
1451966400,1.29608915,0.81102509
1451980800,1.28487000,0.81108181
1451995200,1.27093991,0.81501349
1452009600,1.28431131,0.81495031
1452024000,1.27136833,0.81942517
1452038400,1.20146637,0.82112119
1452052800,1.20406743,0.82146350
1452067200,1.21202417,0.82165523
1452081600,1.26451537,0.82115461
1452096000,1.26312698,0.82265890
1452110400,1.28880926,0.82385876
1452124800,1.28150395,0.81933786
1452139200,1.29986058,0.82019910
1452153600,1.20070771,0.82073066
1452168000,1.21375368,0.81882333
1452182400,1.23087535,0.82040280
1452196800,1.17584232,0.81861795
1452211200,1.17686642,0.81739949
1452225600,1.19082352,0.81779538
1452240000,1.19332011,0.81776014
1452254400,1.19117783,0.81774012
1452268800,1.14437432,0.81642887
1452283200,1.12428991,0.81629345
1452297600,1.15074957,0.81605208
1452312000,1.15766774,0.81616685
1452326400,1.17666118,0.81610655
1452340800,1.12598577,0.81649831
1452355200,1.12856460,0.81631149
1452369600,1.13395410,0.81713241
1452384000,1.15175874,0.81786839
1452398400,1.14766672,0.81756208
1452412800,1.18203385,0.81716413
1452427200,1.17967883,0.82019254
1452441600,1.20513623,0.81928257
1452456000,1.21697675,0.81882125
1452470400,1.22346249,0.81849655
1452484800,1.17871268,0.81435333
1452499200,1.22315473,0.81423596
1452513600,1.23953336,0.82124796
1452528000,1.24769300,0.83247063
1452542400,1.25071959,0.83245901
1452556800,1.05674743,0.83242801
1452571200,1.01160340,0.83316633
1452585600,1.09560191,0.83296118
1452600000,1.10844755,0.83293400
1452614400,1.12125057,0.83444859
1452628800,1.18661581,0.84053308
1452643200,1.24006816,0.84223783
1452657600,1.27234931,0.84235207
1452672000,1.28987432,0.84662320
1452686400,1.29207151,0.84740346
1452700800,1.20672558,0.86712400
1452715200,1.23228032,0.86658059
1452729600,1.24923455,0.86658013
1452744000,1.24999447,0.86739255
1452758400,1.23866854,0.86802244
1452772800,1.23106543,0.86859154
1452787200,1.24380791,0.86872645
1452801600,1.26571827,0.86851622
1452816000,1.20783764,0.86521668
1452830400,1.13732212,0.85813614
1452844800,1.20327260,0.85808940
1452859200,1.08673208,0.84267582
1452873600,1.01494339,0.83878189
1452888000,0.89322975,0.78644526
1452902400,0.93021282,0.78623035
1452916800,0.97142073,0.78473739
1452931200,0.97033420,0.77737066
1452945600,0.97790679,0.77761238
1452960000,0.93313381,0.77106476
1452974400,0.94903979,0.76911290
1452988800,0.95820163,0.76874873
1453003200,0.95146195,0.76412088
1453017600,0.96170050,0.76393562
1453032000,0.95682542,0.76072089
1453046400,0.96023861,0.75722153
1453060800,0.95929017,0.74939748
1453075200,0.95597186,0.74264276
1453089600,0.97025277,0.74040931
1453104000,0.95307596,0.72804811
1453118400,0.94583258,0.71655144
1453132800,0.93482827,0.70174970
1453147200,0.94650252,0.70303377
1453161600,0.96952559,0.70172840
1453176000,0.96850837,0.70128980
1453190400,0.95886516,0.70079003
1453204800,0.89218880,0.70080181
1453219200,0.93213711,0.69848672
1453233600,0.92468401,0.69876278
1453248000,0.90915260,0.70094723
1453262400,0.94387994,0.69778741
1453276800,0.94363543,0.69779113
1453291200,0.92292359,0.67072720
1453305600,0.94816768,0.66778559
1453320000,0.93511423,0.64897247
1453334400,0.94806567,0.64865310
1453348800,0.97205048,0.64815615
1453363200,0.95052068,0.65031945
1453377600,0.95514743,0.65038207
1453392000,0.91320717,0.65066394
1453406400,0.90336205,0.65094999
1453420800,0.90963554,0.65070560
1453435200,0.92129608,0.65027394
1453449600,0.94409100,0.64514116
1453464000,0.94232550,0.64766177
1453478400,0.95637990,0.64541461
1453492800,0.96439945,0.64491980
1453507200,0.96191441,0.63989863
1453521600,0.94129223,0.63994263
1453536000,0.96286969,0.64022029
1453550400,0.96624327,0.63396556
1453564800,0.96621763,0.62973851
1453579200,0.94040792,0.62992174
1453593600,0.88423925,0.63168480
1453608000,0.87938559,0.63209177
1453622400,0.88621557,0.63473921
1453636800,0.87147850,0.63452528
1453651200,0.89157014,0.63437760
1453665600,0.87407659,0.63457674
1453680000,0.89851408,0.63529663
1453694400,0.86757483,0.63716471
1453708800,0.88767062,0.63021117
1453723200,0.89346637,0.63026737
1453737600,0.89596274,0.62170362
1453752000,0.90815322,0.62141198
1453766400,0.91791681,0.62505618
1453780800,0.91057658,0.63899895
1453795200,0.91457091,0.63748943
1453809600,0.88867408,0.64251844
1453824000,0.89185244,0.64800131
1453838400,0.90166854,0.64365636
1453852800,0.90213444,0.64298712
1453867200,0.90444588,0.64066209
1453881600,0.91013403,0.64019869
1453896000,0.90796975,0.64069020
1453910400,0.89745777,0.64231750
1453924800,0.89994028,0.64564887
1453939200,0.88878908,0.63593787
1453953600,0.90116772,0.63471549
1453968000,0.90756523,0.63456856
1453982400,0.92065961,0.63440236
1453996800,0.90570228,0.63446800
1454011200,0.87933661,0.63443069
1454025600,0.88487399,0.63002615
1454040000,0.89571415,0.62906338
1454054400,0.90721526,0.62611445
1454068800,0.91579864,0.63201557
1454083200,0.89827953,0.63284065
1454097600,0.88412680,0.63325492
1454112000,0.88166401,0.63412552
1454126400,0.87515588,0.63337429
1454140800,0.88451856,0.63217474
1454155200,0.87836669,0.63257564
1454169600,0.90071183,0.63197197
1454184000,0.88772131,0.63316652
1454198400,0.89555694,0.63295702
1454212800,0.83556802,0.63441906
1454227200,0.88010385,0.63449667
1454241600,0.85480105,0.63449944
1454256000,0.86297843,0.63634235
1454270400,0.91037341,0.62821751
1454284800,0.92159572,0.62805109
1454299200,0.93873479,0.62674576
1454313600,0.91573658,0.61956463
1454328000,0.90469527,0.62004736
1454342400,0.90414620,0.62007855
1454356800,0.88653841,0.62026241
1454371200,0.90669192,0.61961937
1454385600,0.87799567,0.61997843
1454400000,0.88325544,0.62212207
1454414400,0.85730226,0.62479885
1454428800,0.87720389,0.62591672
1454443200,0.87291587,0.62633496
1454457600,0.86755216,0.62807747
1454472000,0.87214657,0.62738078
1454486400,0.88212247,0.62764769
1454500800,0.86756529,0.62834609
1454515200,0.88996950,0.62255931
1454529600,0.89905264,0.61519045
1454544000,0.88245015,0.61567000
1454558400,0.89485193,0.60624346
1454572800,0.87914590,0.60796045
1454587200,0.89663231,0.60442130
1454601600,0.86092155,0.60951638
1454616000,0.88243276,0.61019947
1454630400,0.87437253,0.61392191
1454644800,0.86918549,0.61375703
1454659200,0.85894446,0.61592830
1454673600,0.85727600,0.61743980
1454688000,0.85073571,0.61715029
1454702400,0.84845085,0.61480149
1454716800,0.84853789,0.61378064
1454731200,0.86211261,0.61009315
1454745600,0.85872658,0.60987588
1454760000,0.85392019,0.60962880
1454774400,0.85927617,0.60656283
1454788800,0.85681814,0.60539435
1454803200,0.83274907,0.60536324
1454817600,0.84046045,0.60506611
1454832000,0.83985563,0.60744571
1454846400,0.82984199,0.60751983
1454860800,0.79749663,0.60787206
1454875200,0.83218077,0.60767997
1454889600,0.79934567,0.60767996
1454904000,0.82802770,0.60758376
1454918400,0.84379039,0.60716104
1454932800,0.86935018,0.60700352
1454947200,0.86680299,0.60697961
1454961600,0.89192609,0.60979587
1454976000,0.89691114,0.61039669
1454990400,0.88212304,0.61077885
1455004800,0.90116728,0.60971513
1455019200,0.91885728,0.60700062
1455033600,0.90054590,0.60700859
1455048000,0.92361790,0.60720102
1455062400,0.94307843,0.60650389
1455076800,0.93215715,0.60800303
1455091200,0.85273929,0.60793606
1455105600,0.89935723,0.59883733
1455120000,0.87906007,0.58323939
1455134400,0.89238709,0.58334403
1455148800,0.91565896,0.59111079
1455163200,0.96476828,0.59061844
1455177600,0.92276286,0.59125999
1455192000,0.80786317,0.59273041
1455206400,0.87270719,0.59145092
1455220800,0.86992435,0.57605061
1455235200,0.89703294,0.57259258
1455249600,0.91755574,0.57265428
1455264000,0.91817038,0.56561957
1455278400,0.92917339,0.56481822
1455292800,0.83303695,0.53028042
1455307200,0.85565894,0.53020277
1455321600,0.87413564,0.53159953
1455336000,0.91287615,0.52792374
1455350400,0.91788538,0.52473854
1455364800,0.84866228,0.52320296
1455379200,0.85881252,0.52289333
1455393600,0.85107724,0.52301644
1455408000,0.84510475,0.52686734
1455422400,0.84786657,0.52687912
1455436800,0.82783087,0.52659142
1455451200,0.84991245,0.52542514
1455465600,0.85371925,0.52519532
1455480000,0.88249987,0.52199993
1455494400,0.86051709,0.52198883
1455508800,0.87141145,0.52189753
1455523200,0.87513463,0.52151147
1455537600,0.88276614,0.52138664
1455552000,0.80177984,0.52138676
1455566400,0.82756537,0.52347004
1455580800,0.81410229,0.52376481
1455595200,0.84534621,0.52340056
1455609600,0.83851315,0.52338612
1455624000,0.84492228,0.52356633
1455638400,0.83002387,0.52375540
1455652800,0.86509846,0.52345550
1455667200,0.82130713,0.52353282
1455681600,0.86422603,0.52471589
1455696000,0.87192054,0.52625110
1455710400,0.90910568,0.52481272
1455724800,0.90040252,0.52581449
1455739200,0.93186361,0.52384940
1455753600,0.91513043,0.52713473
1455768000,0.93032399,0.52715542
1455782400,0.92517236,0.52636413
1455796800,0.92037488,0.52641550
1455811200,0.89604627,0.52642059
1455825600,0.92487571,0.52631846
1455840000,0.92037211,0.52498712
1455854400,0.92330089,0.51989368
1455868800,0.93345748,0.52058820
1455883200,0.93983161,0.52060520
1455897600,0.96316167,0.51997525
1455912000,0.95084959,0.51956695
1455926400,0.86579280,0.52043738
1455940800,0.91341485,0.51888611
1455955200,0.92975672,0.51611134
1455969600,0.93335009,0.51695524
1455984000,0.93990351,0.51322170
1455998400,0.95461023,0.51381946
1456012800,0.94315162,0.51691568
1456027200,0.94471684,0.51738615
1456041600,0.95343157,0.51511866
1456056000,0.92715833,0.51076565
1456070400,0.93919201,0.51199028
1456084800,0.95096835,0.50947345
1456099200,0.95106884,0.50554309
1456113600,0.95049507,0.50548838
1456128000,0.95038445,0.50506891
1456142400,0.95335822,0.50509819
1456156800,0.94362907,0.50519236
1456171200,0.88208269,0.50530565
1456185600,0.92029172,0.50387575
1456200000,0.92542299,0.50463766
1456214400,0.91322546,0.49349542
1456228800,0.92460811,0.49431113
1456243200,0.96411891,0.49267805
1456257600,0.96872841,0.49260949
1456272000,0.98074525,0.49235506
1456286400,0.91920988,0.48788268
1456300800,0.92233138,0.48790738
1456315200,0.94090458,0.48666228
1456329600,0.94986888,0.48548775
1456344000,0.95294723,0.48535896
1456358400,0.92545548,0.47992479
1456372800,0.88810425,0.45790269
1456387200,0.92232220,0.45840579
1456401600,0.92571345,0.44943410
1456416000,0.92759697,0.44081354
1456430400,0.94459976,0.44022155
1456444800,0.92376441,0.43829189
1456459200,0.93550577,0.43755992
1456473600,0.91916810,0.43672354
1456488000,0.90258297,0.43906369
1456502400,0.90688416,0.43653648
1456516800,0.89945115,0.42992568
1456531200,0.91031411,0.43014753
1456545600,0.91947582,0.43067296
1456560000,0.92428189,0.43078731
1456574400,0.92619107,0.43064435
1456588800,0.88594229,0.43146760
1456603200,0.89654300,0.43069922
1456617600,0.86111579,0.43107706
1456632000,0.88627822,0.43081099
1456646400,0.88349626,0.43282906
1456660800,0.90701770,0.42910493
1456675200,0.92611584,0.42804202
1456689600,0.94024668,0.42903978
1456704000,0.94744916,0.42801853
1456718400,0.95624971,0.42944577
1456732800,0.91857641,0.42906625
1456747200,0.91838282,0.42935173
1456761600,0.91252952,0.42942829
1456776000,0.92019556,0.42791869
1456790400,0.91777610,0.42839268
1456804800,0.92587081,0.42641875
1456819200,0.93159240,0.42524882
1456833600,0.93702860,0.42565676
1456848000,0.93503010,0.42348411
1456862400,0.94362008,0.42202095
1456876800,0.93859047,0.42199261
1456891200,0.94081785,0.42258475
1456905600,0.94987939,0.42278892
1456920000,0.93447483,0.42174591
1456934400,0.92851568,0.41777539
1456948800,0.94112851,0.41770992
1456963200,0.95298832,0.41708112
1456977600,0.95591332,0.41613520
1456992000,0.94624263,0.41153952
1457006400,0.93730952,0.40734525
1457020800,0.94129624,0.40291214
1457035200,0.95339981,0.40170536
1457049600,0.95618443,0.39908118
1457064000,0.95623554,0.39902852
1457078400,0.94879814,0.39606855
1457092800,0.94241793,0.39473723
1457107200,0.93828885,0.39484886
1457121600,0.91400008,0.38244351
1457136000,0.93948450,0.38149577
1457150400,0.94744079,0.38167213
1457164800,0.95104474,0.37887259
1457179200,0.95548312,0.37610432
1457193600,0.92034176,0.36775712
1457208000,0.91979104,0.35697823
1457222400,0.92515120,0.34721007
1457236800,0.95243212,0.34744618
1457251200,0.95397119,0.34312822
1457265600,0.95196758,0.34044284
1457280000,0.93965250,0.33761406
1457294400,0.92407555,0.33811895
1457308800,0.93384350,0.33880478
1457323200,0.91852862,0.33791707
1457337600,0.90754492,0.33702072
1457352000,0.88239775,0.33705312
1457366400,0.89277586,0.33737999
1457380800,0.90248490,0.33690850
1457395200,0.89316577,0.33691654
1457409600,0.88326460,0.33694225
1457424000,0.91617998,0.33261959
1457438400,0.92990168,0.33258973
1457452800,0.93543404,0.33341943
1457467200,0.94499830,0.33327031
1457481600,0.94953133,0.33329278
1457496000,0.88046835,0.33301614
1457510400,0.88196909,0.33314667
1457524800,0.88482341,0.33237755
1457539200,0.88907153,0.33268425
1457553600,0.93478402,0.32487313
1457568000,0.95164264,0.32132536
1457582400,0.96919363,0.32067902
1457596800,0.97807668,0.32039649
1457611200,0.97837701,0.31780209
1457625600,0.95703068,0.32045577
1457640000,0.93355183,0.32209357
1457654400,0.93289987,0.32378770
1457668800,0.94312806,0.32065175
1457683200,0.93416288,0.32254833
1457697600,0.94304772,0.32246314
1457712000,0.94775180,0.32242036
1457726400,0.95356802,0.32505039
1457740800,0.93301813,0.31271273
1457755200,0.96515575,0.31376443
1457769600,0.97707816,0.31265763
1457784000,0.98070528,0.31077563
1457798400,0.99188244,0.30994216
1457812800,0.95187022,0.30908290
1457827200,0.95919055,0.31020675
1457841600,0.95732922,0.30941857
1457856000,0.94144888,0.30954754
1457870400,0.94085221,0.30700338
1457884800,0.94607771,0.30711651
1457899200,0.95775913,0.30711836
1457913600,0.93235618,0.30500414
1457928000,0.93723727,0.30534366
1457942400,0.91874856,0.30417286
1457956800,0.92464453,0.30367221
1457971200,0.92984973,0.30371427
1457985600,0.91558473,0.30350930
1458000000,0.94873750,0.29673307
1458014400,0.95701170,0.29283757
1458028800,0.96606721,0.29453059
1458043200,0.97269307,0.29727036
1458057600,0.97680576,0.29758996
1458072000,0.93702386,0.29802590
1458086400,0.81779619,0.29805290
1458100800,0.83073913,0.29799771
1458115200,0.83504841,0.29826380
1458129600,0.88015856,0.29777604
1458144000,0.88365185,0.29818877
1458158400,0.94241652,0.29425283
1458172800,0.95247337,0.29374073
1458187200,0.95812556,0.29453314
1458201600,0.95910056,0.29412726
1458216000,0.96455951,0.29445221
1458230400,0.92412030,0.29424108
1458244800,0.91693379,0.29417644
1458259200,0.91631788,0.29405023
1458273600,0.94760244,0.29083981
1458288000,0.96228831,0.28752527
1458302400,0.96832363,0.28737489
1458316800,0.97572841,0.28575211
1458331200,0.98129628,0.28587557
1458345600,0.97409447,0.27951428
1458360000,0.97230156,0.27640502
1458374400,0.98137239,0.27683765
1458388800,0.97869463,0.27738581
1458403200,0.98325202,0.27743834
1458417600,0.94635975,0.27768648
1458432000,0.93788244,0.27572708
1458446400,0.94441190,0.27633874
1458460800,0.95525867,0.27494761
1458475200,0.96074328,0.27490757
1458489600,0.95753496,0.27555604
1458504000,0.92354103,0.27812725
1458518400,0.94512912,0.27660281
1458532800,0.93273232,0.27649616
1458547200,0.94230814,0.27606401
1458561600,0.95877503,0.27493949
1458576000,0.96564555,0.27407580
1458590400,0.96460834,0.27237991
1458604800,0.97850225,0.26673202
1458619200,0.98737633,0.26642340
1458633600,0.83985371,0.26618430
1458648000,0.83881362,0.26672536
1458662400,0.83900164,0.26640625
1458676800,0.81969832,0.26538190
1458691200,0.81526559,0.26579732
1458705600,0.81284200,0.26965544
1458720000,0.81428162,0.27463121
1458734400,0.78585795,0.27448714
1458748800,0.77799505,0.27391728
1458763200,0.78934396,0.27627347
1458777600,0.80805009,0.27472696
1458792000,0.82248122,0.27387735
1458806400,0.83357045,0.27150063
1458820800,0.83752533,0.27015996
1458835200,0.83805309,0.27017039
1458849600,0.83250154,0.27280527
1458864000,0.82698096,0.27170694
1458878400,0.81161080,0.27154434
1458892800,0.79685822,0.27176740
1458907200,0.80461057,0.27170430
1458921600,0.80216238,0.27862577
1458936000,0.78709269,0.27816026
1458950400,0.78412263,0.27840498
1458964800,0.79700593,0.27770128
1458979200,0.81450173,0.27613557
1458993600,0.81727897,0.27631691
1459008000,0.81188672,0.27808748
1459022400,0.82106725,0.27693589
1459036800,0.82495981,0.27637770
1459051200,0.82410727,0.27436783
1459065600,0.83127569,0.27602919
1459080000,0.84809651,0.27181178
1459094400,0.84986806,0.27207570
1459108800,0.84722842,0.27208966
1459123200,0.84087978,0.27178176
1459137600,0.85099868,0.26817838
1459152000,0.83185052,0.26808504
1459166400,0.83455467,0.27931946
1459180800,0.84086073,0.28172180
1459195200,0.83833416,0.28840453
1459209600,0.81276334,0.28828224
1459224000,0.81572022,0.28798280
1459238400,0.83762498,0.29070626
1459252800,0.85612822,0.28114154
1459267200,0.86257113,0.28116656
1459281600,0.86558345,0.27880434
1459296000,0.86854414,0.28227136
1459310400,0.86543287,0.27949085
1459324800,0.83967927,0.28125435
1459339200,0.84501174,0.28006368
1459353600,0.64248136,0.28191815
1459368000,0.63877185,0.28164082
1459382400,0.63276999,0.28136154
1459396800,0.63111803,0.28138407
1459411200,0.62740014,0.28390928
1459425600,0.62487836,0.28398158
1459440000,0.62683055,0.28500622
1459454400,0.62705992,0.28481737
1459468800,0.63030436,0.28531913
1459483200,0.62740657,0.28434248
1459497600,0.62915418,0.28404371
1459512000,0.63249851,0.28429490
1459526400,0.63121408,0.28439808
1459540800,0.62397336,0.28504694
1459555200,0.62081635,0.28677787
1459569600,0.60995591,0.28813387
1459584000,0.61158557,0.29163137
1459598400,0.61197113,0.29163917
1459612800,0.60708204,0.29162015
1459627200,0.61008539,0.29242029
1459641600,0.61272446,0.29449027
1459656000,0.61446966,0.29677749
1459670400,0.61575288,0.29690314
1459684800,0.61198439,0.29796068
1459699200,0.60747582,0.29798665
1459713600,0.60627079,0.29785212
1459728000,0.61206819,0.29878868
1459742400,0.60683307,0.29934759
1459756800,0.60633402,0.30047385
1459771200,0.60623989,0.30071772
1459785600,0.60067242,0.30119920
1459800000,0.60182001,0.30131608
1459814400,0.60572535,0.29995983
1459828800,0.60960164,0.29907515
1459843200,0.61470337,0.29963480
1459857600,0.60980201,0.29947605
1459872000,0.60815626,0.29995562
1459886400,0.60325655,0.30007477
1459900800,0.60145186,0.29974298
1459915200,0.60143416,0.29952046
1459929600,0.60503645,0.30060467
1459944000,0.59767442,0.30003925
1459958400,0.59798414,0.30109113
1459972800,0.60144793,0.30286150
1459987200,0.59693793,0.30383119
1460001600,0.59355530,0.30378042
1460016000,0.59259163,0.30362846
1460030400,0.58769509,0.30355611
1460044800,0.59610022,0.30198585
1460059200,0.60399749,0.30207930
1460073600,0.43798614,0.30215046
1460088000,0.43928670,0.30383499
1460102400,0.43330537,0.30859169
1460116800,0.46553870,0.31031091
1460131200,0.44722046,0.31173090
1460145600,0.44573649,0.31279275
1460160000,0.44551978,0.31278954
1460174400,0.44331047,0.31293876
1460188800,0.44009923,0.31490227
1460203200,0.45702967,0.31925620
1460217600,0.43730474,0.31659008
1460232000,0.43797611,0.31440105
1460246400,0.43544892,0.31280593
1460260800,0.42983996,0.31288419
1460275200,0.42902972,0.31563135
1460289600,0.43140083,0.31474474
1460304000,0.43148325,0.31476545
1460318400,0.44497307,0.31470478
1460332800,0.44399526,0.31490501
1460347200,0.44815362,0.31288514
1460361600,0.44091601,0.31296740
1460376000,0.43661689,0.31205578
1460390400,0.44103003,0.31124542
1460404800,0.44285916,0.31207369
1460419200,0.44924964,0.31190193
1460433600,0.44284350,0.31376026
1460448000,0.43968301,0.31323627
1460462400,0.44176685,0.31474721
1460476800,0.43864373,0.31716965
1460491200,0.44478152,0.31964168
1460505600,0.43542868,0.31937286
1460520000,0.43594103,0.32026043
1460534400,0.44403968,0.32317335
1460548800,0.44782573,0.32484683
1460563200,0.43841623,0.32488497
1460577600,0.44284874,0.32487626
1460592000,0.47059474,0.32590636
1460606400,0.46271088,0.32587789
1460620800,0.43471905,0.32434417
1460635200,0.43683794,0.32197241
1460649600,0.42828511,0.32167724
1460664000,0.42276106,0.32126851
1460678400,0.41857949,0.32116041
1460692800,0.42087338,0.32153778
1460707200,0.43404150,0.32132007
1460721600,0.43620353,0.32142368
1460736000,0.43561175,0.32107232
1460750400,0.43582307,0.32103391
1460764800,0.43433927,0.32108696
1460779200,0.42749354,0.32022732
1460793600,0.33898500,0.32025785
1460808000,0.33998304,0.31947492
1460822400,0.33455153,0.32305987
1460836800,0.33442405,0.32307239
1460851200,0.33641999,0.32306202
1460865600,0.33410930,0.32402674
1460880000,0.35900095,0.32543924
1460894400,0.38231549,0.32543888
1460908800,0.34025851,0.32547748
1460923200,0.33357794,0.32529905
1460937600,0.33274079,0.32576301
1460952000,0.32624523,0.32645021
1460966400,0.32058316,0.32671960
1460980800,0.32315328,0.32621810
1460995200,0.32151982,0.33157429
1461009600,0.32276823,0.33101005
1461024000,0.32525251,0.33037584
1461038400,0.32120088,0.33031055
1461052800,0.31716199,0.33030332
1461067200,0.31415967,0.33045267
1461081600,0.31746885,0.33389500
1461096000,0.34788305,0.33786169
1461110400,0.33354920,0.33996127
1461124800,0.32132501,0.34779319
1461139200,0.31824926,0.36022792
1461153600,0.31822074,0.35955232
1461168000,0.33157923,0.36079849
1461182400,0.32617391,0.36090290
1461196800,0.32168514,0.36644213
1461211200,0.32165353,0.37176938
1461225600,0.32319662,0.37154616
1461240000,0.32218835,0.37141028
1461254400,0.34029622,0.37063445
1461268800,0.33124336,0.37227010
1461283200,0.32166725,0.37188419
1461297600,0.35584553,0.36924439
1461312000,0.38636290,0.36652249
1461326400,0.36492916,0.36742696
1461340800,0.34522799,0.36749792
1461355200,0.36134508,0.36561218
1461369600,0.35717065,0.36561267
1461384000,0.36297420,0.36468878
1461398400,0.35203615,0.36908084
1461412800,0.34276253,0.36953622
1461427200,0.35357285,0.36996711
1461441600,0.36537008,0.36796875
1461456000,0.35705682,0.36768344
1461470400,0.34861216,0.36816970
1461484800,0.33904298,0.36870681
1461499200,0.33391439,0.36872291
1461513600,0.30365225,0.36606177
1461528000,0.27990840,0.36769076
1461542400,0.26375076,0.36759422
1461556800,0.25487254,0.36753817
1461571200,0.24810784,0.36744067
1461585600,0.27346447,0.36738735
1461600000,0.27164470,0.36638948
1461614400,0.27091231,0.36715791
1461628800,0.25867847,0.36653094
1461643200,0.25998772,0.37070057
1461657600,0.26155447,0.36930702
1461672000,0.26246046,0.36881601
1461686400,0.25484026,0.36986608
1461700800,0.25500618,0.37007529
1461715200,0.24785459,0.38995892
1461729600,0.25437982,0.39135807
1461744000,0.25431335,0.39144875
1461758400,0.33392773,0.38355815
1461772800,0.32280086,0.38077885
1461787200,0.34601090,0.38721929
1461801600,0.31688053,0.43715749
1461816000,0.29744706,0.43872506
1461830400,0.33522587,0.43543200
1461844800,0.31820935,0.43676071
1461859200,0.31347171,0.43659260
1461873600,0.30293058,0.43859301
1461888000,0.31763960,0.45635140
1461902400,0.31934717,0.45668255
1461916800,0.31968160,0.45728177
1461931200,0.30655177,0.45712692
1461945600,0.30352992,0.48629758
1461960000,0.30361433,0.50106786
1461974400,0.29239190,0.50086248
1461988800,0.29660280,0.50225801
1462003200,0.30303191,0.50503827
1462017600,0.30112842,0.51528627
1462032000,0.30236477,0.52072203
1462046400,0.29382841,0.52062499
1462060800,0.28672726,0.52058600
1462075200,0.28958066,0.52071508
1462089600,0.28739201,0.52080378
1462104000,0.29176970,0.53806848
1462118400,0.28904475,0.53802844
1462132800,0.28642658,0.54025842
1462147200,0.28952103,0.54028529
1462161600,0.29227926,0.54046360
1462176000,0.30761234,0.53860251
1462190400,0.29446628,0.53994533
1462204800,0.28853523,0.54036599
1462219200,0.28758264,0.53958928
1462233600,0.26301343,0.53828844
1462248000,0.27349421,0.53699433
1462262400,0.26286765,0.53734529
1462276800,0.26002561,0.53672249
1462291200,0.25646219,0.53677137
1462305600,0.25620753,0.53656906
1462320000,0.26243324,0.53604672
1462334400,0.25942883,0.53556519
1462348800,0.26341034,0.54167534
1462363200,0.25766540,0.54819555
1462377600,0.25340644,0.54813917
1462392000,0.25397803,0.54793448
1462406400,0.25559412,0.54893116
1462420800,0.26174403,0.55589180
1462435200,0.25285390,0.55850165
1462449600,0.25332105,0.55930618
1462464000,0.25455842,0.56037512
1462478400,0.25057099,0.55995153
1462492800,0.24626786,0.56063546
1462507200,0.24663235,0.56065257
1462521600,0.24323452,0.56036327
1462536000,0.24819275,0.56063157
1462550400,0.24911715,0.55987790
1462564800,0.25277309,0.55900289
1462579200,0.24851961,0.55848881
1462593600,0.24528286,0.55842511
1462608000,0.24005078,0.55853239
1462622400,0.24113153,0.55862422
1462636800,0.24769500,0.55871024
1462651200,0.25439002,0.55868370
1462665600,0.26063279,0.55903641
1462680000,0.24915988,0.55878724
1462694400,0.27156190,0.55680723
1462708800,0.26473153,0.56853855
1462723200,0.26323696,0.56799280
1462737600,0.25735685,0.56793144
1462752000,0.25598606,0.56793611
1462766400,0.25333943,0.56778200
1462780800,0.26370630,0.56730007
1462795200,0.28691414,0.56486954
1462809600,0.27747733,0.56488268
1462824000,0.26370695,0.56491954
1462838400,0.25462989,0.56521212
1462852800,0.25546223,0.56537435
1462867200,0.29038777,0.56326658
1462881600,0.28213646,0.56327312
1462896000,0.26520030,0.56339931
1462910400,0.27421154,0.56239036
1462924800,0.27569721,0.56268306
1462939200,0.27616174,0.56321694
1462953600,0.29297107,0.56311906
1462968000,0.28782511,0.56308611
1462982400,0.29202847,0.56314904
1462996800,0.30187861,0.56298640
1463011200,0.29602605,0.56354684
1463025600,0.29661649,0.56262023
1463040000,0.29135681,0.56270801
1463054400,0.29512263,0.56127038
1463068800,0.30511516,0.55979192
1463083200,0.30859442,0.56468338
1463097600,0.30354324,0.58252780
1463112000,0.29764647,0.58209369
1463126400,0.31081185,0.59315698
1463140800,0.31246407,0.59224132
1463155200,0.30807475,0.59304745
1463169600,0.30446154,0.60342050
1463184000,0.29870731,0.60287822
1463198400,0.30950529,0.60728903
1463212800,0.31784367,0.60892052
1463227200,0.30629900,0.61304460
1463241600,0.30808558,0.61437675
1463256000,0.33647330,0.61652155
1463270400,0.32347880,0.61710283
1463284800,0.30316371,0.61820773
1463299200,0.30595141,0.61853509
1463313600,0.29621869,0.68605431
1463328000,0.29336382,0.72729240
1463342400,0.29102624,0.72729751
1463356800,0.29656720,0.72729203
1463371200,0.29237345,0.72769808
1463385600,0.29350747,0.72976330
1463400000,0.29881952,0.73131002
1463414400,0.28862021,0.72967930
1463428800,0.28306624,0.73003355
1463443200,0.27806347,0.74618440
1463457600,0.27060393,0.74905665
1463472000,0.27389626,0.74881583
1463486400,0.28808814,0.74919143
1463500800,0.27507559,0.76076377
1463515200,0.27388380,0.76085187
1463529600,0.27277190,0.76079410
1463544000,0.28019256,0.76870991
1463558400,0.27665738,0.76848596
1463572800,0.27643573,0.76985969
1463587200,0.30306983,0.76764887
1463601600,0.29006683,0.76910504
1463616000,0.28214883,0.77107140
1463630400,0.27773091,0.77147674
1463644800,0.27525747,0.77332464
1463659200,0.29184152,0.77359749
1463673600,0.32622003,0.77966307
1463688000,0.35397483,0.77956896
1463702400,0.34750036,0.77866663
1463716800,0.38031902,0.77543865
1463731200,0.42776215,0.77001996
1463745600,0.41142427,0.77166696
1463760000,0.38668486,0.77201333
1463774400,0.37611512,0.77225583
1463788800,0.39805787,0.76957508
1463803200,0.42274396,0.76685121
1463817600,0.41599355,0.77185542
1463832000,0.39133216,0.77413290
1463846400,0.38289021,0.77379092
1463860800,0.38780140,0.77301956
1463875200,0.40406748,0.82906089
1463889600,0.38685543,0.84684107
1463904000,0.38058958,0.87190616
1463918400,0.37959306,0.87165582
1463932800,0.38298120,0.87246676
1463947200,0.37317205,0.87415901
1463961600,0.37920277,0.87425653
1463976000,0.37093039,0.87604213
1463990400,0.38194534,0.87557513
1464004800,0.37229941,0.88006760
1464019200,0.36557345,0.89277444
1464033600,0.36014589,0.90935083
1464048000,0.36223682,0.90962257
1464062400,0.36528328,0.90947830
1464076800,0.36348330,0.90933819
1464091200,0.36214166,0.94041706
1464105600,0.36394349,0.98379317
1464120000,0.36373673,0.99282707
1464134400,0.35977336,1.00441821
1464148800,0.36254300,1.00605793
1464163200,0.34819931,1.00791879
1464177600,0.35545317,1.01541272
1464192000,0.36372009,1.02318183
1464206400,0.35432466,1.02300261
1464220800,0.35862569,1.03625399
1464235200,0.36214081,1.03512162
1464249600,0.35634290,1.03526313
1464264000,0.34795108,1.03523863
1464278400,0.34665221,1.04964131
1464292800,0.34304879,1.05181154
1464307200,0.46056006,1.04497237
1464321600,0.42870623,1.04443879
1464336000,0.40858075,1.04457096
1464350400,0.39607434,1.05637750
1464364800,0.38574502,1.05700920
1464379200,0.45055211,1.05287343
1464393600,0.80157631,1.03565962
1464408000,0.69602255,1.03567423
1464422400,0.63200782,1.03800414
1464436800,0.58703775,1.03741969
1464451200,0.59986722,1.03876602
1464465600,0.59286598,1.03955435
1464480000,0.69735068,1.03086109
1464494400,0.64192789,1.03136570
1464508800,0.60275135,1.03033526
1464523200,0.61117932,1.03058741
1464537600,0.75382843,1.01681298
1464552000,0.76264900,1.00960571
1464566400,0.71862413,1.01490396
1464580800,0.65134097,1.01422550
1464595200,0.64048684,1.01212912
1464609600,0.69832413,1.00676559
1464624000,0.70356160,1.00487731
1464638400,0.67487238,1.00496282
1464652800,0.63853760,1.00513592
1464667200,0.62110035,1.00550544
1464681600,0.61587436,1.01007097
1464696000,0.72620733,1.00314058
1464710400,0.70297605,1.00319892
1464724800,0.64292078,1.00258826
1464739200,0.62206744,1.00275573
1464753600,0.60378338,1.00277728
1464768000,0.64046785,1.00278686
1464782400,0.60599751,1.00216065
1464796800,0.60914245,1.00197938
1464811200,0.60679580,1.00190262
1464825600,0.63687147,1.00193238
1464840000,0.60828570,1.00192709
1464854400,0.59155697,1.00351558
1464868800,0.59366187,1.00344753
1464883200,0.58583467,1.00356707
1464897600,0.60984223,1.00456789
1464912000,0.59779200,1.00657440
1464926400,0.58463368,1.00765718
1464940800,0.58421625,1.00406712
1464955200,0.60961586,1.00759678
1464969600,0.58028790,1.00847394
1464984000,0.55293990,1.00953356
1464998400,0.53544293,1.01155190
1465012800,0.59802292,1.00795652
1465027200,0.59791013,1.00741935
1465041600,0.57556723,1.00757213
1465056000,0.56261534,1.00677961
1465070400,0.57358619,1.00726837
1465084800,0.55244537,1.00674187
1465099200,0.57090172,1.00676192
1465113600,0.53607660,1.00710780
1465128000,0.53134806,1.00764712
1465142400,0.52680625,1.00793010
1465156800,0.52524419,1.00789004
1465171200,0.52487901,1.00811864
1465185600,0.51380762,1.00802345
1465200000,0.51102337,1.00795538
1465214400,0.50800632,1.00801439
1465228800,0.50533496,1.00805616
1465243200,0.50612464,1.00834781
1465257600,0.49732950,1.00833559
1465272000,0.49787631,1.02406953
1465286400,0.49912981,1.02457259
1465300800,0.59391754,1.01967320
1465315200,0.56615249,1.02400465
1465329600,0.54802583,1.03031900
1465344000,0.54919660,1.03050209
1465358400,0.53601408,1.03050545
1465372800,0.52040949,1.03015381
1465387200,0.52602890,1.03065904
1465401600,0.51651951,1.03099463
1465416000,0.50791445,1.03290817
1465430400,0.50067994,1.03491530
1465444800,0.49953022,1.03507680
1465459200,0.49669895,1.03559274
1465473600,0.50423891,1.03650093
1465488000,0.49024652,1.04178827
1465502400,0.48946248,1.04368912
1465516800,0.49734929,1.04332658
1465531200,0.49588974,1.04304065
1465545600,0.50208975,1.04305079
1465560000,0.50069211,1.04332626
1465574400,0.48320194,1.04333952
1465588800,0.48095408,1.04310739
1465603200,0.48570526,1.04424850
1465617600,0.48494255,1.04536792
1465632000,0.48031124,1.04556381
1465646400,0.48947849,1.04610825
1465660800,0.47267287,1.04629712
1465675200,0.52688062,1.04291034
1465689600,0.63591048,1.03305404
1465704000,0.59524945,1.03293526
1465718400,0.64303627,1.02691719
1465732800,0.63206053,1.02759004
1465747200,0.58546136,1.02766907
1465761600,0.63303627,1.02168490
1465776000,0.61878549,1.02179191
1465790400,0.60750456,1.01920416
1465804800,0.59644978,1.01827393
1465819200,0.60432657,1.01632957
1465833600,0.57782005,1.01561135
1465848000,0.57741229,1.01476764
1465862400,0.56467813,1.01441076
1465876800,0.55852612,1.01367135
1465891200,0.54519041,1.01363203
1465905600,0.82262851,0.96915240
1465920000,0.86558151,0.93867791
1465934400,0.83988380,0.93903056
1465948800,0.79641248,0.93933950
1465963200,0.75336763,0.93913795
1465977600,0.71316765,0.93774131
1465992000,0.65243471,0.93654689
1466006400,0.66206858,0.93665497
1466020800,0.63363116,0.93648347
1466035200,0.70865274,0.92367868
1466049600,0.69613094,0.92101077
1466064000,0.68278158,0.92075830
1466078400,0.66866561,0.92073422
1466092800,0.70611969,0.91113487
1466107200,0.68383021,0.91105950
1466121600,0.66078741,0.91097069
1466136000,0.68203668,0.90404383
1466150400,0.68019845,0.90405535
1466164800,0.64344090,0.90305235
1466179200,0.64270259,0.90377113
1466193600,0.63272927,0.90263393
1466208000,0.61734231,0.90099359
1466222400,0.61549587,0.90078654
1466236800,0.61368592,0.89949419
1466251200,0.61212834,0.89933484
1466265600,0.64947672,0.89469084
1466280000,0.64588267,0.89260982
1466294400,0.64488522,0.89257499
1466308800,0.62456696,0.89234239
1466323200,0.61722631,0.89223595
1466337600,0.59745105,0.89082072
1466352000,0.58817295,0.89001790
1466366400,0.58705898,0.88993840
1466380800,0.58889956,0.89017871
1466395200,0.57685331,0.89015081
1466409600,0.60399277,0.88613340
1466424000,0.60848950,0.88413730
1466438400,0.60566581,0.88450198
1466452800,0.60533807,0.88499169
1466467200,0.83838581,0.83289485
1466481600,0.83184770,0.81475326
1466496000,0.86161593,0.78738389
1466510400,0.83562290,0.78727725
1466524800,0.79478938,0.78638343
1466539200,0.75625075,0.78446787
1466553600,0.68455596,0.78437758
1466568000,0.62102649,0.78229583
1466582400,0.62401188,0.78063960
1466596800,0.63406800,0.77670553
1466611200,0.66638317,0.76194473
1466625600,0.69739605,0.74442370
1466640000,0.69997095,0.74435854
1466654400,0.69504537,0.74465931
1466668800,0.67847936,0.74672375
1466683200,0.71883568,0.70702561
1466697600,0.77160653,0.64396392
1466712000,0.76639510,0.62908798
1466726400,0.76520265,0.61045164
1466740800,0.76059708,0.60774941
1466755200,0.73961426,0.60479414
1466769600,0.71408070,0.59225960
1466784000,0.71397506,0.57883900
1466798400,0.71332355,0.57867478
1466812800,0.71415666,0.55509641
1466827200,0.71901093,0.55535287
1466841600,0.70614962,0.55513057
1466856000,0.69996392,0.55515215
1466870400,0.70601905,0.52669592
1466884800,0.69288672,0.52243261
1466899200,0.69207539,0.52146115
1466913600,0.70651502,0.52368235
1466928000,0.68480567,0.52345739
1466942400,0.67935126,0.50005097
1466956800,0.68056656,0.49888514
1466971200,0.68723406,0.49892279
1466985600,0.66938056,0.49499720
1467000000,0.67190942,0.49519145
1467014400,0.64342441,0.49058684
1467028800,0.65966979,0.49116876
1467043200,0.64202888,0.48834647
1467057600,0.63682858,0.48530701
1467072000,0.64856289,0.48525276
1467086400,0.62076178,0.48399896
1467100800,0.64186573,0.48433084
1467115200,0.61141766,0.48403819
1467129600,0.59150639,0.48368696
1467144000,0.59930140,0.48364766
1467158400,0.62203238,0.47241205
1467172800,0.63493055,0.47236443
1467187200,0.64648975,0.47247917
1467201600,0.63055058,0.47266962
1467216000,0.61924036,0.46948744
1467230400,0.59391217,0.46910301
1467244800,0.59142092,0.46857298
1467259200,0.59283881,0.46762814
1467273600,0.64334100,0.45691612
1467288000,0.65296304,0.45283496
1467302400,0.66975976,0.45410108
1467316800,0.65817706,0.45233517
1467331200,0.66025869,0.46161024
1467345600,0.62140808,0.46068919
1467360000,0.59742428,0.46225076
1467374400,0.59170284,0.46204605
1467388800,0.57175312,0.46195055
1467403200,0.55541890,0.46425600
1467417600,0.48390712,0.46425402
1467432000,0.48997521,0.46434560
1467446400,0.56628789,0.46049897
1467460800,0.58449818,0.46062102
1467475200,0.58026549,0.46164406
1467489600,0.59248769,0.46016463
1467504000,0.61753353,0.46071426
1467518400,0.61213004,0.45922599
1467532800,0.62738780,0.46018338
1467547200,0.66258714,0.44525873
1467561600,0.67127998,0.51504611
1467576000,0.66472410,0.52629987
1467590400,0.66919137,0.52476609
1467604800,0.68235459,0.52463138
1467619200,0.63195592,0.52539965
1467633600,0.63043321,0.52447673
1467648000,0.63129432,0.53271721
1467662400,0.58493708,0.53195604
1467676800,0.59544598,0.54196328
1467691200,0.56087924,0.54282488
1467705600,0.54199632,0.54201385
1467720000,0.56310738,0.54126404
1467734400,0.56312780,0.54401736
1467748800,0.58327163,0.54581422
1467763200,0.56987915,0.54939161
1467777600,0.57094601,0.54939325
1467792000,0.53237711,0.54987823
1467806400,0.49825803,0.54962858
1467820800,0.50885213,0.54993547
1467835200,0.50960783,0.54960567
1467849600,0.52510465,0.54935807
1467864000,0.68760805,0.52086956
1467878400,0.70129785,0.51939055
1467892800,0.70168558,0.51535685
1467907200,0.71211165,0.51598543
1467921600,0.72958608,0.50264247
1467936000,0.69953253,0.50302403
1467950400,0.71037859,0.50336982
1467964800,0.69497257,0.50483247
1467979200,0.64707842,0.50969252
1467993600,0.64664351,0.51623412
1468008000,0.67725112,0.51373547
1468022400,0.70366276,0.50932957
1468036800,0.71843850,0.50955674
1468051200,0.71137932,0.50823011
1468065600,0.71395005,0.50639899
1468080000,0.73190384,0.49545706
1468094400,0.73775891,0.49089974
1468108800,0.74679074,0.49217223
1468123200,0.76400878,0.49214018
1468137600,0.75947386,0.49211841
1468152000,0.68827735,0.51565817
1468166400,0.64248872,0.52446038
1468180800,0.61729279,0.52435184
1468195200,0.66051114,0.52117998
1468209600,0.68176155,0.51885776
1468224000,0.69056037,0.52206571
1468238400,0.68976472,0.52147774
1468252800,0.69577570,0.52249362
1468267200,0.71092363,0.52342041
1468281600,0.65858009,0.52348916
1468296000,0.63681330,0.52337534
1468310400,0.64390180,0.52255793
1468324800,0.65658279,0.52271227
1468339200,0.66777057,0.52156667
1468353600,0.68230038,0.52226622
1468368000,0.67700712,0.52343329
1468382400,0.65977123,0.52516072
1468396800,0.63339275,0.52575067
1468411200,0.61446489,0.52657926
1468425600,0.62668382,0.52657049
1468440000,0.62858526,0.52583718
1468454400,0.65184906,0.52582444
1468468800,0.63976776,0.52601651
1468483200,0.61474885,0.52581503
1468497600,0.64336620,0.52581505
1468512000,0.58422990,0.52598869
1468526400,0.60124403,0.52545192
1468540800,0.61389853,0.52523575
1468555200,0.61680550,0.52508243
1468569600,0.62174095,0.52633314
1468584000,0.63829511,0.52719442
1468598400,0.60689484,0.52752280
1468612800,0.59147830,0.52744968
1468627200,0.59542414,0.52761451
1468641600,0.58410866,0.52783135
1468656000,0.56620772,0.52791509
1468670400,0.57187733,0.53095772
1468684800,0.57638850,0.53118563
1468699200,0.58883702,0.53137249
1468713600,0.64021154,0.53138761
1468728000,0.63983467,0.53137767
1468742400,0.59779356,0.53134150
1468756800,0.60688014,0.53526973
1468771200,0.64976018,0.53443106
1468785600,0.66372748,0.53482655
1468800000,0.67071704,0.53488094
1468814400,0.67032649,0.53438026
1468828800,0.67151413,0.53388537
1468843200,0.65669919,0.53482065
1468857600,0.68707986,0.53123640
1468872000,0.70330593,0.53187359
1468886400,0.72385690,0.53193702
1468900800,0.71658882,0.53221090
1468915200,0.69078030,0.53241313
1468929600,0.63129787,0.53242387
1468944000,0.59421536,0.53241963
1468958400,0.60882536,0.53205769
1468972800,0.62506938,0.53198175
1468987200,0.62983672,0.53197277
1469001600,0.63511141,0.53187091
1469016000,0.64380820,0.53172753
1469030400,0.64374498,0.53093879
1469044800,0.65110124,0.53024043
1469059200,0.66092880,0.53029033
1469073600,0.66875812,0.53026565
1469088000,0.65546818,0.53134148
1469102400,0.63619391,0.53126848
1469116800,0.59978924,0.53144924
1469131200,0.58801326,0.53123014
1469145600,0.60203273,0.53122945
1469160000,0.59361471,0.53143849
1469174400,0.59044617,0.53147270
1469188800,0.61507770,0.52942324
1469203200,0.63130696,0.52933641
1469217600,0.65631596,0.52619416
1469232000,0.67149569,0.52587819
1469246400,0.67025059,0.52543064
1469260800,0.67277904,0.52234804
1469275200,0.71141613,0.52280926
1469289600,0.66161991,0.52288416
1469304000,0.65123276,0.52273585
1469318400,0.64407934,0.52265277
1469332800,0.58164363,0.52280552
1469347200,0.57244629,0.52321257
1469361600,0.57810669,0.52315122
1469376000,0.57218217,0.52282618
1469390400,0.57879805,0.52283624
1469404800,0.56373230,0.52230402
1469419200,0.57182694,0.52225126
1469433600,0.59334127,0.52283327
1469448000,0.58916077,0.52280448
1469462400,0.57867924,0.52265116
1469476800,0.56614988,0.52241455
1469491200,0.54710943,0.52353979
1469505600,0.57365321,0.52142993
1469520000,0.58737841,0.52153767
1469534400,0.58409554,0.52079021
1469548800,0.59193779,0.52061452
1469563200,0.58416805,0.52050163
1469577600,0.56573880,0.51917637
1469592000,0.58259715,0.51756604
1469606400,0.58551564,0.51709758
1469620800,0.58775623,0.51659704
1469635200,0.59865072,0.51671949
1469649600,0.56880855,0.51626620
1469664000,0.56940890,0.51767839
1469678400,0.54182697,0.51789469
1469692800,0.53079424,0.51759905
1469707200,0.53507631,0.51980562
1469721600,0.52970772,0.51973789
1469736000,0.54097956,0.52048368
1469750400,0.52308713,0.52092387
1469764800,0.50734435,0.52183986
1469779200,0.50166259,0.52174531
1469793600,0.50440796,0.52209927
1469808000,0.53592534,0.52263398
1469822400,0.53158355,0.52266328
1469836800,0.50023693,0.52348231
1469851200,0.50025043,0.52363136
1469865600,0.47994262,0.52361605
1469880000,0.50324026,0.52290218
1469894400,0.53007463,0.52196140
1469908800,0.54073493,0.52184857
1469923200,0.63075548,0.51323907
1469937600,0.63694894,0.51303915
1469952000,0.62110070,0.51160738
1469966400,0.63658255,0.51173825
1469980800,0.64158984,0.51175293
1469995200,0.57099341,0.51016744
1470009600,0.58733349,0.51032636
1470024000,0.56431199,0.51046754
1470038400,0.55990269,0.51041030
1470052800,0.55416195,0.51026465
1470067200,0.53735091,0.50894354
1470081600,0.54901759,0.50834405
1470096000,0.59454366,0.50399560
1470110400,0.60164842,0.50332579
1470124800,0.60061128,0.50238646
1470139200,0.59656837,0.50154474
1470153600,0.88394677,0.42747654
1470168000,0.88642033,0.41086395
1470182400,0.87688266,0.40683795
1470196800,0.87774586,0.40662447
1470211200,0.84998137,0.40294874
1470225600,0.76897867,0.40407302
1470240000,0.73909353,0.39308323
1470254400,0.74201614,0.39314808
1470268800,0.76099709,0.37921479
1470283200,0.76117870,0.37800578
1470297600,0.76571168,0.37895205
1470312000,0.72096145,0.37867536
1470326400,0.72435258,0.40423400
1470340800,0.68559666,0.40397387
1470355200,0.70310777,0.39934276
1470369600,0.73566092,0.39942848
1470384000,0.70316584,0.40037397
1470398400,0.71524374,0.40081483
1470412800,0.66119433,0.40022808
1470427200,0.59856734,0.40003414
1470441600,0.60292921,0.39984085
1470456000,0.62273168,0.39741951
1470470400,0.63571541,0.39874696
1470484800,0.63453493,0.39870443
1470499200,0.70008800,0.38591421
1470513600,0.73863406,0.38603304
1470528000,0.69382113,0.38507287
1470542400,0.69460411,0.38532916
1470556800,0.68751586,0.38361985
1470571200,0.67264368,0.37644983
1470585600,0.71480378,0.36646227
1470600000,0.71939945,0.36451481
1470614400,0.72620245,0.36433857
1470628800,0.70671224,0.36355769
1470643200,0.68631753,0.36316713
1470657600,0.63252008,0.36338863
1470672000,0.59084577,0.36359096
1470686400,0.59304492,0.36342939
1470700800,0.60826492,0.36039218
1470715200,0.63144169,0.36038825
1470729600,0.63108820,0.36956134
1470744000,0.76079016,0.33563629
1470758400,0.78455608,0.32156853
1470772800,0.80865337,0.32310632
1470787200,0.77697593,0.32313639
1470801600,0.78298466,0.32446018
1470816000,0.70449441,0.31843748
1470830400,0.65901747,0.31775031
1470844800,0.66413710,0.31517020
1470859200,0.66937962,0.31416867
1470873600,0.68199641,0.31428774
1470888000,0.64051221,0.31410342
1470902400,0.64132071,0.31210864
1470916800,0.64101719,0.30994992
1470931200,0.64680549,0.31009544
1470945600,0.63600320,0.30868626
1470960000,0.64669527,0.30651792
1470974400,0.64923455,0.30353430
1470988800,0.64423198,0.30239081
1471003200,0.65673784,0.29901950
1471017600,0.66041545,0.32557967
1471032000,0.64605959,0.32641906
1471046400,0.63745167,0.32682618
1471060800,0.60996478,0.32684933
1471075200,0.56136753,0.32688236
1471089600,0.57110266,0.32690408
1471104000,0.55512224,0.32696965
1471118400,0.56375445,0.32678013
1471132800,0.56039668,0.32619966
1471147200,0.56363642,0.32612221
1471161600,0.59715269,0.32344931
1471176000,0.60820955,0.32237785
1471190400,0.61446954,0.32291263
1471204800,0.61623727,0.32297528
1471219200,0.61288924,0.32274926
1471233600,0.58682644,0.32245219
1471248000,0.56798026,0.32218884
1471262400,0.61911159,0.31664194
1471276800,0.62783914,0.31617689
1471291200,0.62719356,0.31591614
1471305600,0.62794428,0.31595993
1471320000,0.63202217,0.31593786
1471334400,0.54941485,0.31590504
1471348800,0.62379582,0.30870520
1471363200,0.63161602,0.30779952
1471377600,0.63353838,0.30651640
1471392000,0.63776082,0.30621456
1471406400,0.65096707,0.30625179
1471420800,0.58970439,0.30633350
1471435200,0.58555242,0.30489079
1471449600,0.59555972,0.30498371
1471464000,0.58417235,0.30361190
1471478400,0.59539571,0.30360330
1471492800,0.59180595,0.30310572
1471507200,0.57548042,0.30297756
1471521600,0.58757025,0.30295068
1471536000,0.55136165,0.30277073
1471550400,0.56406604,0.30295909
1471564800,0.54359283,0.30231752
1471579200,0.53247424,0.30210910
1471593600,0.55583162,0.30230564
1471608000,0.56299258,0.30219759
1471622400,0.57207189,0.30219764
1471636800,0.54806347,0.30213280
1471651200,0.55082860,0.30167721
1471665600,0.55685625,0.30208560
1471680000,0.56475281,0.30021550
1471694400,0.59648014,0.30086563
1471708800,0.56988275,0.30083945
1471723200,0.59207435,0.30139817
1471737600,0.57253307,0.30140415
1471752000,0.52718730,0.30114931
1471766400,0.53778800,0.30126452
1471780800,0.52777343,0.30146538
1471795200,0.51846801,0.30188548
1471809600,0.52648113,0.30469131
1471824000,0.52462653,0.30551656
1471838400,0.52520468,0.30569608
1471852800,0.53000528,0.30628671
1471867200,0.54105274,0.30549679
1471881600,0.54194304,0.30521474
1471896000,0.54847288,0.30516077
1471910400,0.54586968,0.30521505
1471924800,0.53628543,0.30494929
1471939200,0.54011847,0.30370468
1471953600,0.54472446,0.30346350
1471968000,0.55044800,0.30346471
1471982400,0.55238730,0.30343659
1471996800,0.55384156,0.30347645
1472011200,0.53572997,0.30193987
1472025600,0.55140071,0.30077274
1472040000,0.56586492,0.30075901
1472054400,0.57104007,0.30148814
1472068800,0.57125669,0.30148846
1472083200,0.55443279,0.30010713
1472097600,0.55284737,0.30054267
1472112000,0.55264063,0.30014998
1472126400,0.55858607,0.30051868
1472140800,0.57415138,0.30065598
1472155200,0.53828933,0.30069870
1472169600,0.51707450,0.30040892
1472184000,0.50967878,0.30038647
1472198400,0.50562155,0.29999338
1472212800,0.51503205,0.30072960
1472227200,0.51904054,0.30049884
1472241600,0.52037410,0.30088455
1472256000,0.54850893,0.29842965
1472270400,0.55524650,0.29802239
1472284800,0.56601079,0.29898072
1472299200,0.58358224,0.29472788
1472313600,0.61417227,0.29474578
1472328000,0.59111431,0.29344557
1472342400,0.59272952,0.29258340
1472356800,0.60135568,0.29068097
1472371200,0.59351870,0.29108454
1472385600,0.58312402,0.29023747
1472400000,0.58122912,0.28934888
1472414400,0.58563415,0.28954762
1472428800,0.57133554,0.28809966
1472443200,0.57833346,0.28778627
1472457600,0.58492671,0.28798483
1472472000,0.56101236,0.28799074
1472486400,0.55535861,0.28778648
1472500800,0.53734303,0.28776975
1472515200,0.55066035,0.28615614
1472529600,0.56192213,0.28606945
1472544000,0.56060938,0.28601163
1472558400,0.55024480,0.28630019
1472572800,0.55880164,0.28628954
1472587200,0.53127456,0.28540299
1472601600,0.53986753,0.28502661
1472616000,0.54251322,0.28462435
1472630400,0.54574057,0.28457020
1472644800,0.54424821,0.28454762
1472659200,0.53383648,0.28455255
1472673600,0.50885353,0.28558752
1472688000,0.49418657,0.28556946
1472702400,0.50579564,0.28527526
1472716800,0.51154337,0.28539344
1472731200,0.51571263,0.28538777
1472745600,0.51437887,0.28501864
1472760000,0.51602561,0.28513520
1472774400,0.51882625,0.28474366
1472788800,0.52384985,0.28517906
1472803200,0.53503421,0.28519070
1472817600,0.54712602,0.28334749
1472832000,0.55621449,0.28333838
1472846400,0.52988689,0.28297848
1472860800,0.53094071,0.28306335
1472875200,0.52498096,0.28312116
1472889600,0.51596836,0.28159553
1472904000,0.52458614,0.28102928
1472918400,0.74809107,0.23502594
1472932800,0.73173513,0.23125797
1472947200,0.71667013,0.23021419
1472961600,0.71006708,0.23003923
1472976000,0.69088877,0.22725770
1472990400,0.61993838,0.22669728
1473004800,0.60222130,0.22658741
1473019200,0.58548520,0.22639474
1473033600,0.61126635,0.22643437
1473048000,0.56698453,0.22577191
1473062400,0.58589974,0.22276952
1473076800,0.59381858,0.22348308
1473091200,0.60259613,0.22356919
1473105600,0.58389637,0.22359163
1473120000,0.58267953,0.22375985
1473134400,0.55290941,0.22301786
1473148800,0.55887416,0.22340400
1473163200,0.56690153,0.22245939
1473177600,0.57962147,0.22257751
1473192000,0.57134535,0.22261308
1473206400,0.55824919,0.22259714
1473220800,0.54590400,0.22218725
1473235200,0.53507202,0.22378516
1473249600,0.53056271,0.22363123
1473264000,0.54336919,0.22262444
1473278400,0.55228105,0.22261327
1473292800,0.54722102,0.22303832
1473307200,0.54351179,0.22326049
1473321600,0.62509036,0.20771120
1473336000,0.62264420,0.20851936
1473350400,0.62116509,0.20929993
1473364800,0.61411801,0.20685665
1473379200,0.61564441,0.20661821
1473393600,0.58262198,0.20452085
1473408000,0.59960620,0.20531097
1473422400,0.57946287,0.20566543
1473436800,0.57303193,0.20569355
1473451200,0.54994163,0.20491160
1473465600,0.53224802,0.20497129
1473480000,0.53771182,0.20491345
1473494400,0.53726692,0.20398292
1473508800,0.54212490,0.20389984
1473523200,0.53710472,0.20365554
1473537600,0.53975503,0.20368057
1473552000,0.53099712,0.20394178
1473566400,0.52122849,0.21544401
1473580800,0.51356094,0.21547701
1473595200,0.50285482,0.21570882
1473609600,0.68737378,0.17276098
1473624000,0.67772037,0.17239648
1473638400,0.66733168,0.17371616
1473652800,0.65739290,0.17287511
1473667200,0.65307900,0.17351703
1473681600,0.58966078,0.17457313
1473696000,0.56730984,0.17372267
1473710400,0.57771618,0.17584786
1473724800,0.55723080,0.17793613
1473739200,0.54216750,0.17848442
1473753600,0.56787525,0.17870915
1473768000,0.55018041,0.17812759
1473782400,0.57616102,0.17602940
1473796800,0.58352903,0.17615986
1473811200,0.58624498,0.17609428
1473825600,0.58589819,0.17600878
1473840000,0.58431215,0.17665013
1473854400,0.55318939,0.17609437
1473868800,0.55123618,0.17613901
1473883200,0.55204393,0.17650715
1473897600,0.55169854,0.17709413
1473912000,0.56342500,0.17709358
1473926400,0.54351528,0.17724949
1473940800,0.54012725,0.17715430
1473955200,0.54414364,0.17747089
1473969600,0.52657620,0.17749890
1473984000,0.53422951,0.17728017
1473998400,0.53648239,0.17748686
1474012800,0.53570524,0.17738654
1474027200,0.54815801,0.17737499
1474041600,0.55335603,0.17776032
1474056000,0.55264549,0.17702052
1474070400,0.55742651,0.17701084
1474084800,0.56619167,0.17701059
1474099200,0.55047795,0.17605299
1474113600,0.56082547,0.17606153
1474128000,0.55311902,0.17634131
1474142400,0.54296743,0.17602020
1474156800,0.55693667,0.17624770
1474171200,0.52621377,0.17623820
1474185600,0.54483286,0.17460507
1474200000,0.55794277,0.17474239
1474214400,0.55305971,0.17517212
1474228800,0.54774692,0.17488885
1474243200,0.55081400,0.17518614
1474257600,0.53541514,0.17450448
1474272000,0.54195382,0.17601250
1474286400,0.54984858,0.18121331
1474300800,0.55472982,0.18179690
1474315200,0.55925019,0.18114223
1474329600,0.56277072,0.18159709
1474344000,0.55772460,0.18230579
1474358400,0.54942910,0.18215438
1474372800,0.54438544,0.18189505
1474387200,0.54119541,0.18106159
1474401600,0.57802750,0.17597609
1474416000,0.58478413,0.17442398
1474430400,0.58650003,0.17385622
1474444800,0.58597421,0.17239722
1474459200,0.59633172,0.17264700
1474473600,0.59669497,0.17254237
1474488000,0.58251956,0.17331864
1474502400,0.56990877,0.17395487
1474516800,0.52961365,0.17474748
1474531200,0.52574890,0.17504389
1474545600,0.51779872,0.20666271
1474560000,0.52020847,0.20672256
1474574400,0.50956288,0.20672173
1474588800,0.51062900,0.20665493
1474603200,0.51481961,0.20715952
1474617600,0.51816830,0.20719455
1474632000,0.50954901,0.20770383
1474646400,0.55591337,0.20692094
1474660800,0.56815716,0.20718840
1474675200,0.57572234,0.20617043
1474689600,0.58830662,0.20577608
1474704000,0.59437773,0.20556844
1474718400,0.58761355,0.20482200
1474732800,0.59372367,0.20466563
1474747200,0.58332317,0.20475778
1474761600,0.56670752,0.20603085
1474776000,0.56816758,0.20609729
1474790400,0.52661476,0.20630141
1474804800,0.56013869,0.20606675
1474819200,0.56971183,0.20628750
1474833600,0.57235364,0.20569139
1474848000,0.58161478,0.20608825
1474862400,0.57890720,0.20569640
1474876800,0.57777378,0.20508292
1474891200,0.59340904,0.20751327
1474905600,0.57744578,0.20959663
1474920000,0.57871103,0.20958185
1474934400,0.57737266,0.21602405
1474948800,0.50441364,0.21602834
1474963200,0.53917567,0.21616006
1474977600,0.54977487,0.21631877
1474992000,0.55440160,0.21684524
1475006400,0.55999682,0.21723730
1475020800,0.56693845,0.21783043
1475035200,0.56388667,0.21788021
1475049600,0.55190347,0.21905657
1475064000,0.55491844,0.21906593
1475078400,0.55187499,0.21865598
1475092800,0.55540088,0.21914883
1475107200,0.54938799,0.22571399
1475121600,0.54723298,0.22625254
1475136000,0.54181361,0.22648845
1475150400,0.54590744,0.22585047
1475164800,0.55641298,0.23183607
1475179200,0.55211234,0.23327515
1475193600,0.55528248,0.23415108
1475208000,0.55702903,0.23448594
1475222400,0.45302163,0.23460101
1475236800,0.45959140,0.23475714
1475251200,0.45837479,0.23619680
1475265600,0.57398934,0.23595585
1475280000,0.58722617,0.23660423
1475294400,0.59358884,0.23769474
1475308800,0.59420594,0.23749367
1475323200,0.59991485,0.23941571
1475337600,0.54140789,0.23942171
1475352000,0.54653243,0.24062821
1475366400,0.55596073,0.24365929
1475380800,0.57599712,0.25277086
1475395200,0.58399787,0.26261577
1475409600,0.59210000,0.26608899
1475424000,0.58391614,0.26656972
1475438400,0.58203678,0.26655239
1475452800,0.55149242,0.26759505
1475467200,0.56385226,0.26775459
1475481600,0.54486268,0.26813445
1475496000,0.54056276,0.26810447
1475510400,0.55236008,0.26797008
1475524800,0.54988648,0.28068771
1475539200,0.55021447,0.28046290
1475553600,0.55942573,0.28217445
1475568000,0.55453454,0.28258988
1475582400,0.54993417,0.30296179
1475596800,0.55639023,0.31056752
1475611200,0.53016130,0.31973639
1475625600,0.53364349,0.32668041
1475640000,0.52493648,0.32681801
1475654400,0.50360074,0.32838979
1475668800,0.56298139,0.33494450
1475683200,0.57140040,0.33542915
1475697600,0.57796033,0.33878246
1475712000,0.58649407,0.33872374
1475726400,0.59644057,0.33846498
1475740800,0.59386374,0.33828605
1475755200,0.60160271,0.33839692
1475769600,0.60049887,0.33876241
1475784000,0.59786215,0.33872580
1475798400,0.58618939,0.34029686
1475812800,0.53972932,0.34024596
1475827200,0.59201482,0.33919638
1475841600,0.60074708,0.34216105
1475856000,0.60768526,0.34231371
1475870400,0.60647858,0.34273055
1475884800,0.60787978,0.34264980
1475899200,0.56437948,0.34249502
1475913600,0.48755099,0.34323741
1475928000,0.53551872,0.34226454
1475942400,0.55307024,0.34170072
1475956800,0.55427934,0.34172960
1475971200,0.55042740,0.34163272
1475985600,0.55454339,0.34189204
1476000000,0.53475628,0.34144419
1476014400,0.52575169,0.34221045
1476028800,0.53075119,0.34224361
1476043200,0.51589511,0.34222611
1476057600,0.52280922,0.34991615
1476072000,0.50362040,0.35568732
1476086400,0.47234823,0.35727565
1476100800,0.48939391,0.36112084
1476115200,0.49261906,0.36116486
1476129600,0.46534548,0.36121333
1476144000,0.49409787,0.36118910
1476158400,0.63014578,0.35463527
1476172800,0.63579293,0.35461341
1476187200,0.63263164,0.35489053
1476201600,0.63317483,0.35526735
1476216000,0.63323850,0.35559803
1476230400,0.55977315,0.35463546
1476244800,0.56430773,0.35515082
1476259200,0.56873783,0.35462593
1476273600,0.57732239,0.35475215
1476288000,0.56541414,0.35462357
1476302400,0.56182851,0.35435228
1476316800,0.58169380,0.35360669
1476331200,0.57987303,0.35334546
1476345600,0.57352759,0.35418303
1476360000,0.57317641,0.35520687
1476374400,0.55024454,0.35517326
1476388800,0.52287542,0.35487721
1476403200,0.50896268,0.36123107
1476417600,0.50087183,0.36151172
1476432000,0.51435740,0.36119270
1476446400,0.50836948,0.36139727
1476460800,0.48984664,0.36154077
1476475200,0.50437677,0.36129612
1476489600,0.52593495,0.36320773
1476504000,0.51647128,0.36327341
1476518400,0.51846936,0.36320264
1476532800,0.51542714,0.36348353
1476547200,0.50577642,0.36333192
1476561600,0.47807211,0.36388941
1476576000,0.48301304,0.36431539
1476590400,0.48159984,0.36464087
1476604800,0.48673457,0.36509412
1476619200,0.50750393,0.36463318
1476633600,0.38505275,0.36508913
1476648000,0.38544532,0.36580596
1476662400,0.37945441,0.36589345
1476676800,0.37960784,0.36666716
1476691200,0.35620103,0.36692015
1476705600,0.33375159,0.37758559
1476720000,0.34630980,0.37792606
1476734400,0.33907552,0.37913319
1476748800,0.34569355,0.38027149
1476763200,0.34365376,0.38029911
1476777600,0.34010641,0.38262794
1476792000,0.33017152,0.38379557
1476806400,0.35022066,0.38359216
1476820800,0.34441921,0.38523415
1476835200,0.35810670,0.38518923
1476849600,0.35980412,0.38570270
1476864000,0.39205950,0.38552118
1476878400,0.46065025,0.38271257
1476892800,0.46148094,0.38209417
1476907200,0.45522819,0.38227461
1476921600,0.45307343,0.38205732
1476936000,0.44962078,0.38195711
1476950400,0.41133384,0.38205945
1476964800,0.39337511,0.38214409
1476979200,0.38920524,0.38269061
1476993600,0.38379692,0.38276474
1477008000,0.36302360,0.38289049
1477022400,0.35813603,0.38312003
1477036800,0.35464873,0.38325803
1477051200,0.36139070,0.39747279
1477065600,0.34176020,0.39768574
1477080000,0.36717247,0.39765824
1477094400,0.38271157,0.39730418
1477108800,0.39397735,0.39743195
1477123200,0.39376687,0.39749091
1477137600,0.60773667,0.38323664
1477152000,0.58674128,0.38333462
1477166400,0.57587892,0.38366748
1477180800,0.56333264,0.38396090
1477195200,0.54843183,0.38413275
1477209600,0.40943705,0.38411368
1477224000,0.41733936,0.38638612
1477238400,0.42221886,0.38623831
1477252800,0.42521156,0.38611101
1477267200,0.41453057,0.38647613
1477281600,0.42318477,0.38618405
1477296000,0.41315588,0.38686195
1477310400,0.40354887,0.38710539
1477324800,0.39450233,0.38716278
1477339200,0.39089143,0.38709171
1477353600,0.30095464,0.38653096
1477368000,0.29925886,0.38658542
1477382400,0.29356651,0.38723209
1477396800,0.30187070,0.38725477
1477411200,0.29934273,0.38837742
1477425600,0.29404816,0.38840346
1477440000,0.28879019,0.38827900
1477454400,0.28883683,0.38844913
1477468800,0.28623260,0.38804776
1477483200,0.31443408,0.38675761
1477497600,0.32881864,0.38561872
1477512000,0.32189513,0.38638321
1477526400,0.37765130,0.38285744
1477540800,0.36529546,0.38285235
1477555200,0.34287759,0.38273557
1477569600,0.33405700,0.38653403
1477584000,0.33068673,0.38913585
1477598400,0.31817190,0.38874362
1477612800,0.32124851,0.38895684
1477627200,0.31665641,0.38975062
1477641600,0.32164019,0.38941016
1477656000,0.31688033,0.38947911
1477670400,0.31261746,0.38948012
1477684800,0.30117908,0.39019558
1477699200,0.37848808,0.38680001
1477713600,0.35959987,0.38660330
1477728000,0.34731918,0.38676750
1477742400,0.33945483,0.38676217
1477756800,0.39170551,0.38332050
1477771200,0.37685406,0.38243673
1477785600,0.36813629,0.38217925
1477800000,0.35907395,0.38207969
1477814400,0.35166769,0.38205594
1477828800,0.33321712,0.38198901
1477843200,0.33775533,0.38116902
1477857600,0.34003413,0.38075896
1477872000,0.34100866,0.38019233
1477886400,0.34455314,0.38239156
1477900800,0.34305942,0.38237756
1477915200,0.34771549,0.38125124
1477929600,0.34599301,0.38154940
1477944000,0.34536962,0.38085682
1477958400,0.37050905,0.37924054
1477972800,0.45315954,0.37336539
1477987200,0.49940831,0.36701615
1478001600,0.48981839,0.36424275
1478016000,0.46546996,0.36410860
1478030400,0.45063320,0.36408004
1478044800,0.42778405,0.36769802
1478059200,0.40827680,0.36758175
1478073600,0.33663624,0.36740168
1478088000,0.33202720,0.36766600
1478102400,0.32250521,0.36763354
1478116800,0.40646067,0.35886757
1478131200,0.37348059,0.35905524
1478145600,0.35935634,0.36299145
1478160000,0.34634698,0.36363283
1478174400,0.47535242,0.34679725
1478188800,0.47282043,0.34031124
1478203200,0.48540790,0.33186458
1478217600,0.48525251,0.32537346
1478232000,0.45447250,0.32571917
1478246400,0.44013655,0.32415208
1478260800,0.46860335,0.31731140
1478275200,0.44978125,0.31694768
1478289600,0.45381710,0.31395139
1478304000,0.43847727,0.31760443
1478318400,0.42317565,0.31803317
1478332800,0.41978538,0.31875332
1478347200,0.41140075,0.31880104
1478361600,0.41840446,0.31832441
1478376000,0.41840830,0.31834160
1478390400,0.40359540,0.31677378
1478404800,0.40322628,0.31709259
1478419200,0.39947248,0.31922770
1478433600,0.39963501,0.31585272
1478448000,0.38982933,0.31577744
1478462400,0.38353877,0.31530717
1478476800,0.37716460,0.31525530
1478491200,0.37826550,0.31663703
1478505600,0.37830259,0.31795511
1478520000,0.37656036,0.31816152
1478534400,0.37692519,0.31886511
1478548800,0.37209042,0.31923508
1478563200,0.36244211,0.31930644
1478577600,0.36552786,0.31926186
1478592000,0.36627761,0.32025451
1478606400,0.35687098,0.31950762
1478620800,0.35485660,0.31945366
1478635200,0.35378339,0.31945302
1478649600,0.40659209,0.31069066
1478664000,0.42406677,0.30418173
1478678400,0.40680211,0.30238806
1478692800,0.41764748,0.29758758
1478707200,0.40006060,0.29756252
1478721600,0.38946604,0.29770294
1478736000,0.38393513,0.29753292
1478750400,0.37917451,0.29724567
1478764800,0.39786135,0.29722694
1478779200,0.38302804,0.29702250
1478793600,0.37604921,0.29644885
1478808000,0.38156652,0.29507650
1478822400,0.37409343,0.30140619
1478836800,0.37417968,0.30074741
1478851200,0.36689863,0.30184649
1478865600,0.36844515,0.30107053
1478880000,0.36133334,0.30105715
1478894400,0.36540920,0.30015337
1478908800,0.36178123,0.29986604
1478923200,0.35762847,0.29976770
1478937600,0.36359072,0.30118649
1478952000,0.36830739,0.29993358
1478966400,0.36153493,0.29984192
1478980800,0.35624356,0.29986398
1478995200,0.41284453,0.29291220
1479009600,0.39199037,0.29310487
1479024000,0.37994705,0.29338542
1479038400,0.37357939,0.29313520
1479052800,0.37002310,0.29278721
1479067200,0.35823982,0.29344559
1479081600,0.37959060,0.29073523
1479096000,0.36887169,0.29095694
1479110400,0.36265164,0.29086532
1479124800,0.36029870,0.29293715
1479139200,0.35604750,0.29409185
1479153600,0.35543118,0.29347867
1479168000,0.35568234,0.29318451
1479182400,0.35578521,0.29269554
1479196800,0.35580930,0.29207504
1479211200,0.35079891,0.29238433
1479225600,0.35429697,0.29153306
1479240000,0.35640893,0.29089241
1479254400,0.35155564,0.29082204
1479268800,0.35532954,0.28990368
1479283200,0.35248660,0.28958933
1479297600,0.44470842,0.27566901
1479312000,0.41475415,0.27505737
1479326400,0.40762322,0.27345092
1479340800,0.40425007,0.27308702
1479355200,0.39192027,0.27307383
1479369600,0.40090220,0.27012086
1479384000,0.39871039,0.26864956
1479398400,0.38671500,0.26887599
1479412800,0.39392156,0.26666015
1479427200,0.38459732,0.26671198
1479441600,0.38062752,0.26594900
1479456000,0.37899440,0.26535668
1479470400,0.37305526,0.26520988
1479484800,0.36589821,0.26527899
1479499200,0.36412602,0.26523793
1479513600,0.34586218,0.26521405
1479528000,0.34898130,0.26476894
1479542400,0.34619203,0.26456850
1479556800,0.34453456,0.26441208
1479571200,0.34957667,0.26362749
1479585600,0.34834073,0.26341558
1479600000,0.34453234,0.26332852
1479614400,0.34514566,0.26298975
1479628800,0.34274595,0.26277196
1479643200,0.42925852,0.24062951
1479657600,0.39809064,0.24038431
1479672000,0.39043873,0.24172981
1479686400,0.37336324,0.24205017
1479700800,0.38198494,0.24176819
1479715200,0.36392715,0.24150330
1479729600,0.37336783,0.25494631
1479744000,0.36415191,0.25662370
1479758400,0.36449474,0.25887396
1479772800,0.36192811,0.26117660
1479787200,0.36310381,0.27067143
1479801600,0.34725995,0.27070615
1479816000,0.37663694,0.26750159
1479830400,0.35350856,0.26763206
1479844800,0.35158709,0.26760209
1479859200,0.35866652,0.30889022
1479873600,0.34807097,0.30973807
1479888000,0.35381760,0.30907641
1479902400,0.35086828,0.40268702
1479916800,0.34616139,0.44446529
1479931200,0.33833404,0.45747481
1479945600,0.34316818,0.46000903
1479960000,0.33777054,0.45998911
1479974400,0.34851807,0.46123783
1479988800,0.35007550,0.46129612
1480003200,0.35865576,0.46258486
1480017600,0.34582400,0.46403932
1480032000,0.34620822,0.47249109
1480046400,0.34515640,0.47249403
1480060800,0.33868255,0.47250911
1480075200,0.32690786,0.47665217
1480089600,0.32822174,0.47858397
1480104000,0.34369893,0.47813097
1480118400,0.33371905,0.47864260
1480132800,0.32511031,0.47865638
1480147200,0.33761947,0.47947049
1480161600,0.37222427,0.47779805
1480176000,0.37952623,0.47539750
1480190400,0.35701035,0.47550569
1480204800,0.36577958,0.47501496
1480219200,0.36557084,0.47570563
1480233600,0.35675201,0.47539108
1480248000,0.34969462,0.48054768
1480262400,0.34082630,0.48057830
1480276800,0.35533355,0.47977949
1480291200,0.35223101,0.48274158
1480305600,0.34682877,0.48393577
1480320000,0.34863927,0.48368915
1480334400,0.34222812,0.48521141
1480348800,0.34307822,0.49111677
1480363200,0.33270534,0.49255893
1480377600,0.34312360,0.49376894
1480392000,0.33890009,0.49389585
1480406400,0.33621588,0.49403738
1480420800,0.33541093,0.49645565
1480435200,0.33545750,0.49687655
1480449600,0.33790157,0.50034401
1480464000,0.32870136,0.50618770
1480478400,0.35704696,0.50440179
1480492800,0.33551416,0.50449242
1480507200,0.34104394,0.50670620
1480521600,0.34335921,0.50682111
1480536000,0.34347968,0.50685204
1480550400,0.34219896,0.50718882
1480564800,0.34454750,0.50688037
1480579200,0.34429112,0.50673393
1480593600,0.33552188,0.50745081
1480608000,0.33962073,0.50726339
1480622400,0.32720537,0.50792879
1480636800,0.36452972,0.50509862
1480651200,0.34965484,0.50565520
1480665600,0.34382642,0.50615925
1480680000,0.34405295,0.50620824
1480694400,0.33675636,0.51134154
1480708800,0.34421704,0.51074641
1480723200,0.34030128,0.51272866
1480737600,0.36902902,0.50941036
1480752000,0.36063186,0.51107900
1480766400,0.34960906,0.51135196
1480780800,0.35021436,0.51346436
1480795200,0.34609045,0.51368175
1480809600,0.34393087,0.51434262
1480824000,0.34368519,0.51463671
1480838400,0.33775487,0.51457574
1480852800,0.34176084,0.51431885
1480867200,0.33558699,0.51450020
1480881600,0.33896249,0.51615747
1480896000,0.35544782,0.51582409
1480910400,0.34518734,0.51615849
1480924800,0.34729512,0.52026864
1480939200,0.34147821,0.52039233
1480953600,0.33280428,0.53155368
1480968000,0.33230735,0.53383633
1480982400,0.33291188,0.53379592
1480996800,0.33458710,0.53428322
1481011200,0.35021059,0.56281771
1481025600,0.32856050,0.64457503
1481040000,0.33381018,0.65652865
1481054400,0.32348417,0.67093408
1481068800,0.33138866,0.67419052
1481083200,0.34217609,0.67376094
1481097600,0.35168981,0.74021653
1481112000,0.34158438,0.74477963
1481126400,0.34353882,0.74977319
1481140800,0.34026873,0.74985782
1481155200,0.33773781,0.78554271
1481169600,0.33559037,0.78542143
1481184000,0.34215182,0.80230300
1481198400,0.33831286,0.80355568
1481212800,0.32327888,0.80359426
1481227200,0.32395712,0.80669605
1481241600,0.31890357,0.80866970
1481256000,0.32521495,0.80950039
1481270400,0.32210934,0.81299890
1481284800,0.32155584,0.81298055
1481299200,0.31996124,0.81320272
1481313600,0.32342168,0.81370337
1481328000,0.32265413,0.81981559
1481342400,0.31520020,0.81980801
1481356800,0.31069666,0.82216283
1481371200,0.31976849,0.82226688
1481385600,0.30671470,0.82272354
1481400000,0.30507990,0.82331057
1481414400,0.36202822,0.82141166
1481428800,0.33506330,0.82170075
1481443200,0.34479602,0.82141185
1481457600,0.32774030,0.82141977
1481472000,0.32170253,0.82142106
1481486400,0.32060180,0.82142436
1481500800,0.32225225,0.82182162
1481515200,0.31424195,0.82205318
1481529600,0.34368510,0.87340983
1481544000,0.32313757,0.89326532
1481558400,0.32682649,0.89347813
1481572800,0.32089630,0.89537124
1481587200,0.33114667,0.89515784
1481601600,0.32941178,0.90098285
1481616000,0.32665260,0.90241829
1481630400,0.31489413,0.91162625
1481644800,0.31129810,0.91634412
1481659200,0.32589907,0.91849612
1481673600,0.32170379,0.92100579
1481688000,0.32156563,0.92148436
1481702400,0.30857230,0.92565626
1481716800,0.33722798,0.92737733
1481731200,0.33601436,0.92726139
1481745600,0.32841740,0.92741096
1481760000,0.32841679,0.92791430
1481774400,0.32396495,0.92834758
1481788800,0.31241223,0.92922202
1481803200,0.32103982,0.92931759
1481817600,0.31481303,0.92955008
1481832000,0.31867811,0.93001761
1481846400,0.31707388,0.92998696
1481860800,0.31391537,0.93049755
1481875200,0.31262533,0.93173332
1481889600,0.31440593,0.93204122
1481904000,0.30949418,0.93223189
1481918400,0.30903057,0.93305783
1481932800,0.32531819,0.93367740
1481947200,0.31315175,0.93366965
1481961600,0.31916272,0.93464488
1481976000,0.31905582,0.93561442
1481990400,0.31614294,0.93558252
1482004800,0.31219249,0.93557020
1482019200,0.31434520,0.93743907
1482033600,0.30085564,0.94901432
1482048000,0.31283704,0.94921887
1482062400,0.30468809,0.94943324
1482076800,0.30553160,0.95490637
1482091200,0.31105148,0.95484693
1482105600,0.30385563,0.95636025
1482120000,0.30207604,0.95648797
1482134400,0.30174755,0.95668735
1482148800,0.29948243,0.96197430
1482163200,0.29341499,0.96201887
1482177600,0.30388183,0.96404166
1482192000,0.30290613,0.96451972
1482206400,0.29802626,0.96469363
1482220800,0.29351137,0.96474248
1482235200,0.30046842,0.96491964
1482249600,0.30002595,0.96558978
1482264000,0.31843840,0.96513285
1482278400,0.31255131,0.96506247
1482292800,0.31416228,0.96497097
1482307200,0.30783403,0.96515877
1482321600,0.37030010,0.96170295
1482336000,0.35494467,0.96119497
1482350400,0.35563825,0.96056173
1482364800,0.35626841,0.96527786
1482379200,0.37819739,0.96256940
1482393600,0.35561779,0.96274558
1482408000,0.35855055,0.96264127
1482422400,0.35210426,0.96260775
1482436800,0.33882188,0.96271473
1482451200,0.40116683,0.95088782
1482465600,0.38697834,0.95060524
1482480000,0.38057327,0.95065392
1482494400,0.43870596,0.91781294
1482508800,0.44373783,0.89829070
1482523200,0.43645856,0.89293704
1482537600,0.42935013,0.89158336
1482552000,0.41616824,0.89156266
1482566400,0.41144862,0.89060568
1482580800,0.38922001,0.89050988
1482595200,0.37943117,0.88930139
1482609600,0.37508970,0.88879144
1482624000,0.39369860,0.88428161
1482638400,0.37988333,0.88443502
1482652800,0.37545095,0.88595062
1482667200,0.38920066,0.88374455
1482681600,0.38725280,0.88269057
1482696000,0.36831758,0.88541280
1482710400,0.37127095,0.88616955
1482724800,0.36176729,0.88628947
1482739200,0.36336159,0.88572652
1482753600,0.36292932,0.88508483
1482768000,0.34671380,0.88574793
1482782400,0.35280413,0.88576638
1482796800,0.35225286,0.88645731
1482811200,0.36009899,0.88577999
1482825600,0.34371710,0.88585059
1482840000,0.37576545,0.88453024
1482854400,0.36209468,0.88451390
1482868800,0.35764854,0.88457978
1482883200,0.37708455,0.88277052
1482897600,0.37625599,0.88222838
1482912000,0.35244465,0.88224654
1482926400,0.36938930,0.88149878
1482940800,0.38492194,0.87820679
1482955200,0.37809775,0.87740255
1482969600,0.37793879,0.87659793
1482984000,0.37259704,0.87648042
1482998400,0.36970435,0.87664038
1483012800,0.37007906,0.87533235
1483027200,0.36286658,0.87506195
1483041600,0.37465385,0.87297309
1483056000,0.38631982,0.86959524
1483070400,0.37831119,0.86940454
1483084800,0.37083528,0.86937398
1483099200,0.38168496,0.86805059
1483113600,0.35212111,0.86838491
1483128000,0.33259504,0.86828574
1483142400,0.33553007,0.86791635
1483156800,0.33433864,0.86786222
1483171200,0.31953378,0.86775137
1483185600,0.32544449,0.86739536
1483200000,0.31414852,0.86740280
1483214400,0.32326744,0.86702165
1483228800,0.32553109,0.86686791
1483243200,0.33024700,0.86770075
1483257600,0.32876833,0.86781507
1483272000,0.33032319,0.86940977
1483286400,0.35089006,0.86638965
1483300800,0.33929614,0.86718616
1483315200,0.35435011,0.86600912
1483329600,0.35253984,0.86581609
1483344000,0.35919100,0.86538785
1483358400,0.34360970,0.86536473
1483372800,0.35317018,0.86443372
1483387200,0.34547347,0.86474926
1483401600,0.34909422,0.86451629
1483416000,0.34187093,0.86441319
1483430400,0.33101282,0.86483326
1483444800,0.32243325,0.86487187
1483459200,0.32497848,0.86499569
1483473600,0.33611496,0.86417633
1483488000,0.34274711,0.86353700
1483502400,0.34487269,0.86330348
1483516800,0.35809583,0.86069055
1483531200,0.35617400,0.86084727
1483545600,0.36818470,0.85401484
1483560000,0.36853836,0.85266707
1483574400,0.36286906,0.85329752
1483588800,0.36447622,0.85332338
1483603200,0.37985016,0.83397833
1483617600,0.39059078,0.77256534
1483632000,0.39440729,0.76919554
1483646400,0.39914793,0.75703405
1483660800,0.40050293,0.75413165
1483675200,0.39338882,0.75394135
1483689600,0.38905802,0.68794274
1483704000,0.38794489,0.68400314
1483718400,0.38854439,0.67840684
1483732800,0.38501086,0.67813346
1483747200,0.39637951,0.63675043
1483761600,0.36269160,0.63680928
1483776000,0.38340856,0.61487571
1483790400,0.38055433,0.61308366
1483804800,0.37612839,0.61303895
1483819200,0.36457085,0.60895308
1483833600,0.34241098,0.60665153
1483848000,0.31034614,0.60885180
1483862400,0.31912596,0.60414258
1483876800,0.31506786,0.60416378
1483891200,0.31158598,0.60384300
1483905600,0.30790686,0.60320150
1483920000,0.32641819,0.59629797
1483934400,0.30689016,0.59661514
1483948800,0.32628321,0.59889316
1483963200,0.32590628,0.60028463
1483977600,0.32836144,0.60095115
1483992000,0.30356806,0.60088698
1484006400,0.30757592,0.60356182
1484020800,0.28934698,0.60488916
1484035200,0.28825571,0.60546349
1484049600,0.27964576,0.67168849
1484064000,0.26601882,0.69053858
1484078400,0.25298272,0.71491272
1484092800,0.26380337,0.71555852
1484107200,0.26833755,0.71568938
1484121600,0.35055710,0.65084521
1484136000,0.36126875,0.62381765
1484150400,0.36706480,0.62466964
1484164800,0.37688180,0.62247027
1484179200,0.37665770,0.62241357
1484193600,0.35105287,0.61454435
1484208000,0.32122471,0.61318812
1484222400,0.33761176,0.59946536
1484236800,0.34263728,0.59318154
1484251200,0.34798583,0.59003922
1484265600,0.34503135,0.58609738
1484280000,0.34499596,0.58524717
1484294400,0.33684438,0.57863627
1484308800,0.33240990,0.57468168
1484323200,0.32711904,0.57435333
1484337600,0.32149900,0.57405250
1484352000,0.32444200,0.57311618
1484366400,0.30696151,0.57262675
1484380800,0.29447865,0.57272924
1484395200,0.29363550,0.57243235
1484409600,0.29561157,0.57269411
1484424000,0.29677536,0.57185405
1484438400,0.28856313,0.57184602
1484452800,0.28777907,0.57171965
1484467200,0.30208733,0.57004999
1484481600,0.30288114,0.57115997
1484496000,0.29965664,0.57085266
1484510400,0.30957107,0.56951299
1484524800,0.31370181,0.56808095
1484539200,0.29432540,0.56827794
1484553600,0.30004081,0.56703597
1484568000,0.30545169,0.56533044
1484582400,0.30314914,0.56537113
1484596800,0.29636974,0.56531560
1484611200,0.30724555,0.56293794
1484625600,0.31865166,0.54325061
1484640000,0.32628576,0.54341622
1484654400,0.33086163,0.54331223
1484668800,0.33116157,0.53376933
1484683200,0.33554786,0.53367680
1484697600,0.31500419,0.53107236
1484712000,0.31814397,0.53083412
1484726400,0.32003396,0.53045342
1484740800,0.31080026,0.52283262
1484755200,0.31683747,0.52280654
1484769600,0.31670855,0.51897602
1484784000,0.32071432,0.51912663
1484798400,0.32320185,0.51885676
1484812800,0.30146096,0.51892202
1484827200,0.30356632,0.51909527
1484841600,0.28994171,0.51814797
1484856000,0.28464312,0.51852834
1484870400,0.28257166,0.51850824
1484884800,0.28308586,0.51868826
1484899200,0.28341718,0.51855449
1484913600,0.27837585,0.51762524
1484928000,0.28030126,0.51787134
1484942400,0.28299435,0.51808176
1484956800,0.31589506,0.50953184
1484971200,0.32141906,0.51154581
1484985600,0.32239355,0.51119798
1485000000,0.32486077,0.51114274
1485014400,0.32660088,0.51146721
1485028800,0.26993340,0.51923199
1485043200,0.28852832,0.51889831
1485057600,0.28758201,0.51925663
1485072000,0.28947521,0.52458063
1485086400,0.31294580,0.51984069
1485100800,0.31723278,0.52236363
1485115200,0.31706558,0.52043845
1485129600,0.32053070,0.52058507
1485144000,0.32234307,0.52083504
1485158400,0.29510984,0.52079746
1485172800,0.29842795,0.52279935
1485187200,0.26599706,0.52289110
1485201600,0.28063684,0.52326244
1485216000,0.28284429,0.52331599
1485230400,0.28920552,0.52292473
1485244800,0.30942659,0.52246417
1485259200,0.31284634,0.52423023
1485273600,0.38336716,0.52539694
1485288000,0.42147613,0.52366509
1485302400,0.42906264,0.52451616
1485316800,0.41714553,0.53308799
1485331200,0.41538178,0.53324958
1485345600,0.42261365,0.53983313
1485360000,0.39228881,0.53988307
1485374400,0.36702891,0.53978250
1485388800,0.38544170,0.53863902
1485403200,0.38662997,0.53857713
1485417600,0.38543406,0.53842885
1485432000,0.40117428,0.54104365
1485446400,0.39797265,0.54149824
1485460800,0.38798137,0.54138542
1485475200,0.38581636,0.54223530
1485489600,0.39034105,0.54762387
1485504000,0.31918359,0.54779005
1485518400,0.33206077,0.54761939
1485532800,0.32960758,0.54755336
1485547200,0.32917070,0.54773932
1485561600,0.30670371,0.54845465
1485576000,0.30328433,0.54853977
1485590400,0.32907452,0.54812124
1485604800,0.33333836,0.54811609
1485619200,0.33133005,0.54906868
1485633600,0.33315454,0.54906310
1485648000,0.33299458,0.54919397
1485662400,0.30213722,0.54959895
1485676800,0.28267172,0.54996535
1485691200,0.28331455,0.54997449
1485705600,0.35615228,0.54996885
1485720000,0.36022672,0.55110224
1485734400,0.35637977,0.55129325
1485748800,0.35992034,0.55127028
1485763200,0.36152552,0.55204804
1485777600,0.32119182,0.55564334
1485792000,0.30805408,0.55577872
1485806400,0.31015856,0.55635235
1485820800,0.32135255,0.55783532
1485835200,0.39152754,0.55617451
1485849600,0.40121175,0.55619711
1485864000,0.42739332,0.55505588
1485878400,0.42669783,0.55740650
1485892800,0.43759997,0.55685874
1485907200,0.42419338,0.55810601
1485921600,0.41884637,0.55831798
1485936000,0.40416885,0.56004469
1485950400,0.40819618,0.56146623
1485964800,0.40129721,0.56081345
1485979200,0.41010884,0.56223869
1485993600,0.59845006,0.56192590
1486008000,0.58293646,0.56157631
1486022400,0.58841427,0.56099557
1486036800,0.57882043,0.56270812
1486051200,0.57286770,0.56234214
1486065600,0.57711122,0.56171652
1486080000,0.58432067,0.56133059
1486094400,0.57719809,0.56176615
1486108800,0.58150979,0.56188929
1486123200,0.58257262,0.56269762
1486137600,0.57093382,0.56267364
1486152000,0.55377579,0.56259607
1486166400,0.57167143,0.56161928
1486180800,0.57698848,0.56107463
1486195200,0.56663621,0.56107118
1486209600,0.56597687,0.56137913
1486224000,0.65651819,0.55202716
1486238400,0.64909491,0.55155989
1486252800,0.64351771,0.55158511
1486267200,0.64198147,0.55186002
1486281600,0.64026478,0.59012500
1486296000,0.57331547,0.59627448
1486310400,0.56368409,0.59851599
1486324800,0.56069808,0.60082479
1486339200,0.56882633,0.60739390
1486353600,0.56683592,0.61446956
1486368000,0.53000926,0.62462727
1486382400,0.51536017,0.62744302
1486396800,0.51462577,0.62828051
1486411200,0.46583192,0.63389530
1486425600,0.49817677,0.63376927
1486440000,0.58758337,0.63493686
1486454400,0.58397290,0.63536233
1486468800,0.58018603,0.63961007
1486483200,0.57890676,0.63992708
1486497600,0.57555109,0.64012305
1486512000,0.54903479,0.63903910
1486526400,0.55397205,0.63970494
1486540800,0.62136109,0.63529840
1486555200,0.62815950,0.64463458
1486569600,0.63209098,0.64718837
1486584000,0.62669452,0.78579864
1486598400,0.64432361,0.78951576
1486612800,0.62732845,0.79268797
1486627200,0.61991288,0.79239570
1486641600,0.81964896,0.73746425
1486656000,0.82871033,0.72086705
1486670400,0.84850710,0.69669166
1486684800,0.83407749,0.69568508
1486699200,0.82424843,0.69532937
1486713600,0.87474042,0.69532290
1486728000,0.82975122,0.70228069
1486742400,0.74054431,0.70335426
1486756800,0.72560145,0.70290376
1486771200,0.72280071,0.70308018
1486785600,0.71595806,0.70316437
1486800000,0.71561664,0.70333136
1486814400,0.69689792,0.70348361
1486828800,0.69047564,0.70286504
1486843200,0.69292939,0.70263057
1486857600,0.68261040,0.70259205
1486872000,0.66549903,0.70297923
1486886400,0.66338894,0.70350835
1486900800,0.63135664,0.70373431
1486915200,0.59742617,0.70367948
1486929600,0.58992603,0.70365318
1486944000,0.58323933,0.70393172
1486958400,0.59960346,0.70378222
1486972800,0.64261404,0.70263068
1486987200,0.64459081,0.70274723
1487001600,0.64536115,0.70229266
1487016000,0.64711565,0.70233634
1487030400,0.64234470,0.70737058
1487044800,0.62356069,0.70808181
1487059200,0.62916812,0.70806191
1487073600,0.64438997,0.70691177
1487088000,0.64712041,0.71143628
1487102400,0.64224007,0.71289160
1487116800,0.63078160,0.75051041
1487131200,0.62676043,0.75396199
1487145600,0.60251982,0.77871083
1487160000,0.60481980,0.78044964
1487174400,0.60220032,0.78551937
1487188800,0.60160354,0.79971196
1487203200,0.60765968,0.80078126
1487217600,0.59936078,0.80279820
1487232000,0.60860149,0.80296591
1487246400,0.61097668,0.89258363
1487260800,0.61202831,0.89305436
1487275200,0.60136222,0.89377554
1487289600,0.59416539,0.90180760
1487304000,0.57563018,0.90226804
1487318400,0.55820324,0.90406703
1487332800,0.60695980,0.91231267
1487347200,0.60878997,0.91528399
1487361600,0.60368427,0.92370241
1487376000,0.61316491,0.92526525
1487390400,0.61471514,0.92543453
1487404800,0.58690491,0.92711430
1487419200,0.59341814,0.92682514
1487433600,0.59959055,0.92768402
1487448000,0.59386526,0.92774337
1487462400,0.60900152,0.93356788
1487476800,0.59015065,0.93376906
1487491200,0.58653007,0.93409100
1487505600,0.59897492,0.93409505
1487520000,0.57704198,0.93758987
1487534400,0.58093121,0.93755397
1487548800,0.59690017,0.94008492
1487563200,0.61356238,0.94481622
1487577600,0.62524382,0.94484532
1487592000,0.62544225,0.95747083
1487606400,0.60048388,0.95731259
1487620800,0.65800089,0.95632964
1487635200,0.64793938,0.95571768
1487649600,0.63967257,0.95554878
1487664000,0.66483890,0.95262761
1487678400,0.65777686,0.95258162
1487692800,0.65110901,0.95151736
1487707200,0.64863022,0.95173279
1487721600,0.63936989,0.95402206
1487736000,0.62063224,0.95388188
1487750400,0.62430630,0.95751234
1487764800,0.61776964,0.95627987
1487779200,0.61948586,0.95708730
1487793600,0.61371811,0.96529421
1487808000,0.61721097,0.96678410
1487822400,0.62045625,0.96704289
1487836800,0.61119765,0.97050760
1487851200,0.62198331,0.97442453
1487865600,0.62292908,0.97425285
1487880000,0.63897235,0.97841165
1487894400,0.64815443,0.97700366
1487908800,0.69156980,0.97417980
1487923200,0.68147254,0.97581270
1487937600,0.69689429,0.97602700
1487952000,0.68624248,0.97680222
1487966400,0.68465748,0.97894602
1487980800,0.66045084,0.97932485
1487995200,0.65636724,0.98212105
1488009600,0.62642912,0.98212145
1488024000,0.65388646,0.98912072
1488038400,0.65054890,0.99028298
1488052800,0.66444085,0.99398737
1488067200,0.63773195,0.99358729
1488081600,0.67071708,0.99106354
1488096000,0.65994323,0.99287383
1488110400,0.66692824,0.99325563
1488124800,0.66011639,0.99818096
1488139200,0.63427137,0.99929308
1488153600,0.61694526,1.00420430
1488168000,0.61628001,1.00476723
1488182400,0.62015745,1.00943352
1488196800,0.60988686,1.00990360
1488211200,0.61084008,1.00938594
1488225600,0.61696773,1.00938916
1488240000,0.60647501,1.00936762
1488254400,0.60528104,1.00922659
1488268800,0.60516599,1.01059118
1488283200,0.60624309,1.01058701
1488297600,0.60363726,1.01013762
1488312000,0.60834601,1.00997150
1488326400,0.60682152,1.01025726
1488340800,0.60603976,1.01034036
1488355200,0.60370210,1.00993185
1488369600,0.62269105,1.01983602
1488384000,0.61737639,1.02023038
1488398400,0.61252009,1.01992034
1488412800,0.61654678,1.01904167
1488427200,0.61370589,1.02013068
1488441600,0.61027248,1.01973618
1488456000,0.61502854,1.02000611
1488470400,0.62273393,1.01871856
1488484800,0.61921761,1.01943977
1488499200,0.62040493,1.01938518
1488513600,0.61713846,1.01994505
1488528000,0.62815547,1.01838504
1488542400,0.62822553,1.01925083
1488556800,0.62466542,1.01922753
1488571200,0.62600653,1.01800970
1488585600,0.62242453,1.02480654
1488600000,0.61790857,1.02522052
1488614400,0.61215128,1.02518511
1488628800,0.61600747,1.02424333
1488643200,0.61299028,1.02461527
1488657600,0.60962977,1.02460409
1488672000,0.60585901,1.02440821
1488686400,0.60639159,1.02412072
1488700800,0.60482239,1.02392182
1488715200,0.60931682,1.02424818
1488729600,0.61547019,1.02435090
1488744000,0.60454460,1.02451293
1488758400,0.60478810,1.02457970
1488772800,0.59709151,1.02516150
1488787200,0.59452364,1.02515404
1488801600,0.59178887,1.02512045
1488816000,0.59630103,1.02550858
1488830400,0.59086924,1.02589476
1488844800,0.58797890,1.02640849
1488859200,0.58740782,1.02634377
1488873600,0.69065797,1.00743943
1488888000,0.67228875,1.00371080
1488902400,0.65519990,1.00422401
1488916800,0.64306153,1.00292729
1488931200,0.64737705,0.99940900
1488945600,0.66443943,0.99590329
1488960000,0.67485045,0.98956996
1488974400,0.66550777,0.98783863
1488988800,0.65667600,0.98738122
1489003200,0.65945070,0.98389832
1489017600,0.66084420,0.98395736
1489032000,0.66155307,0.98118990
1489046400,0.66035634,0.98092591
1489060800,0.65660809,0.97864781
1489075200,0.66026097,0.97852262
1489089600,0.65210460,0.97851588
1489104000,0.65442516,0.97830663
1489118400,0.64771121,0.97767964
1489132800,0.65797923,0.97742230
1489147200,0.66717398,0.97340400
1489161600,0.66096039,0.97201476
1489176000,0.81178753,0.86374402
1489190400,0.77579239,0.85824302
1489204800,0.75068687,0.85463606
1489219200,0.74079461,0.85522452
1489233600,0.72351070,0.85514517
1489248000,0.74932628,0.85430160
1489262400,0.78073352,0.85436012
1489276800,0.77055817,0.85476225
1489291200,0.76865356,0.85472268
1489305600,0.77769029,0.85533764
1489320000,0.72751676,0.85029282
1489334400,0.71854169,0.84854453
1489348800,0.72712996,0.84864645
1489363200,0.70910805,0.84850193
1489377600,0.69766594,0.84803997
1489392000,0.70922220,0.84728994
1489406400,0.72042438,0.84712671
1489420800,0.71448459,0.84713000
1489435200,0.70956858,0.84696110
1489449600,0.71983242,0.84701284
1489464000,0.71298933,0.84807440
1489478400,0.70529189,0.84763266
1489492800,0.70379432,0.84939598
1489507200,0.71570397,0.84939697
1489521600,0.71794053,0.84941861
1489536000,0.69810305,0.84945641
1489550400,0.71014941,0.84969073
1489564800,0.71135990,0.84986978
1489579200,0.70309672,0.85192846
1489593600,0.59794785,0.85208708
1489608000,0.59467501,0.85201640
1489622400,0.62214335,0.84783937
1489636800,0.61487770,0.84675193
1489651200,0.61221862,0.84653645
1489665600,0.61310845,0.84672877
1489680000,0.62403704,0.84307541
1489694400,0.62260867,0.84288050
1489708800,0.67118660,0.81007910
1489723200,0.67600165,0.80683448
1489737600,0.69019683,0.78265451
1489752000,0.69294078,0.78089915
1489766400,0.69443561,0.77613848
1489780800,0.69444766,0.76154009
1489795200,0.69647130,0.75977441
1489809600,0.69010887,0.75767128
1489824000,0.69093405,0.75701049
1489838400,0.72400644,0.65106405
1489852800,0.72764409,0.65036037
1489867200,0.72743746,0.64962455
1489881600,0.72723386,0.63935962
1489896000,0.73012291,0.64031506
1489910400,0.70625554,0.63777576
1489924800,0.71234759,0.62439626
1489939200,0.71447206,0.62016676
1489953600,0.71492754,0.60752383
1489968000,0.71735678,0.60424443
1489982400,0.71896501,0.60393100
1489996800,0.71231373,0.60122925
1490011200,0.71422841,0.60125709
1490025600,0.69601362,0.59970525
1490040000,0.69202072,0.59935458
1490054400,0.69663797,0.59025654
1490068800,0.69727377,0.58999343
1490083200,0.69675563,0.58929425
1490097600,0.69670984,0.59281678
1490112000,0.69528067,0.58707888
1490126400,0.68937339,0.58709467
1490140800,0.69270823,0.58280458
1490155200,0.67237935,0.57316349
1490169600,0.67688202,0.57375853
1490184000,0.68266210,0.55355162
1490198400,0.68488829,0.55395490
1490212800,0.68159717,0.54829793
1490227200,0.68345962,0.54858055
1490241600,0.67724805,0.54853755
1490256000,0.65890229,0.54866415
1490270400,0.65370600,0.54846038
1490284800,0.63571861,0.55030081
1490299200,0.63923138,0.55189802
1490313600,0.65021243,0.54783317
1490328000,0.65087636,0.54793806
1490342400,0.66112985,0.54168151
1490356800,0.66129453,0.54304180
1490371200,0.66210379,0.54210952
1490385600,0.67217713,0.52665512
1490400000,0.67430017,0.52388699
1490414400,0.67041713,0.52603601
1490428800,0.67543728,0.51771922
1490443200,0.67916848,0.50848738
1490457600,0.67103064,0.50942725
1490472000,0.67563612,0.49831160
1490486400,0.67700692,0.49831691
1490500800,0.67253461,0.49481228
1490515200,0.66807467,0.49206328
1490529600,0.67292009,0.48416467
1490544000,0.66674403,0.48284228
1490558400,0.67012853,0.47853379
1490572800,0.66810056,0.47767550
1490587200,0.66948253,0.47212970
1490601600,0.66299697,0.47274401
1490616000,0.67487149,0.45504949
1490630400,0.67444165,0.45219499
1490644800,0.67764228,0.44408168
1490659200,0.67567774,0.44404938
1490673600,0.67586723,0.44362302
1490688000,0.66425171,0.43933170
1490702400,0.66224330,0.44271762
1490716800,0.66450464,0.43180250
1490731200,0.66698569,0.42954312
1490745600,0.67357994,0.41707316
1490760000,0.67237636,0.41606872
1490774400,0.67686692,0.41971891
1490788800,0.67234433,0.41971278
1490803200,0.67176626,0.42082173
1490817600,0.66116520,0.42713267
1490832000,0.65909307,0.42701505
1490846400,0.62777730,0.42678300
1490860800,0.64116783,0.42307212
1490875200,0.64225844,0.42310679
1490889600,0.64219406,0.42518981
1490904000,0.64508999,0.42436594
1490918400,0.64697966,0.42344132
1490932800,0.63329675,0.42321918
1490947200,0.63397120,0.42418432
1490961600,0.67271096,0.39541718
1490976000,0.67328942,0.39478559
1490990400,0.67353491,0.39743582
1491004800,0.67352066,0.40279881
1491019200,0.67399104,0.39968270
1491033600,0.68427454,0.39972380
1491048000,0.68167319,0.40692594
1491062400,0.68970985,0.41681359
1491076800,0.68788458,0.41437491
1491091200,0.68643717,0.41304143
1491105600,0.68971936,0.41196101
1491120000,0.68662325,0.42009254
1491134400,0.69171950,0.42039380
1491148800,0.69377750,0.42184535
1491163200,0.69168052,0.42389422
1491177600,0.69995959,0.40771667
1491192000,0.70343369,0.40867726
1491206400,0.70603510,0.40954866
1491220800,0.70240814,0.40973484
1491235200,0.70108587,0.41885733
1491249600,0.67247244,0.41880446
1491264000,0.66392852,0.41893325
1491278400,0.66668099,0.41873446
1491292800,0.66730186,0.41933784
1491307200,0.67432469,0.42182478
1491321600,0.67778154,0.42933320
1491336000,0.67881279,0.42932904
1491350400,0.67977746,0.43289047
1491364800,0.68217267,0.43193500
1491379200,0.67725330,0.43287981
1491393600,0.67408488,0.44175581
1491408000,0.67565953,0.44634592
1491422400,0.67917240,0.44613519
1491436800,0.67789545,0.45111110
1491451200,0.68114409,0.45133073
1491465600,0.69085942,0.44754285
1491480000,0.69327167,0.45255422
1491494400,0.69777622,0.45284354
1491508800,0.70007300,0.45381396
1491523200,0.69918609,0.45243084
1491537600,0.69338870,0.45338319
1491552000,0.69622805,0.45502744
1491566400,0.68238189,0.45898622
1491580800,0.68251395,0.46150958
1491595200,0.67564039,0.46474591
1491609600,0.66186271,0.46808477
1491624000,0.66487869,0.46963595
1491638400,0.66396787,0.46961260
1491652800,0.66995320,0.46896039
1491667200,0.67137413,0.47095600
1491681600,0.67111761,0.47415193
1491696000,0.67340085,0.48214513
1491710400,0.67451850,0.48488306
1491724800,0.66396843,0.48634930
1491739200,0.68850484,0.48495508
1491753600,0.75418584,0.48573069
1491768000,0.75346525,0.48874250
1491782400,0.75245306,0.49293336
1491796800,0.75681158,0.49557483
1491811200,0.74177317,0.49493220
1491825600,0.72861659,0.49862619
1491840000,0.71696874,0.49889992
1491854400,0.71818220,0.49898442
1491868800,0.72358469,0.49853545
1491883200,0.69570678,0.53290382
1491897600,0.71558144,0.53237417
1491912000,0.73221421,0.53084154
1491926400,0.72326280,0.53254122
1491940800,0.72082139,0.53235887
1491955200,0.71293699,0.53817022
1491969600,0.71622731,0.53781203
1491984000,0.68128255,0.53816275
1491998400,0.67269044,0.53976972
1492012800,0.68507043,0.56587456
1492027200,0.67469450,0.56655115
1492041600,0.67251810,0.57105950
1492056000,0.72584340,0.57131392
1492070400,0.71194854,0.57571232
1492084800,0.74644001,0.57328507
1492099200,0.73225616,0.57558043
1492113600,0.73448695,0.58277992
1492128000,0.73064990,0.58239606
1492142400,0.73376295,0.58329824
1492156800,0.70468368,0.58502867
1492171200,0.74257079,0.58223740
1492185600,0.73842686,0.58337862
1492200000,0.72468634,0.58804631
1492214400,0.72667947,0.59234602
1492228800,0.72106805,0.59356328
1492243200,0.67155138,0.59375592
1492257600,0.68746354,0.59938466
1492272000,0.69328704,0.59917437
1492286400,0.72419585,0.60148974
1492300800,0.73160251,0.60613183
1492315200,0.72748006,0.60623423
1492329600,0.72188581,0.60767631
1492344000,0.71473189,0.61270157
1492358400,0.71321216,0.61222795
1492372800,0.68860722,0.61243590
1492387200,0.68009793,0.62085590
1492401600,0.68691129,0.62133347
1492416000,0.68315675,0.62234297
1492430400,0.73038890,0.62014217
1492444800,0.72204854,0.62106464
1492459200,0.72754010,0.62102202
1492473600,0.75017761,0.62017879
1492488000,0.75432263,0.61972987
1492502400,0.73742982,0.62005373
1492516800,0.74335692,0.62541803
1492531200,0.74322689,0.62523651
1492545600,0.73113240,0.62671586
1492560000,0.71621185,0.62701924
1492574400,0.71182015,0.62784373
1492588800,0.70787652,0.62782934
1492603200,0.70007201,0.62777532
1492617600,0.70532718,0.62875877
1492632000,0.70696408,0.62934453
1492646400,0.70521487,0.63045393
1492660800,0.71755018,0.63030883
1492675200,0.71315699,0.63120103
1492689600,0.75033625,0.62839821
1492704000,0.74317884,0.63268404
1492718400,0.74753581,0.63641899
1492732800,0.75340111,0.63535992
1492747200,0.74509613,0.63549970
1492761600,0.73973477,0.63599998
1492776000,0.74605495,0.64162587
1492790400,0.74436356,0.64126492
1492804800,0.73469491,0.64119265
1492819200,0.73822416,0.64714655
1492833600,0.72776643,0.65761220
1492848000,0.72746207,0.65781216
1492862400,0.72385068,0.66057874
1492876800,0.74619395,0.66068379
1492891200,0.75346306,0.66522135
1492905600,0.74802910,0.66843235
1492920000,0.74854440,0.66863517
1492934400,0.74860085,0.66939620
1492948800,0.75019444,0.67416484
1492963200,0.74256998,0.67369812
1492977600,0.74010630,0.67456968
1492992000,0.73743489,0.68011067
1493006400,0.75312049,0.67829836
1493020800,0.74593307,0.67813529
1493035200,0.73988878,0.67813830
1493049600,0.75224619,0.70051631
1493064000,0.74768212,0.70199298
1493078400,0.73313880,0.70838872
1493092800,0.73828372,0.70832317
1493107200,0.74266481,0.72598319
1493121600,0.72921829,0.72820229
1493136000,0.74317104,0.86937256
1493150400,0.73931553,0.87813159
1493164800,0.73361436,0.89982711
1493179200,0.73682231,0.90174624
1493193600,0.76839797,0.90517634
1493208000,0.77632127,0.91937518
1493222400,0.76823024,0.96258957
1493236800,0.76553586,0.96262201
1493251200,0.76601804,0.97396630
1493265600,0.77350013,0.99472463
1493280000,0.75380172,0.99473979
1493294400,0.77645080,1.00393615
1493308800,0.76829340,1.00535014
1493323200,0.77313957,1.01149901
1493337600,0.76612728,1.03130024
1493352000,0.77172266,1.03356833
1493366400,0.78211107,1.02752921
1493380800,0.77430475,1.08530673
1493395200,0.77352349,1.09627448
1493409600,0.77873303,1.09596957
1493424000,0.75589473,1.09687388
1493438400,0.75521661,1.10041339
1493452800,0.75577386,1.10100433
1493467200,0.75407755,1.10208612
1493481600,0.75632893,1.10850430
1493496000,0.75261334,1.10840031
1493510400,0.74130708,1.10879525
1493524800,0.74476401,1.10927865
1493539200,0.75940064,1.10888342
1493553600,0.75431199,1.11524759
1493568000,0.75370125,1.11509949
1493582400,0.76334018,1.11602197
1493596800,0.76925800,1.12730751
1493611200,0.75061031,1.13262567
1493625600,0.75479628,1.13518904
1493640000,0.77415945,1.13657030
1493654400,0.77398955,1.13372400
1493668800,0.76102157,1.13369877
1493683200,0.76755979,1.13658298
1493697600,0.76936917,1.14205612
1493712000,0.77416749,1.13910446
1493726400,0.77041532,1.14096399
1493740800,0.76699152,1.14052284
1493755200,0.76818124,1.14037696
1493769600,0.76470241,1.14050660
1493784000,0.76345267,1.13982785
1493798400,0.75775517,1.13981261
1493812800,0.75353892,1.13974623
1493827200,0.76801762,1.13632229
1493841600,0.74367338,1.14153075
1493856000,0.75507900,1.14190403
1493870400,0.74492019,1.14198089
1493884800,0.75882703,1.14225178
1493899200,0.75900579,1.14124079
1493913600,0.75146581,1.13837694
1493928000,0.73670065,1.13829971
1493942400,0.74549851,1.13773193
1493956800,0.74149455,1.13790889
1493971200,0.74938923,1.13877391
1493985600,0.75505108,1.13523559
1494000000,0.74938902,1.13352867
1494014400,0.73891110,1.13390084
1494028800,0.75124002,1.13300989
1494043200,0.73983971,1.13309648
1494057600,0.74764065,1.13226225
1494072000,0.75035539,1.13038489
1494086400,0.74643248,1.12926364
1494100800,0.73953370,1.13153571
1494115200,0.73188918,1.14251633
1494129600,0.74299790,1.14138225
1494144000,0.74457942,1.14334762
1494158400,0.74676599,1.14228546
1494172800,0.74316139,1.14289530
1494187200,0.74267489,1.14150520
1494201600,0.74146188,1.14000455
1494216000,0.73903864,1.14081202
1494230400,0.71930960,1.14083386
1494244800,0.73567893,1.14239672
1494259200,0.74491644,1.14156236
1494273600,0.74566664,1.14950573
1494288000,0.74592257,1.14771094
1494302400,0.74380994,1.14766030
1494316800,0.74404565,1.14684216
1494331200,0.74624489,1.14552550
1494345600,0.74537912,1.14550052
1494360000,0.74443765,1.14581029
1494374400,0.74396348,1.14388518
1494388800,0.74424689,1.14238622
1494403200,0.73869446,1.14213379
1494417600,0.74518492,1.14111417
1494432000,0.73184536,1.14111095
1494446400,0.73058629,1.14109509
1494460800,0.73565264,1.14113161
1494475200,0.74247483,1.12701352
1494489600,0.72163367,1.13113949
1494504000,0.71600021,1.13180854
1494518400,0.73035514,1.13100333
1494532800,0.70386787,1.13120897
1494547200,0.73374570,1.12852191
1494561600,0.69730548,1.12852171
1494576000,0.72126386,1.12833758
1494590400,0.72885937,1.13649601
1494604800,0.73540960,1.12376358
1494619200,0.71775235,1.12347098
1494633600,0.77811841,1.12113669
1494648000,0.79731604,1.12178190
1494662400,0.80434675,1.16770672
1494676800,0.73815510,1.16785931
1494691200,0.76401462,1.20459141
1494705600,0.74745577,1.21711816
1494720000,0.72616364,1.21805437
1494734400,0.75739440,1.23692108
1494748800,0.77217042,1.24135192
1494763200,0.76506751,1.24443832
1494777600,0.73025635,1.24391864
1494792000,0.75300908,1.24196858
1494806400,0.75919492,1.24016441
1494820800,0.76506853,1.24111121
1494835200,0.77122197,1.24100200
1494849600,0.77762467,1.25196213
1494864000,0.73632724,1.25284064
1494878400,0.76543982,1.25759881
1494892800,0.76518856,1.25519369
1494907200,0.77173836,1.25762601
1494921600,0.77252575,1.28316891
1494936000,0.77794697,1.28095100
1494950400,0.74973427,1.30504227
1494964800,0.74593091,1.30659751
1494979200,0.75776407,1.30461323
1494993600,0.76696897,1.30599702
1495008000,0.76546329,1.30553008
1495022400,0.77324459,1.30607244
1495036800,0.79550886,1.31027610
1495051200,0.70771001,1.31115575
1495065600,0.71055595,1.31106224
1495080000,0.72537925,1.31085966
1495094400,0.72552609,1.31619208
1495108800,0.75491952,1.31473431
1495123200,0.71874580,1.31602397
1495137600,0.78869050,1.31548044
1495152000,0.78386615,1.31562597
1495166400,0.80096196,1.34325813
1495180800,0.68578064,1.35595070
1495195200,0.69351219,1.35659069
1495209600,0.73331645,1.35914508
1495224000,0.74134313,1.35927057
1495238400,0.74931136,1.36019743
1495252800,0.74405116,1.36049121
1495267200,0.77949204,1.36224168
1495281600,0.76897136,1.36257274
1495296000,0.78557388,1.36071558
1495310400,0.78758104,1.35973304
1495324800,0.78638109,1.35976159
1495339200,0.80754293,1.35971630
1495353600,0.83086141,1.35921909
1495368000,0.78840304,1.35734017
1495382400,0.74913257,1.36208789
1495396800,0.74960492,1.36483438
1495411200,0.79835936,1.36498403
1495425600,0.76988290,1.36059480
1495440000,0.77244955,1.36053027
1495454400,0.80126332,1.35924683
1495468800,0.81553338,1.35859339
1495483200,0.78612397,1.35618476
1495497600,0.76068732,1.35464758
1495512000,0.77106218,1.35456850
1495526400,0.78398448,1.35518763
1495540800,0.77375658,1.35437198
1495555200,0.72534980,1.35475368
1495569600,0.75533880,1.35427671
1495584000,0.76330054,1.35181579
1495598400,0.76552967,1.35178109
1495612800,0.72873011,1.35176489
1495627200,0.73821385,1.35194669
1495641600,0.70584848,1.33980978
1495656000,0.73269681,1.33973186
1495670400,0.75012332,1.33637578
1495684800,0.75966521,1.33632128
1495699200,0.72696968,1.32659096
1495713600,0.71661960,1.32836939
1495728000,0.52985808,1.25092556
1495742400,0.57979331,1.24530941
1495756800,0.60151109,1.23009214
1495771200,0.62488480,1.22932702
1495785600,0.65553819,1.23090689
1495800000,0.58277100,1.22229404
1495814400,0.55507568,1.19251794
1495828800,0.54746070,1.19310648
1495843200,0.59074529,1.18422759
1495857600,0.58563760,1.17945624
1495872000,0.56759131,1.18026479
1495886400,0.57368010,1.18031158
1495900800,0.58639439,1.18479690
1495915200,0.59085250,1.20378820
1495929600,0.56197875,1.18750935
1495944000,0.57919121,1.19421911
1495958400,0.53859582,1.19446490
1495972800,0.53949296,1.14201135
1495987200,0.56182958,1.13899217
1496001600,0.57177904,1.15160519
1496016000,0.58848769,1.15136781
1496030400,0.61060122,1.14803881
1496044800,0.54046635,1.14750789
1496059200,0.51496285,1.14647508
1496073600,0.53317734,1.13976929
1496088000,0.51808213,1.13999560
1496102400,0.52965173,1.13975128
1496116800,0.53988027,1.13958340
1496131200,0.51709095,1.14066100
1496145600,0.53584779,1.13442782
1496160000,0.52408548,1.13456009
1496174400,0.55939026,1.13381459
1496188800,0.57190519,1.12072976
1496203200,0.58669192,1.11564002
1496217600,0.58717934,1.11572457
1496232000,0.59958383,1.11067513
1496246400,0.60290259,1.10998668
1496260800,0.56395312,1.11333995
1496275200,0.57634319,1.11277100
1496289600,0.57968428,1.11034591
1496304000,0.55619523,1.11019937
1496318400,0.58367023,1.10685857
1496332800,0.57541061,1.11107392
1496347200,0.58544495,1.11052385
1496361600,0.55054011,1.11183002
1496376000,0.54391484,1.11377256
1496390400,0.50166054,1.11423379
1496404800,0.49590732,1.11422325
1496419200,0.49754045,1.11536840
1496433600,0.57435221,1.11015218
1496448000,0.57741703,1.10984184
1496462400,0.57414762,1.10979897
1496476800,0.59774788,1.11036808
1496491200,0.60754051,1.11806926
1496505600,0.52459084,1.11854523
1496520000,0.52752058,1.11845469
1496534400,0.56106426,1.12203732
1496548800,0.55658575,1.12165862
1496563200,0.56885594,1.12042629
1496577600,0.54873192,1.12264768
1496592000,0.58016767,1.12320805
1496606400,0.58052902,1.12554542
1496620800,0.60002798,1.12531714
1496635200,0.57976221,1.12671965
1496649600,0.57528931,1.12705808
1496664000,0.59925924,1.12761241
1496678400,0.60224031,1.12867385
1496692800,0.61069814,1.12593595
1496707200,0.62099570,1.11469455
1496721600,0.59257679,1.11486274
1496736000,0.65831879,1.11251453
1496750400,0.66320390,1.11194240
1496764800,0.66821815,1.11021640
1496779200,0.58145873,1.11032172
1496793600,0.55526482,1.11091611
1496808000,0.56866553,1.11086845
1496822400,0.53932471,1.11202072
1496836800,0.56413596,1.11046772
1496851200,0.55049069,1.11041607
1496865600,0.61242071,1.10126827
1496880000,0.61851446,1.09979177
1496894400,0.63324527,1.09888807
1496908800,0.60074522,1.09896412
1496923200,0.64551887,1.10049092
1496937600,0.58218968,1.09985831
1496952000,0.58641747,1.09799314
1496966400,0.54033988,1.09806779
1496980800,0.56536575,1.09854342
1496995200,0.56507088,1.09846358
1497009600,0.57065716,1.09803860
1497024000,0.50648827,1.09805596
1497038400,0.50971299,1.09974409
1497052800,0.53035468,1.09952034
1497067200,0.57996362,1.09881770
1497081600,0.61414135,1.09705365
1497096000,0.61976885,1.10618135
1497110400,0.60409515,1.10768880
1497124800,0.62904281,1.11189363
1497139200,0.61062374,1.11601069
1497153600,0.49071126,1.11908142
1497168000,0.44862776,1.11915639
1497182400,0.62481815,1.11012737
1497196800,0.62239204,1.11102998
1497211200,0.62899564,1.11101684
1497225600,0.62616854,1.11358239
1497240000,0.67490154,1.11418899
1497254400,0.55414410,1.06601388
1497268800,0.58933393,1.06589020
1497283200,0.55731735,1.02319997
1497297600,0.57211342,1.00424478
1497312000,0.59712517,1.00331422
1497326400,0.56295780,0.98468925
1497340800,0.58218514,0.97944154
1497355200,0.56440415,0.97910329
1497369600,0.54221430,0.97938524
1497384000,0.56120028,0.97911581
1497398400,0.51067818,0.98016494
1497412800,0.49849667,0.98003192
1497427200,0.42477844,0.98096307
1497441600,0.53460223,0.96878644
1497456000,0.54428800,0.97059899
1497470400,0.56644320,0.96247269
1497484800,0.56242103,0.98621269
1497499200,0.58956513,0.98466238
1497513600,0.55677579,0.95032248
1497528000,0.56199641,0.95100489
1497542400,0.56317712,0.92364968
1497556800,0.58579059,0.94011205
1497571200,0.61031725,0.94083817
1497585600,0.57914908,0.94111282
1497600000,0.55902061,0.95676830
1497614400,0.49017723,0.95617563
1497628800,0.52226187,0.95208501
1497643200,0.51520250,0.95709174
1497657600,0.47993029,0.96072151
1497672000,0.51869435,0.97076708
1497686400,0.55820821,0.96985710
1497700800,0.53224988,0.97323797
1497715200,0.54283098,0.98009975
1497729600,0.53816710,0.99278406
1497744000,0.55200499,0.99833739
1497758400,0.55075857,0.97269893
1497772800,0.56617059,0.95591265
1497787200,0.58043152,0.96030502
1497801600,0.61361110,0.95607776
1497816000,0.61827473,0.95922846
1497830400,0.57019270,0.95854282
1497844800,0.49260883,0.96079258
1497859200,0.52319913,0.96011329
1497873600,0.49562030,0.96036745
1497888000,0.49059059,0.97015081
1497902400,0.50073287,0.97026505
1497916800,0.48425910,0.97658436
1497931200,0.43579920,0.97658453
1497945600,0.41244260,1.00106198
1497960000,0.48326848,1.02230970
1497974400,0.53957561,1.01642305
1497988800,0.56186259,1.04620135
1498003200,0.58237557,1.05478991
1498017600,0.58614407,1.05538445
1498032000,0.57863637,1.05518762
1498046400,0.54753261,1.05642664
1498060800,0.53072248,1.06499906
1498075200,0.48373585,1.06625284
1498089600,0.45175582,1.06820127
1498104000,0.45299501,1.07206109
1498118400,0.50624879,1.07314069
1498132800,0.54416909,1.07177371
1498147200,0.53348106,1.07172906
1498161600,0.49357380,1.07193291
1498176000,0.54838783,1.07166345
1498190400,0.52134211,1.08215597
1498204800,0.42685968,1.08237087
1498219200,0.43643007,1.08804764
1498233600,0.43123066,1.08804355
1498248000,0.49048108,1.08778703
1498262400,0.46517099,1.08792481
1498276800,0.47277587,1.08839894
1498291200,0.46261312,1.08876017
1498305600,0.60023521,1.08506756
1498320000,0.65469025,1.07247596
1498334400,0.66805795,1.07187755
1498348800,0.68562878,1.07153028
1498363200,0.70715551,1.07916675
1498377600,0.70515080,1.08098305
1498392000,0.63738481,1.07754627
1498406400,0.66040025,1.08272799
1498420800,0.68170793,1.08998127
1498435200,0.69006286,1.09184898
1498449600,0.68508704,1.07866328
1498464000,0.68597738,1.08005951
1498478400,0.68974023,1.07900695
1498492800,0.70597435,1.07409143
1498507200,0.67346159,1.04918506
1498521600,0.67520202,1.04886877
1498536000,0.70404113,1.03888529
1498550400,0.69136109,1.03989923
1498564800,0.70277011,1.04091600
1498579200,0.63799113,1.03291690
1498593600,0.64811940,1.02612356
1498608000,0.63285273,1.02550631
1498622400,0.64074691,1.02824194
1498636800,0.65825349,1.03449949
1498651200,0.62618623,1.03950719
1498665600,0.44812291,1.03920102
1498680000,0.42958370,1.04014917
1498694400,0.43899283,1.04531747
1498708800,0.46857683,1.04576003
1498723200,0.53141092,1.04793038
1498737600,0.52804389,1.04835154
1498752000,0.52911878,1.04888053
1498766400,0.57519966,1.04786970
1498780800,0.55182209,1.04782845
1498795200,0.54131963,1.05212860
1498809600,0.61523719,1.04942523
1498824000,0.58117326,1.05471563
1498838400,0.57843409,1.05474896
1498852800,0.65725258,1.05181640
1498867200,0.67953712,1.05046290
1498881600,0.68084961,1.04749622
1498896000,0.66861886,1.04857160
1498910400,0.69800150,1.04821680
1498924800,0.70218858,1.04649302
1498939200,0.66004498,1.04656873
1498953600,0.81968147,1.04484682
1498968000,0.85235537,1.04952796
1498982400,0.86030333,1.04873212
1498996800,0.76138675,1.04885625
1499011200,0.82337842,1.04805364
1499025600,0.77085004,1.04943594
1499040000,0.71698447,1.04926997
1499054400,0.67371139,1.04938781
1499068800,0.75233807,1.04916466
1499083200,0.85682132,1.04221027
1499097600,0.86642790,1.04167168
1499112000,0.83903212,1.04170503
1499126400,0.92830965,1.03722335
1499140800,0.89146589,1.03718281
1499155200,0.76555504,1.03748400
1499169600,0.84191651,1.03554849
1499184000,0.85918266,1.03530332
1499198400,0.82623697,1.03204820
1499212800,0.85128581,1.03062855
1499227200,0.88056434,1.02925205
1499241600,0.84899560,1.02954276
1499256000,0.86563121,1.02885318
1499270400,0.84163302,1.02788158
1499284800,0.77585036,1.02855994
1499299200,0.72623781,1.06245681
1499313600,0.76390930,1.06287714
1499328000,0.73454934,1.06297238
1499342400,0.57863458,1.06464324
1499356800,0.57617113,1.06742024
1499371200,0.61236453,1.06750011
1499385600,0.67204159,1.06775929
1499400000,0.74872521,1.06718855
1499414400,0.79299713,1.06599099
1499428800,0.79455712,1.06865106
1499443200,0.77121553,1.06884319
1499457600,0.80918353,1.06925777
1499472000,0.74087100,1.06967548
1499486400,0.68681936,1.06957431
1499500800,0.66931924,1.07678311
1499515200,0.80607891,1.07469801
1499529600,0.80253762,1.07412966
1499544000,0.79716024,1.07434142
1499558400,0.79438375,1.07557905
1499572800,0.82937644,1.07505124
1499587200,0.69169786,1.07503411
1499601600,0.69261396,1.07600360
1499616000,0.69023905,1.07637523
1499630400,0.79924112,1.07475624
1499644800,0.74766065,1.07516571
1499659200,0.81634977,1.07435550
1499673600,0.92974856,1.07509261
1499688000,0.99345103,1.06539969
1499702400,0.99751785,1.06504190
1499716800,1.02890251,1.06044609
1499731200,1.04191227,1.05616559
1499745600,1.04364489,1.05621065
1499760000,0.95692670,1.05612229
1499774400,0.94912360,1.05699239
1499788800,0.94938110,1.05619177
1499803200,0.84801642,1.05615724
1499817600,0.86384550,1.05345131
1499832000,0.91128076,1.05345553
1499846400,0.94424779,1.05103575
1499860800,0.92570303,1.05241278
1499875200,0.93918585,1.05213426
1499889600,0.89644709,1.05660829
1499904000,0.84841196,1.05663806
1499918400,0.90742161,1.05589496
1499932800,0.92415084,1.05454007
1499947200,0.96985325,1.05600681
1499961600,0.96879791,1.05571084
1499976000,0.96013127,1.05581175
1499990400,0.94481239,1.06964479
1500004800,0.94693350,1.07042195
1500019200,0.89355110,1.07365782
1500033600,0.96196745,1.07039787
1500048000,0.98870705,1.06879438
1500062400,0.97666054,1.06866506
1500076800,1.01283015,1.04795890
1500091200,1.03409564,1.04725003
1500105600,1.01586887,1.05470204
1500120000,1.04582150,1.05503952
1500134400,1.06966989,1.05006759
1500148800,0.97811024,1.03616065
1500163200,0.99769491,1.03519198
1500177600,1.02296941,1.03599284
1500192000,1.03787371,1.03580089
1500206400,1.01986274,1.03903371
1500220800,0.99276318,1.03820001
1500235200,1.00724933,1.03576793
1500249600,1.01404680,1.03409060
1500264000,0.97009622,1.02433231
1500278400,0.99621074,1.01850712
1500292800,1.01045387,1.02856735
1500307200,1.01047491,1.02040100
1500321600,1.01862211,1.00946551
1500336000,1.00887718,1.00740108
1500350400,1.01298612,0.99805555
1500364800,1.00526558,0.99819378
1500379200,1.01500175,0.99534981
1500393600,0.98439045,0.99546716
1500408000,1.00455873,0.99263541
1500422400,0.92260567,0.99131939
1500436800,0.94756729,0.98874719
1500451200,0.92283818,0.98677386
1500465600,0.93856203,0.98886408
1500480000,0.97344021,0.98271124
1500494400,0.97892139,0.98164749
1500508800,1.00264350,0.97538742
1500523200,0.96680418,0.97734901
1500537600,1.03444525,0.95600090
1500552000,1.03661327,0.93291734
1500566400,1.04708381,0.93504345
1500580800,1.06178999,0.89883912
1500595200,1.08983229,0.88515514
1500609600,1.06900188,0.88433198
1500624000,0.99321173,0.88443500
1500638400,1.06344200,0.88290460
1500652800,0.97024804,0.87327496
1500667200,0.90685810,0.87304562
1500681600,0.92273309,0.87062722
1500696000,0.95791683,0.86652792
1500710400,0.96837580,0.86385608
1500724800,0.91193319,0.86277432
1500739200,0.89641470,0.86221905
1500753600,0.87653136,0.86207835
1500768000,0.81361659,0.87407996
1500782400,0.92428512,0.86220489
1500796800,0.90563976,0.86691735
1500811200,0.96758756,0.85950820
1500825600,0.93250761,0.87212886
1500840000,0.98269983,0.87134643
1500854400,0.86960571,0.87126340
1500868800,0.88967196,0.87118575
1500883200,0.73928073,0.87484434
1500897600,0.72986899,0.87493980
1500912000,0.69466550,0.87737574
1500926400,0.69010605,0.87740877
1500940800,0.64935203,0.87736407
1500955200,0.91423691,0.86792095
1500969600,0.96973554,0.85949730
1500984000,0.95953414,0.86055620
1500998400,1.02348913,0.84837825
1501012800,1.04793274,0.84044434
1501027200,1.02824216,0.83751783
1501041600,1.00309789,0.83651339
1501056000,1.02912213,0.83357332
1501070400,1.00399096,0.82368752
1501084800,0.96502142,0.82501518
1501099200,0.97668009,0.82219087
1501113600,1.00203927,0.82257777
1501128000,0.98059873,0.82296450
1501142400,0.91300862,0.82170465
1501156800,0.91150516,0.82008102
1501171200,0.87072818,0.81964156
1501185600,0.98683718,0.80783260
1501200000,0.96473722,0.80790231
1501214400,1.00785254,0.80433696
1501228800,1.03484742,0.79621538
1501243200,1.05344304,0.78965185
1501257600,0.94436237,0.78977166
1501272000,1.01422129,0.78866457
1501286400,1.03187032,0.78232488
1501300800,0.98531017,0.78128440
1501315200,0.97822702,0.77721208
1501329600,0.98088436,0.77635656
1501344000,0.98207245,0.77621003
1501358400,0.90919755,0.77663392
1501372800,0.88098353,0.77662557
1501387200,0.93405514,0.77096568
1501401600,0.90809399,0.77125237
1501416000,0.98258863,0.78076405
1501430400,0.96134379,0.78062172
1501444800,0.99056257,0.77970330
1501459200,0.95838100,0.77790505
1501473600,0.96374698,0.77715414
1501488000,0.89475227,0.77660903
1501502400,0.85498948,0.77709247
1501516800,0.94199572,0.77324445
1501531200,0.90394577,0.77312437
1501545600,0.89223628,0.77374443
1501560000,0.98692024,0.76449300
1501574400,0.95195203,0.76670263
1501588800,0.94649496,0.76647336
1501603200,0.96968793,0.76557434
1501617600,0.99252612,0.76351999
1501632000,0.81878097,0.76364160
1501646400,0.85416356,0.76342899
1501660800,0.89493797,0.76276048
1501675200,0.93084626,0.75974702
1501689600,0.85691881,0.76206051
1501704000,0.87514827,0.76251709
1501718400,0.89810823,0.76496868
1501732800,0.83409370,0.76766626
1501747200,0.75027837,0.76907205
1501761600,0.80017159,0.77723684
1501776000,0.85226974,0.77611666
1501790400,0.80860328,0.77615005
1501804800,0.83162555,0.77923398
1501819200,0.85043336,0.77906450
1501833600,0.87494018,0.78371002
1501848000,0.86788576,0.78447661
1501862400,0.90803503,0.78725536
1501876800,0.92237132,0.78736190
1501891200,1.10310709,0.74246015
1501905600,1.09311023,0.75386475
1501920000,1.10677475,0.75767759
1501934400,1.12996409,0.76027965
1501948800,1.14248637,0.75871530
1501963200,0.92699873,0.75871994
1501977600,0.94860155,0.77989921
1501992000,0.96027201,0.79378071
1502006400,0.90704200,0.79598618
1502020800,0.94295447,0.79281502
1502035200,0.92540093,0.81228485
1502049600,0.94463640,0.81140601
1502064000,0.93335802,0.81255482
1502078400,0.92808348,0.81238204
1502092800,1.00294836,0.80426923
1502107200,0.98558110,0.80517385
1502121600,0.97205538,0.80503105
1502136000,0.98471537,0.80456063
1502150400,1.00971594,0.80570044
1502164800,0.83280809,0.80589188
1502179200,0.81930270,0.81236978
1502193600,0.90669350,0.81242461
1502208000,0.90600317,0.81368171
1502222400,0.86028899,0.81346256
1502236800,0.88551073,0.81294175
1502251200,0.87501957,0.81319149
1502265600,0.95257783,0.80855988
1502280000,0.93877697,0.84066853
1502294400,0.96701418,0.84775296
1502308800,0.92588863,0.85322589
1502323200,0.94796773,0.85386020
1502337600,0.96087053,0.85230906
1502352000,0.89855736,0.85237400
1502366400,0.94122426,0.85342345
1502380800,0.94168326,0.85304774
1502395200,0.90671492,0.85408105
1502409600,0.80238471,0.86098879
1502424000,0.93930021,0.86137639
1502438400,0.88392868,0.86171098
1502452800,0.94939253,0.85964692
1502467200,0.91175417,0.87268352
1502481600,1.01813243,0.86954494
1502496000,0.96877194,0.87403824
1502510400,1.03425979,0.87968498
1502524800,0.99467325,0.87955277
1502539200,1.05955262,0.87460247
1502553600,1.00367387,0.87488358
1502568000,1.00563022,0.87471182
1502582400,1.08989152,0.85956493
1502596800,1.09184512,0.85793023
1502611200,1.09346072,0.85299913
1502625600,1.09765044,0.85427852
1502640000,1.10092649,0.85541193
1502654400,0.99933504,0.85516958
1502668800,1.00671592,0.86951959
1502683200,0.96107255,0.86846250
1502697600,1.03311046,0.86567549
1502712000,1.02213195,0.86426154
1502726400,1.01449426,0.86404629
1502740800,1.04549414,0.86084354
1502755200,1.05243503,0.86076065
1502769600,1.01693849,0.85922889
1502784000,1.09154960,0.88031008
1502798400,1.09813948,0.87785619
1502812800,1.08854979,0.89255244
1502827200,1.10348621,0.90028426
1502841600,1.09467235,0.91133513
1502856000,0.98991009,0.94633138
1502870400,0.96752245,0.95604089
1502884800,1.07971950,1.19286814
1502899200,1.01328976,1.19354767
1502913600,1.05545115,1.19241132
1502928000,1.08183620,1.19107442
1502942400,1.08987754,1.18950308
1502956800,0.99448764,1.19564686
1502971200,1.02239954,1.19727094
1502985600,0.99153296,1.20308910
1503000000,0.97294490,1.20250910
1503014400,0.89376621,1.20352967
1503028800,0.89427889,1.20748139
1503043200,0.84088307,1.20746357
1503057600,0.94595757,1.21004569
1503072000,0.98869704,1.20767927
1503086400,0.97380967,1.20794991
1503100800,0.96990928,1.21256386
1503115200,1.01281940,1.21826647
1503129600,1.01847501,1.21532275
1503144000,0.98675034,1.21584015
1503158400,1.01556234,1.21382325
1503172800,1.02273477,1.21422366
1503187200,1.01375923,1.21665966
1503201600,0.98048052,1.21786654
1503216000,0.94622376,1.22018514
1503230400,0.90626438,1.22016835
1503244800,0.92148491,1.22328614
1503259200,0.94859540,1.22164553
1503273600,0.91257991,1.22163974
1503288000,0.93567757,1.22247703
1503302400,0.93008177,1.22306705
1503316800,0.92549455,1.22563181
1503331200,0.84598102,1.22626682
1503345600,0.87290509,1.22820951
1503360000,1.03031113,1.22066933
1503374400,1.01142090,1.22160934
1503388800,1.03955399,1.21855554
1503403200,0.99571999,1.22278374
1503417600,1.09227028,1.21911570
1503432000,1.00380408,1.21932466
1503446400,1.01188286,1.22204153
1503460800,1.00852574,1.22203500
1503475200,1.04259320,1.22432000
1503489600,0.94603221,1.22438284
1503504000,0.99203082,1.22517846
1503518400,0.96323622,1.22514165
1503532800,0.95524833,1.22523070
1503547200,0.94944029,1.22646147
1503561600,0.92152527,1.23095342
1503576000,0.92467099,1.23173934
1503590400,0.88674388,1.23260970
1503604800,0.96350087,1.23105911
1503619200,0.92416593,1.23106582
1503633600,0.91853134,1.23493295
1503648000,0.89961306,1.23493540
1503662400,0.96367322,1.23364110
1503676800,0.96458820,1.23162940
1503691200,0.95030644,1.23145412
1503705600,0.95801032,1.23436296
1503720000,0.95716997,1.23437948
1503734400,0.91752451,1.23435376
1503748800,0.85836749,1.24365796
1503763200,0.87634303,1.24339121
1503777600,0.85389778,1.24325217
1503792000,0.83104970,1.24315842
1503806400,0.79919907,1.24314908
1503820800,0.79388723,1.24371831
1503835200,0.76718598,1.24403413
1503849600,0.76776664,1.24399339
1503864000,0.80463626,1.24410014
1503878400,0.83853220,1.24512870
1503892800,0.79712247,1.24514379
1503907200,0.84274497,1.25230928
1503921600,0.82442708,1.25226609
1503936000,0.84860160,1.25491144
1503950400,0.84730571,1.25451315
1503964800,0.82084147,1.25450705
1503979200,0.84357613,1.25425995
1503993600,0.89653686,1.25433873
1504008000,1.09265161,1.24460373
1504022400,1.03779171,1.24466732
1504036800,1.04561863,1.24502364
1504051200,1.04955837,1.25111329
1504065600,1.07670472,1.25180429
1504080000,0.81924422,1.25454788
1504094400,0.84691339,1.25425512
1504108800,0.81855426,1.25438862
1504123200,0.84596433,1.25435544
1504137600,0.88453721,1.25435444
1504152000,0.81336941,1.25763893
1504166400,0.91406753,1.25635164
1504180800,0.88320848,1.25692400
1504195200,0.89904363,1.25686730
1504209600,0.86105861,1.25691170
1504224000,0.88176779,1.25735462
1504238400,0.67666567,1.25743422
1504252800,0.80523307,1.25710844
1504267200,0.77007814,1.25711173
1504281600,0.91926424,1.25575086
1504296000,0.92303777,1.25732677
1504310400,0.98933529,1.25562879
1504324800,1.01536161,1.25398533
1504339200,1.03505197,1.25330740
1504353600,1.08616274,1.24786452
1504368000,1.04218523,1.24791517
1504382400,1.03784143,1.24790645
1504396800,1.06954459,1.24606551
1504411200,1.04663032,1.25092358
1504425600,1.02219363,1.24745687
1504440000,1.03588818,1.24639930
1504454400,1.07481084,1.24394612
1504468800,1.05107423,1.24371557
1504483200,1.06384775,1.24285598
1504497600,1.10192771,1.23573748
1504512000,1.11241609,1.23490979
1504526400,1.11683427,1.23201289
1504540800,1.12153325,1.23064818
1504555200,1.10574962,1.23048418
1504569600,1.15335424,1.21691173
1504584000,1.18206506,1.20709239
1504598400,1.16945432,1.20761970
1504612800,1.16327394,1.20920263
1504627200,1.22239310,1.19643154
1504641600,1.14783256,1.19668477
1504656000,1.11258142,1.19543230
1504670400,1.07489188,1.19724850
1504684800,1.11298159,1.19620720
1504699200,0.94754989,1.19539152
1504713600,1.06230983,1.19594891
1504728000,1.04310155,1.19623546
1504742400,1.05856101,1.19428196
1504756800,1.04996386,1.19461580
1504771200,1.07826578,1.19021523
1504785600,1.08759225,1.18914823
1504800000,1.09438828,1.18789754
1504814400,1.07913924,1.19060145
1504828800,1.07238112,1.19056569
1504843200,1.03116389,1.19037060
1504857600,1.01175453,1.19044589
1504872000,1.13869108,1.17095294
1504886400,1.13808063,1.16475737
1504900800,1.13402068,1.16076912
1504915200,1.13532197,1.16037893
1504929600,1.13826180,1.15922619
1504944000,1.07705186,1.15922914
1504958400,1.05769466,1.15831894
1504972800,1.03523298,1.16339100
1504987200,1.03333211,1.16266498
1505001600,1.05975177,1.15755232
1505016000,1.07508806,1.15488330
1505030400,1.07286846,1.15471404
1505044800,1.07775233,1.15474295
1505059200,1.10887310,1.14679687
1505073600,1.10538965,1.14819707
1505088000,1.10563520,1.14474143
1505102400,1.13174447,1.13697481
1505116800,1.13781110,1.13697173
1505131200,1.11438595,1.13650858
1505145600,1.11153664,1.13614853
1505160000,1.10350623,1.13632205
1505174400,1.06264907,1.13431072
1505188800,1.03897461,1.13993423
1505203200,1.02382168,1.14359132
1505217600,1.03412681,1.14522350
1505232000,1.04672279,1.14341746
1505246400,1.03356041,1.14635764
1505260800,1.09165668,1.14934550
1505275200,1.09675072,1.15065514
1505289600,1.10289332,1.14581773
1505304000,1.10512831,1.14725119
1505318400,1.09339630,1.15541473
1505332800,1.04192431,1.15764338
1505347200,1.05430161,1.15599982
1505361600,1.03515310,1.15497241
1505376000,1.14438194,1.12738126
1505390400,1.14910773,1.12604471
1505404800,1.17122340,1.11321734
1505419200,1.17881578,1.10601237
1505433600,1.15464010,1.09553294
1505448000,1.15870553,1.06541726
1505462400,1.16345125,1.07657994
1505476800,1.27050113,0.78935676
1505491200,1.26430339,0.78832996
1505505600,1.25862737,0.79783047
1505520000,1.24885844,0.79724439
1505534400,1.24525320,0.79642993
1505548800,1.06514199,0.78901090
1505563200,1.07702278,0.78427984
1505577600,1.09617981,0.77521297
1505592000,1.09067145,0.77536146
1505606400,1.09016721,0.77693423
1505620800,1.07951957,0.77074932
1505635200,1.06599113,0.77164994
1505649600,1.06139926,0.76377135
1505664000,1.06357096,0.76314759
1505678400,1.06031803,0.76239443
1505692800,1.06360597,0.75840993
1505707200,1.09070991,0.75938857
1505721600,1.07411066,0.75949716
1505736000,1.07548169,0.75732621
1505750400,1.07474057,0.75786471
1505764800,1.05788964,0.76432302
1505779200,1.03208056,0.76014493
1505793600,1.04505710,0.75732435
1505808000,1.04964347,0.75473053
1505822400,1.05036233,0.75492402
1505836800,1.06350823,0.74839556
1505851200,1.04682680,0.74959363
1505865600,1.03355138,0.74952602
1505880000,1.02382084,0.74810407
1505894400,1.02980729,0.74683082
1505908800,1.02023057,0.76231034
1505923200,1.02576851,0.76550579
1505937600,1.04079524,0.76387703
1505952000,1.03866663,0.76484410
1505966400,1.04526371,0.76191576
1505980800,1.02728868,0.76114984
1505995200,1.05214919,0.75456713
1506009600,1.06845361,0.74935136
1506024000,1.06430918,0.74906053
1506038400,1.06789264,0.74564659
1506052800,1.06718575,0.74507235
1506067200,1.07189164,0.74000355
1506081600,1.04723904,0.74913206
1506096000,1.05919872,0.74891986
1506110400,1.04459878,0.75097995
1506124800,1.04181874,0.75081862
1506139200,1.01463137,0.74864454
1506153600,1.05639380,0.74119190
1506168000,1.05657070,0.74099216
1506182400,1.05849484,0.74365916
1506196800,1.06144764,0.74362282
1506211200,1.05811766,0.76000977
1506225600,1.05292609,0.75519136
1506240000,1.05469170,0.75516482
1506254400,1.05081205,0.75650195
1506268800,1.05098395,0.75668824
1506283200,1.05100160,0.76316917
1506297600,1.04715969,0.75771599
1506312000,1.04959307,0.75721563
1506326400,1.04899833,0.75741325
1506340800,1.06004635,0.74277837
1506355200,1.06794538,0.75144395
1506369600,1.06267812,0.75259758
1506384000,1.06051688,0.75338154
1506398400,1.06254630,0.75368108
1506412800,1.02609884,0.75728219
1506427200,1.03139567,0.75771938
1506441600,1.03385615,0.75826167
1506456000,1.03493686,0.75752701
1506470400,1.04079713,0.75572555
1506484800,1.04239503,0.75647490
1506499200,1.05394081,0.74489199
1506513600,1.05986933,0.74599798
1506528000,1.05853333,0.74068542
1506542400,1.06184966,0.74076618
1506556800,1.06306307,0.74094603
1506571200,1.04638189,0.74148734
1506585600,1.04638347,0.74439425
1506600000,1.03322135,0.74343412
1506614400,1.03504242,0.74549803
1506628800,1.03611773,0.74579561
1506643200,1.05230624,0.73555133
1506657600,1.05246680,0.73555472
1506672000,1.05542219,0.72983453
1506686400,1.06129572,0.73583857
1506700800,1.05853320,0.74175199
1506715200,1.05029023,0.74175206
1506729600,1.04650675,0.74097571
1506744000,1.04512405,0.73537125
1506758400,1.04923949,0.73524674
1506772800,1.04834265,0.73577631
1506787200,1.05354718,0.73578203
1506801600,1.04928499,0.73605445
1506816000,1.03149235,0.73518362
1506830400,1.03345769,0.73520315
1506844800,1.02668100,0.73879999
1506859200,1.02948334,0.74158246
1506873600,1.11325974,0.74150589
1506888000,1.10711792,0.74023106
1506902400,1.11358424,0.74055168
1506916800,1.11793653,0.74061902
1506931200,1.11171874,0.74578886
1506945600,1.11796340,0.74577797
1506960000,1.13224956,0.74623497
1506974400,1.13735661,0.74937072
1506988800,1.15545583,0.75202849
1507003200,1.13136646,0.74382974
1507017600,1.13965289,0.74382898
1507032000,1.14329823,0.74669849
1507046400,1.13867482,0.74719735
1507060800,1.15276722,0.74722492
1507075200,1.14648015,0.75156016
1507089600,1.14624453,0.75227694
1507104000,1.13835916,0.74916414
1507118400,1.14117259,0.74916561
1507132800,1.14397897,0.75014186
1507147200,1.14620987,0.75237946
1507161600,1.13998429,0.75165368
1507176000,1.13742998,0.75167362
1507190400,1.12863794,0.74976396
1507204800,1.13084127,0.75478401
1507219200,1.13219556,0.75453423
1507233600,1.12923417,0.75356533
1507248000,1.13580522,0.75356604
1507262400,1.12225962,0.75092464
1507276800,1.12629545,0.75318647
1507291200,1.12404556,0.75330395
1507305600,1.11935957,0.75289506
1507320000,1.14170666,0.75769580
1507334400,1.14367410,0.76090460
1507348800,1.13539158,0.76060127
1507363200,1.14382109,0.76094573
1507377600,1.13683570,0.76120934
1507392000,1.13657027,0.77136029
1507406400,1.12800196,0.76837274
1507420800,1.14639217,0.77308523
1507435200,1.14302618,0.77342198
1507449600,1.14191120,0.77335630
1507464000,1.12593689,0.77120477
1507478400,1.13135080,0.77148131
1507492800,1.13220758,0.77144004
1507507200,1.13743253,0.77949302
1507521600,1.14285438,0.77846266
1507536000,1.14145737,0.77970848
1507550400,1.13968413,0.77913955
1507564800,1.12249712,0.78333192
1507579200,1.13653877,0.78967557
1507593600,1.12274375,0.79113347
1507608000,1.13267962,0.79127748
1507622400,1.14965352,0.79945835
1507636800,1.03046983,0.79970037
1507651200,1.10459164,0.79699715
1507665600,1.11155169,0.79454516
1507680000,1.12727736,0.80060430
1507694400,1.14157305,0.80074182
1507708800,1.13976686,0.81408563
1507723200,1.14488338,0.81369402
1507737600,1.09236037,0.82787890
1507752000,1.10641195,0.82767055
1507766400,1.10474105,0.83273069
1507780800,1.10075328,0.82730722
1507795200,1.10824706,0.82572190
1507809600,1.10781198,0.82357618
1507824000,1.12687148,0.82351113
1507838400,1.13188292,0.81935080
1507852800,1.04885244,0.81733332
1507867200,1.08258873,0.81558936
1507881600,1.08832190,0.83739496
1507896000,1.11882141,0.83744742
1507910400,1.07950673,0.83363044
1507924800,1.07109714,0.83933318
1507939200,1.08721672,0.84315274
1507953600,1.10654359,0.85295607
1507968000,1.11122835,0.85971051
1507982400,1.07192527,0.86391091
1507996800,1.05656241,0.87633694
1508011200,1.08457167,0.87771739
1508025600,1.08801349,0.88043028
1508040000,1.08161593,0.88071496
1508054400,1.02884127,0.85907242
1508068800,1.07159780,0.85755889
1508083200,1.08728835,0.85992890
1508097600,1.08133318,0.85099816
1508112000,1.10208022,0.86230938
1508126400,1.07844145,0.86226701
1508140800,1.09113376,0.86191322
1508155200,1.10477982,0.86937521
1508169600,1.10826145,0.86972736
1508184000,1.10828133,0.87069402
1508198400,1.11796691,0.86795409
1508212800,1.10535952,0.86965266
1508227200,1.12232625,0.86865626
1508241600,1.13092081,0.86887055
1508256000,1.14223153,0.87896838
1508270400,1.11075712,0.88015653
1508284800,1.13185728,0.87786350
1508299200,1.09244881,0.88822587
1508313600,1.13166682,0.89904750
1508328000,1.16576557,0.90057562
1508342400,1.18535315,0.90194212
1508356800,1.13574865,0.89652729
1508371200,1.12949989,0.89720968
1508385600,1.14626656,0.89864953
1508400000,1.16851573,0.89854250
1508414400,1.17792082,0.89936262
1508428800,1.11971810,0.89968503
1508443200,1.13423014,0.89879185
1508457600,1.12287445,0.89882735
1508472000,1.14072325,0.89868354
1508486400,1.13410199,0.89871111
1508500800,1.08012200,0.88156841
1508515200,1.11523906,0.88663429
1508529600,1.14716471,0.88526988
1508544000,1.16048850,0.88404672
1508558400,1.16472643,0.88455125
1508572800,1.13140988,0.88464852
1508587200,1.13359995,0.88708076
1508601600,1.13371975,0.88421454
1508616000,1.11697889,0.88427378
1508630400,1.14546500,0.89609229
1508644800,1.14863203,0.90262144
1508659200,1.15846328,0.90004491
1508673600,1.11634882,0.89480018
1508688000,1.13583449,0.89734992
1508702400,1.15500047,0.89563846
1508716800,1.16669546,0.89591993
1508731200,1.18619773,0.89560032
1508745600,1.14158688,0.89571977
1508760000,1.14471051,0.89370265
1508774400,1.13531500,0.89059602
1508788800,1.14279686,0.89063003
1508803200,1.09011227,0.87662245
1508817600,1.13232053,0.87567063
1508832000,1.14413880,0.87566863
1508846400,1.16935259,0.87439972
1508860800,1.18418848,0.87415407
1508875200,1.11407086,0.87010331
1508889600,1.13030428,0.87051305
1508904000,1.14715616,0.87352907
1508918400,1.16239458,0.87305601
1508932800,1.17187372,0.87275539
1508947200,1.11208632,0.86539465
1508961600,1.14009963,0.86438046
1508976000,1.16093430,0.86368500
1508990400,1.17424220,0.86505867
1509004800,1.16202152,0.86334703
1509019200,1.14590983,0.86418721
1509033600,1.14176080,0.86369795
1509048000,1.12776385,0.86452281
1509062400,1.15890477,0.86498186
1509076800,1.12684352,0.86500585
1509091200,1.12718957,0.86445873
1509105600,1.13595635,0.86439473
1509120000,1.13207496,0.86491204
1509134400,1.13757501,0.86692712
1509148800,1.13641404,0.86983192
1509163200,1.14141768,0.87290174
1509177600,1.14878651,0.87066614
1509192000,1.15589754,0.87077918
1509206400,1.17459886,0.87043485
1509220800,1.18405942,0.87275616
1509235200,1.17510723,0.87275765
1509249600,1.17214771,0.87348563
1509264000,1.16820481,0.87381132
1509278400,1.15864437,0.86889212
1509292800,1.15066147,0.86389644
1509307200,1.16297162,0.86411501
1509321600,1.16553251,0.87487238
1509336000,1.18589461,0.87857268
1509350400,1.16479520,0.88304687
1509364800,1.12535778,0.88183924
1509379200,1.11208703,0.97522922
1509393600,1.14590563,0.97565640
1509408000,1.14018408,1.00340427
1509422400,1.16041516,1.00863617
1509436800,1.16712347,1.01970473
1509451200,1.17793523,1.03165030
1509465600,1.16751676,1.05633560
1509480000,1.20092361,1.05627307
1509494400,1.20855017,1.05971228
1509508800,1.18815127,1.06052771
1509523200,1.16739101,1.06647592
1509537600,1.16759465,1.08403866
1509552000,1.19288647,1.08368802
1509566400,1.19140498,1.08271013
1509580800,1.19295019,1.08259828
1509595200,1.17791335,1.08240801
1509609600,1.18422486,1.08240013
1509624000,1.19459502,1.08341845
1509638400,1.18741669,1.08450908
1509652800,1.17719166,1.08403134
1509667200,1.17463707,1.08109095
1509681600,1.18921934,1.08217467
1509696000,1.17222309,1.09213109
1509710400,1.19709067,1.09242805
1509724800,1.20330327,1.09165730
1509739200,1.17457828,1.10317805
1509753600,1.18552289,1.10474254
1509768000,1.20197175,1.10581868
1509782400,1.22646771,1.11128569
1509796800,1.17991361,1.10707367
1509811200,1.19360883,1.10802619
1509825600,1.18584249,1.11605508
1509840000,1.22217445,1.11605665
1509854400,1.24760751,1.11716572
1509868800,1.17898389,1.11587370
1509883200,1.17704631,1.11638798
1509897600,1.20267057,1.11649511
1509912000,1.20194308,1.11298354
1509926400,1.20634091,1.12340235
1509940800,1.21153895,1.12393102
1509955200,1.23151664,1.12442309
1509969600,1.24725181,1.12512188
1509984000,1.15943652,1.13463803
1509998400,1.17887771,1.14190573
1510012800,1.18013495,1.13877978
1510027200,1.19814255,1.14398884
1510041600,1.20691887,1.14906674
1510056000,1.18767324,1.22031601
1510070400,1.18964108,1.22011516
1510084800,1.13134766,1.24924718
1510099200,1.15321568,1.24531691
1510113600,1.15203458,1.25005834
1510128000,1.19116078,1.27237866
1510142400,1.20185190,1.27656630
1510156800,1.13995491,1.26975098
1510171200,1.12268849,1.27811454
1510185600,1.15223472,1.27962346
1510200000,1.16474024,1.28054546
1510214400,1.14593972,1.28201338
1510228800,1.13729744,1.28397239
1510243200,1.10858743,1.28871823
1510257600,1.15997946,1.29984519
1510272000,1.14160651,1.38210824
1510286400,1.12917233,1.39219920
1510300800,1.08478458,1.38520121
1510315200,1.10485836,1.44932439
1510329600,1.07328043,1.44177577
1510344000,1.07558999,1.44978853
1510358400,1.10991975,1.47316722
1510372800,1.09792383,1.47298077
1510387200,1.10913177,1.47360552
1510401600,1.08625783,1.47233869
1510416000,1.06429912,1.47794847
1510430400,1.07513179,1.48098319
1510444800,1.03402073,1.47320448
1510459200,1.04886221,1.47775547
1510473600,1.00248085,1.46590040
1510488000,1.03937676,1.46483308
1510502400,1.05182911,1.46071329
1510516800,1.02510316,1.45800080
1510531200,1.04419554,1.45566936
1510545600,1.00702436,1.44944138
1510560000,1.01047473,1.44441666
1510574400,1.01868315,1.44216175
1510588800,0.99515468,1.43587633
1510603200,1.01088598,1.43402730
1510617600,1.01514442,1.43323807
1510632000,1.01056425,1.43341242
1510646400,1.02683436,1.43561336
1510660800,0.98872712,1.43544398
1510675200,0.99557908,1.43418103
1510689600,0.97345463,1.43408059
1510704000,0.99332744,1.43314181
1510718400,0.98315012,1.43311683
1510732800,1.02830645,1.44323584
1510747200,1.02327412,1.44023194
1510761600,1.03427644,1.44004846
1510776000,1.01619407,1.43963521
1510790400,1.01438073,1.44060195
1510804800,1.03819482,1.44354025
1510819200,0.97021108,1.44347036
1510833600,0.98535189,1.45450731
1510848000,1.01137992,1.45016782
1510862400,1.02924318,1.44942238
1510876800,1.04001970,1.44917834
1510891200,0.99322001,1.43868686
1510905600,0.99858725,1.43239962
1510920000,1.01229385,1.43287498
1510934400,1.03582832,1.43467619
1510948800,1.05288764,1.43349709
1510963200,1.02063885,1.43485021
1510977600,0.98890609,1.43391162
1510992000,0.99270213,1.43672232
1511006400,0.99702664,1.43811966
1511020800,0.98636217,1.43792466
1511035200,0.97371336,1.43836977
1511049600,0.95075504,1.43838805
1511064000,0.96775049,1.43874680
1511078400,0.92476002,1.45238217
1511092800,0.91199614,1.45255806
1511107200,1.02036976,1.44755969
1511121600,1.00771963,1.44846419
1511136000,1.05192598,1.45760006
1511150400,1.06026226,1.45819426
1511164800,1.05983326,1.47587760
1511179200,1.01989395,1.48464746
1511193600,0.95452926,1.48578906
1511208000,0.99147018,1.48712340
1511222400,0.99588042,1.48235534
1511236800,1.00514101,1.47914357
1511251200,1.01454094,1.48394128
1511265600,1.04649750,1.54618768
1511280000,1.03819867,1.54318553
1511294400,0.99234408,1.54830653
1511308800,1.00629045,1.56685947
1511323200,1.02586275,1.59651400
1511337600,1.00795814,1.60350323
1511352000,0.91439369,1.62880809
1511366400,0.95260435,1.63632598
1511380800,0.93296412,1.63649882
1511395200,0.89906798,1.66198211
1511409600,0.94943999,1.66934871
1511424000,0.92427658,1.68669003
1511438400,0.93235849,1.68905553
1511452800,0.94498390,1.68899402
1511467200,1.02442993,1.69339671
1511481600,1.02741229,1.69810431
1511496000,1.05670335,1.69654613
1511510400,1.02764416,1.71417310
1511524800,1.07300766,1.71443311
1511539200,1.04970958,1.71842045
1511553600,1.02274015,1.75674716
1511568000,0.93655823,1.76489355
1511582400,1.04064248,1.77136311
1511596800,1.06002688,1.77212468
1511611200,1.07381020,1.77324957
1511625600,1.05486209,1.77544431
1511640000,1.10100505,1.77565485
1511654400,1.09593592,1.78463021
1511668800,1.07886191,1.79209425
1511683200,1.04758541,1.79309432
1511697600,1.08173759,1.80612123
1511712000,1.07668097,1.80587916
1511726400,1.08348152,1.80506766
1511740800,1.08436336,1.80382396
1511755200,1.08590801,1.80369639
1511769600,1.09559158,1.80689877
1511784000,1.10145161,1.80888903
1511798400,1.11357845,1.81153504
1511812800,1.09294758,1.81479513
1511827200,1.03898926,1.83295066
1511841600,1.08892226,1.83263704
1511856000,1.09123704,1.83442085
1511870400,1.08350060,1.83635453
1511884800,1.05656445,1.83834834
1511899200,1.07005792,1.84358221
1511913600,1.01222245,1.84271123
1511928000,1.03587358,1.84215612
1511942400,1.04594457,1.84113539
1511956800,1.04531861,1.84176819
1511971200,0.79685788,1.79450459
1511985600,0.85079683,1.79604548
1512000000,0.86124318,1.79706921
1512014400,0.89752557,1.79420425
1512028800,0.90641481,1.78784039
1512043200,0.85873198,1.79593955
1512057600,0.84334365,1.79226955
1512072000,0.85262588,1.80008898
1512086400,0.88475422,1.80563252
1512100800,0.88707677,1.80544347
1512115200,0.88066867,1.79962981
1512129600,0.83507528,1.79206717
1512144000,0.82335069,1.79763817
1512158400,0.87997681,1.79702711
1512172800,0.90095907,1.79881782
1512187200,0.86360590,1.79997759
1512201600,0.77780518,1.80279600
1512216000,0.85109601,1.80100206
1512230400,0.85810173,1.80003073
1512244800,0.80918143,1.80035407
1512259200,0.84396620,1.80030822
1512273600,0.88939380,1.79917033
1512288000,0.88595693,1.79370973
1512302400,0.88925437,1.79420899
1512316800,0.85869870,1.81409733
1512331200,0.90422700,1.80630313
1512345600,0.92066862,1.80539865
1512360000,0.91414797,1.80743303
1512374400,0.92205634,1.80566602
1512388800,0.93529780,1.80542655
1512403200,0.90829041,1.80618228
1512417600,0.90835141,1.80351256
1512432000,0.88524029,1.80354732
1512446400,0.91657467,1.80429754
1512460800,0.91172154,1.80504580
1512475200,0.92806471,1.80474525
1512489600,0.85774427,1.80903958
1512504000,0.84872544,1.80947346
1512518400,0.89584955,1.80239607
1512532800,0.91450924,1.80188152
1512547200,0.93555966,1.82001379
1512561600,0.95328249,1.81939433
1512576000,0.90871104,1.81121389
1512590400,0.89672017,1.80890490
1512604800,0.89382588,1.81027817
1512619200,0.93688017,1.80687699
1512633600,0.93240494,1.80363411
1512648000,0.74401514,1.75499780
1512662400,0.75590509,1.75517807
1512676800,0.79687886,1.73663218
1512691200,0.82900686,1.73782674
1512705600,0.86752576,1.73441939
1512720000,0.78595960,1.71766668
1512734400,0.81539829,1.71455224
1512748800,0.79313422,1.71617868
1512763200,0.81487358,1.70708618
1512777600,0.82790455,1.71008673
1512792000,0.80043334,1.71074258
1512806400,0.81240160,1.70814151
1512820800,0.82664588,1.72393071
1512835200,0.80915032,1.72705572
1512849600,0.80707146,1.71811572
1512864000,0.69664526,1.65126484
1512878400,0.74277679,1.64258568
1512892800,0.77285477,1.64345811
1512907200,0.71625558,1.58742863
1512921600,0.74040885,1.58697422
1512936000,0.75144604,1.58141121
1512950400,0.73652971,1.55815905
1512964800,0.75953188,1.55635202
1512979200,0.73531221,1.55414128
1512993600,0.74987457,1.55645053
1513008000,0.76454057,1.55115444
1513022400,0.71714414,1.55316220
1513036800,0.73083295,1.60243475
1513051200,0.74341172,1.60035089
1513065600,0.74035595,1.60018393
1513080000,0.72001405,1.60619278
1513094400,0.72373341,1.61406182
1513108800,0.74307783,1.61192577
1513123200,0.67936378,1.61422982
1513137600,0.65785848,1.61422725
1513152000,0.68331847,1.61634479
1513166400,0.71034419,1.61895697
1513180800,0.69343805,1.61844529
1513195200,0.71268485,1.61787704
1513209600,0.74064917,1.61889817
1513224000,0.74688869,1.61940862
1513238400,0.79145609,1.61594449
1513252800,0.75621145,1.61590657
1513267200,0.77606913,1.61612323
1513281600,0.74991086,1.61630481
1513296000,0.81759743,1.61002592
1513310400,0.75931607,1.61488912
1513324800,0.81562481,1.60615337
1513339200,0.83325796,1.60720284
1513353600,0.83246910,1.60780761
1513368000,0.82283110,1.60930826
1513382400,0.84532059,1.60856837
1513396800,0.78371142,1.60544660
1513411200,0.74247703,1.60580407
1513425600,0.82041036,1.59726322
1513440000,0.83687280,1.59649722
1513454400,0.79260854,1.59776103
1513468800,0.82850393,1.60867487
1513483200,0.86063510,1.61166810
1513497600,0.76503629,1.61395937
1513512000,0.77162837,1.61255590
1513526400,0.80715489,1.62375673
1513540800,0.78976822,1.62489755
1513555200,0.81362157,1.62723174
1513569600,0.77868169,1.62785691
1513584000,0.83122236,1.65323443
1513598400,0.82128638,1.65937894
1513612800,0.79969758,1.69316011
1513627200,0.81109997,1.70265365
1513641600,0.79850391,1.70346018
1513656000,0.77862756,1.71680691
1513670400,0.83553629,1.73058887
1513684800,0.84007461,1.73322949
1513699200,0.86393525,1.73348883
1513713600,0.88858619,1.74362950
1513728000,0.88921958,1.73577784
1513742400,0.83496370,1.73566697
1513756800,0.84484904,1.72685806
1513771200,0.85847954,1.71864908
1513785600,0.88035368,1.71930031
1513800000,0.88395385,1.72039276
1513814400,0.90095469,1.71917364
1513828800,0.84524719,1.74221742
1513843200,0.81252110,1.73988665
1513857600,0.74857370,1.68438496
1513872000,0.78889029,1.68490460
1513886400,0.84156583,1.68018481
1513900800,0.83174281,1.66444074
1513915200,0.79952757,1.64405768
1513929600,0.77352465,1.63859712
1513944000,0.77011730,1.62427879
1513958400,0.79184304,1.61659859
1513972800,0.78231169,1.61649784
1513987200,0.75795881,1.59031212
1514001600,0.77282937,1.58415038
1514016000,0.74974836,1.57155609
1514030400,0.76150241,1.59960149
1514044800,0.73356580,1.60202190
1514059200,0.76123407,1.59762455
1514073600,0.81301983,1.59243058
1514088000,0.73699962,1.60559680
1514102400,0.78913233,1.58686786
1514116800,0.79259506,1.59929945
1514131200,0.81822473,1.59664159
1514145600,0.77344426,1.55559296
1514160000,0.80042804,1.54638436
1514174400,0.80578322,1.53921625
1514188800,0.82250755,1.53717240
1514203200,0.83938777,1.53496350
1514217600,0.79225965,1.53346788
1514232000,0.77066167,1.53351208
1514246400,0.77870249,1.52430410
1514260800,0.79023793,1.51648630
1514275200,0.79352585,1.51724921
1514289600,0.80493875,1.50249676
1514304000,0.77570950,1.50465853
1514318400,0.79732559,1.50453093
1514332800,0.78877150,1.50816628
1514347200,0.81536654,1.51364783
1514361600,0.75716807,1.51896848
1514376000,0.77663339,1.52554042
1514390400,0.79965764,1.52190216
1514404800,0.81667993,1.51710348
1514419200,0.80827849,1.49523585
1514433600,0.81034953,1.49597792
1514448000,0.83845390,1.49572026
1514462400,0.84583889,1.50225350
1514476800,0.84702619,1.49967396
1514491200,0.79847009,1.49309723
1514505600,0.81292022,1.48800788
1514520000,0.81401983,1.49130640
1514534400,0.82042694,1.48999146
1514548800,0.81910800,1.49063306
1514563200,0.79377558,1.49051322
1514577600,0.78492172,1.48823486
1514592000,0.81007378,1.47102553
1514606400,0.80007141,1.47286402
1514620800,0.84196147,1.47124708
1514635200,0.83450020,1.45237769
1514649600,0.83652597,1.44009469
1514664000,0.82546832,1.42935869
1514678400,0.83774919,1.42187409
1514692800,0.83810977,1.42203234
1514707200,0.82233221,1.42210814
1514721600,0.83427045,1.43622609
1514736000,0.81876199,1.42925399
1514750400,0.76811605,1.43025189
1514764800,0.81430599,1.42771500
1514779200,0.82209078,1.42901042
1514793600,0.93628433,1.42544484
1514808000,0.83289573,1.42872321
1514822400,0.83024359,1.42888538
1514836800,0.86074452,1.42999581
1514851200,0.79988191,1.43183040
1514865600,0.66051839,1.43197169
1514880000,0.76924236,1.44303495
1514894400,0.81988219,1.44566023
1514908800,0.94804104,1.42609318
1514923200,0.93474520,1.42828945
1514937600,0.95717091,1.43450141
1514952000,1.00851167,1.43256849
1514966400,1.01519033,1.44029509
1514980800,0.88812807,1.47389740
1514995200,0.91909276,1.47952689
1515009600,0.94442559,1.47886645
1515024000,0.88431163,1.49446275
1515038400,0.91900946,1.49990505
1515052800,0.92179267,1.50694336
1515067200,0.88551400,1.50757786
1515081600,0.93759634,1.50259375
1515096000,0.93057505,1.50262223
1515110400,0.93463744,1.50176614
1515124800,0.85962816,1.50176781
1515139200,0.97709124,1.49155802
1515153600,0.93441704,1.49684135
1515168000,1.00325419,1.49598344
1515182400,1.01785206,1.49281904
1515196800,1.02640930,1.49110824
1515211200,0.88493704,1.49339786
1515225600,0.87101804,1.50545557
1515240000,0.88066028,1.50719846
1515254400,0.82593241,1.54357707
1515268800,0.86761717,1.54630775
1515283200,0.91340958,1.57386958
1515297600,0.86313495,1.58699310
1515312000,0.90483910,1.61443649
1515326400,0.91478129,1.65686713
1515340800,0.93598384,1.65891602
1515355200,0.85626220,1.66107812
1515369600,0.96908659,1.66891680
1515384000,0.97850925,1.68050502
1515398400,1.00258882,1.69583710
1515412800,1.00047081,1.67854528
1515427200,1.02118330,1.67175285
1515441600,1.01222944,1.69239327
1515456000,1.04659871,1.70183388
1515470400,1.03721563,1.70735215
1515484800,0.97945702,1.70719728
1515499200,0.89201303,1.70974482
1515513600,1.04043250,1.71095653
1515528000,1.09812161,1.71064869
1515542400,1.12097882,1.71025694
1515556800,1.02021512,1.71090320
1515571200,1.08510576,1.71454837
1515585600,1.15896888,1.71183324
1515600000,1.08368238,1.71667126
1515614400,1.17898759,1.71233217
1515628800,1.27119307,1.66623808
1515643200,1.27345146,1.66422526
1515657600,1.26019699,1.66835218
1515672000,1.32247310,1.66794180
1515686400,1.32639917,1.66083139
1515700800,1.14986682,1.66150937
1515715200,1.19791836,1.67454563
1515729600,1.11271578,1.67561971
1515744000,1.18420856,1.67860323
1515758400,1.13937689,1.67923574
1515772800,1.13207473,1.67955756
1515787200,1.08335167,1.68256049
1515801600,1.15080142,1.68992784
1515816000,1.12858413,1.68907574
1515830400,1.06679332,1.69007322
1515844800,1.00539793,1.69007433
1515859200,1.07739747,1.69071466
1515873600,1.01304558,1.69112651
1515888000,0.92697454,1.69217411
1515902400,1.14098684,1.68807977
1515916800,1.15527736,1.68750744
1515931200,1.18461635,1.68500434
1515945600,1.17842143,1.68536561
1515960000,1.20628735,1.68440521
1515974400,1.13393932,1.68588361
1515988800,1.13460640,1.68743400
1516003200,1.09236296,1.68714511
1516017600,1.12888275,1.69121731
1516032000,1.10579103,1.69049983
1516046400,1.13227952,1.69170433
1516060800,1.22715157,1.68256625
1516075200,1.24478313,1.67839477
1516089600,1.24898293,1.67757470
1516104000,1.20871383,1.67941309
1516118400,1.28410923,1.66871422
1516132800,1.23605865,1.66777316
1516147200,1.24940599,1.66364664
1516161600,1.22592940,1.66696520
1516176000,1.28455785,1.63892652
1516190400,1.26921459,1.63307097
1516204800,1.29281728,1.59799612
1516219200,1.30137919,1.58804283
1516233600,1.44160038,1.59055578
1516248000,1.46500528,1.57769769
1516262400,1.49111236,1.54993703
1516276800,1.42744498,1.54690698
1516291200,1.39151584,1.54634908
1516305600,1.44702356,1.53797575
1516320000,1.38083725,1.53976541
1516334400,1.32108195,1.54070175
1516348800,1.36322047,1.53368703
1516363200,1.33660867,1.53303646
1516377600,1.30009657,1.53280941
1516392000,1.31699587,1.53791311
1516406400,1.31365354,1.53716454
1516420800,1.41315908,1.51348246
1516435200,1.38436588,1.51180898
1516449600,1.37321926,1.51242563
1516464000,1.36948829,1.51149279
1516478400,1.31224522,1.51150960
1516492800,1.26213644,1.51189801
1516507200,1.33107630,1.50319114
1516521600,1.31227857,1.50217405
1516536000,1.37804088,1.49079705
1516550400,1.31633000,1.49131626
1516564800,1.31560943,1.49704516
1516579200,1.26851297,1.50034914
1516593600,1.31619749,1.49984553
1516608000,1.29517050,1.49468742
1516622400,1.42813868,1.46649036
1516636800,1.40004466,1.46492000
1516651200,1.39360923,1.46365653
1516665600,1.36622193,1.46619450
1516680000,1.43430951,1.45202245
1516694400,1.30181312,1.45768204
1516708800,1.39375185,1.44604945
1516723200,1.36919347,1.44424391
1516737600,1.36767963,1.44421867
1516752000,1.28695535,1.44425643
1516766400,1.32899466,1.44327708
1516780800,1.20842914,1.44747486
1516795200,1.16710769,1.44783850
1516809600,1.19759975,1.44970933
1516824000,1.20979523,1.44951248
1516838400,1.23169482,1.45023267
1516852800,1.24665036,1.45244445
1516867200,1.27292831,1.45509513
1516881600,1.26982110,1.45377115
1516896000,1.28771044,1.45315828
1516910400,1.23807457,1.45402541
1516924800,1.30056575,1.45071432
1516939200,1.33940762,1.44374975
1516953600,1.44640241,1.43378639
1516968000,1.46970357,1.42675179
1516982400,1.41975158,1.42643925
1516996800,1.41940339,1.42604411
1517011200,1.36756117,1.42609727
1517025600,1.35815621,1.42573724
1517040000,1.29832364,1.42688271
1517054400,1.39885545,1.42827006
1517068800,1.28633375,1.42827318
1517083200,1.30242824,1.42872461
1517097600,1.31711459,1.42872341
1517112000,1.38421461,1.42893484
1517126400,1.25356956,1.42895434
1517140800,1.30746879,1.42807407
1517155200,1.29434434,1.42829367
1517169600,1.26319359,1.42872681
1517184000,1.28765106,1.42961390
1517198400,1.30935785,1.42842304
1517212800,1.26044335,1.42951494
1517227200,1.28529028,1.42877205
1517241600,1.29723261,1.42784613
1517256000,1.19375336,1.42984333
1517270400,1.27497231,1.42763128
1517284800,1.26249400,1.42824337
1517299200,1.24164874,1.42873570
1517313600,1.43692536,1.41090773
1517328000,1.34469787,1.41201940
1517342400,1.38292034,1.41088570
1517356800,1.38315836,1.41089737
1517371200,1.40424673,1.40808702
1517385600,1.22476370,1.40950641
1517400000,1.32927924,1.40628206
1517414400,1.28037092,1.40631790
1517428800,1.31058046,1.40514086
1517443200,1.30378647,1.40651352
1517457600,1.27226051,1.40636990
1517472000,1.40060399,1.39430455
1517486400,1.39817929,1.39188754
1517500800,1.41968993,1.38628594
1517515200,1.40759510,1.38389745
1517529600,1.44318762,1.37967211
1517544000,1.38691519,1.37809807
1517558400,1.44515506,1.36722196
1517572800,1.55176951,1.33006081
1517587200,1.52962283,1.32429299
1517601600,1.49756999,1.32226078
1517616000,1.55463911,1.30469726
1517630400,1.53746602,1.29636323
1517644800,1.49816637,1.28691027
1517659200,1.44409628,1.28602150
1517673600,1.47243407,1.28599238
1517688000,1.41709009,1.28686058
1517702400,1.33099603,1.28787992
1517716800,1.20133201,1.28788981
1517731200,1.45257701,1.27814498
1517745600,1.46192293,1.27191788
1517760000,1.43974420,1.27254937
1517774400,1.40402724,1.27233256
1517788800,1.35160320,1.27233286
1517803200,1.37112665,1.27165801
1517817600,1.46546035,1.25809434
1517832000,1.42699826,1.25592207
1517846400,1.65252192,1.24335580
1517860800,1.60194108,1.23729024
1517875200,1.70870205,1.20607273
1517889600,1.68821942,1.19728831
1517904000,1.75245211,1.15979060
1517918400,1.80909003,1.09808956
1517932800,1.73356523,1.10866389
1517947200,1.67647666,1.10580297
1517961600,1.70754361,1.09243491
1517976000,1.69657261,1.07811625
1517990400,1.67866382,1.05496930
1518004800,1.59456997,1.05436240
1518019200,1.55228491,1.05649166
1518033600,1.67429320,1.03813197
1518048000,1.65875045,1.01991365
1518062400,1.61524178,1.01112478
1518076800,1.58098572,1.00891029
1518091200,1.58789783,1.00413929
1518105600,1.51560144,1.00677480
1518120000,1.46423410,1.01275450
1518134400,1.41891249,1.01301948
1518148800,1.40010644,1.01254864
1518163200,1.43528677,1.01644328
1518177600,1.37856214,1.01622319
1518192000,1.45473643,1.03127477
1518206400,1.39438800,1.03221493
1518220800,1.43995189,1.02893751
1518235200,1.36416039,1.03091272
1518249600,1.44672059,1.02735467
1518264000,1.45953612,1.04726778
1518278400,1.42789264,1.05043363
1518292800,1.41270916,1.05138487
1518307200,1.55663923,1.02713357
1518321600,1.49105622,1.02767086
1518336000,1.51020106,1.02138189
1518350400,1.50972740,1.01590891
1518364800,1.48310605,1.01447254
1518379200,1.44837584,1.00966025
1518393600,1.56977528,0.99533005
1518408000,1.46193073,0.99769353
1518422400,1.48288264,1.00768584
1518436800,1.42537425,1.00795425
1518451200,1.44805184,1.02279358
1518465600,1.36820673,1.02268141
1518480000,1.38431893,1.03029478
1518494400,1.36452757,1.02937636
1518508800,1.37946632,1.04064019
1518523200,1.33576330,1.04250154
1518537600,1.36292151,1.04209595
1518552000,1.35280320,1.04102761
1518566400,1.37504851,1.04353235
1518580800,1.38972743,1.04501052
1518595200,1.35582301,1.04505734
1518609600,1.45039166,1.04548079
1518624000,1.39900164,1.04517170
1518638400,1.42572896,1.04782406
1518652800,1.41297719,1.04584378
1518667200,1.40479171,1.04447787
1518681600,1.39090031,1.04156542
1518696000,1.40362643,1.04573638
1518710400,1.41358155,1.04212331
1518724800,1.37264763,1.04189356
1518739200,1.35506937,1.04513223
1518753600,1.41477573,1.03883715
1518768000,1.35933516,1.03991384
1518782400,1.38241489,1.05351047
1518796800,1.32835772,1.05422219
1518811200,1.35386768,1.10461910
1518825600,1.38106993,1.09973421
1518840000,1.39008280,1.09787868
1518854400,1.33631177,1.09787225
1518868800,1.32718687,1.10136482
1518883200,1.30517933,1.10387133
1518897600,1.36665361,1.10268176
1518912000,1.36003023,1.09964210
1518926400,1.36470464,1.10110532
1518940800,1.30751207,1.10270807
1518955200,1.31826849,1.10254379
1518969600,1.32590564,1.11439863
1518984000,1.42561927,1.10402565
1518998400,1.37329595,1.10454383
1519012800,1.40586429,1.10081672
1519027200,1.37602405,1.10138875
1519041600,1.38240881,1.09918406
1519056000,1.30875517,1.10153400
1519070400,1.28811279,1.10171460
1519084800,1.32024513,1.09958982
1519099200,1.29393097,1.09956466
1519113600,1.26354917,1.10594193
1519128000,1.25929921,1.10550071
1519142400,1.24576675,1.10469672
1519156800,1.30632616,1.09763260
1519171200,1.32808288,1.10062470
1519185600,1.32748336,1.09876285
1519200000,1.33120384,1.09834625
1519214400,1.35661638,1.09338383
1519228800,1.32607855,1.09194234
1519243200,1.27937155,1.09743977
1519257600,1.33875175,1.09380171
1519272000,1.31333240,1.09345621
1519286400,1.37168023,1.08897769
1519300800,1.33330418,1.08939512
1519315200,1.28590220,1.08950433
1519329600,1.30608380,1.09718375
1519344000,1.27435156,1.09708568
1519358400,1.26050418,1.09720610
1519372800,1.32342909,1.09170983
1519387200,1.30106255,1.09145494
1519401600,1.33116726,1.08867622
1519416000,1.31600714,1.08965254
1519430400,1.34915214,1.08622069
1519444800,1.36937438,1.08135090
1519459200,1.40113070,1.08364639
1519473600,1.30932743,1.08368319
1519488000,1.34477456,1.08316465
1519502400,1.33371835,1.08504740
1519516800,1.32306100,1.09056574
1519531200,1.28875881,1.09009243
1519545600,1.26580043,1.08989888
1519560000,1.31475770,1.08802433
1519574400,1.25834418,1.09031849
1519588800,1.27791674,1.09058347
1519603200,1.22736861,1.09088153
1519617600,1.24034691,1.08938122
1519632000,1.27806326,1.08763095
1519646400,1.37115595,1.07650033
1519660800,1.28802719,1.07665375
1519675200,1.33593463,1.07619818
1519689600,1.29499017,1.07672223
1519704000,1.36710412,1.08085830
1519718400,1.28592824,1.08105624
1519732800,1.30884415,1.08021500
1519747200,1.29761440,1.08107349
1519761600,1.27530462,1.08767252
1519776000,1.28375604,1.08881171
1519790400,1.27668950,1.10295047
1519804800,1.27959823,1.10609421
1519819200,1.24878165,1.11147051
1519833600,1.29927965,1.11140369
1519848000,1.32455849,1.10892327
1519862400,1.29850449,1.11057624
1519876800,1.30456775,1.11157597
1519891200,1.29769558,1.11886772
1519905600,1.28075267,1.11879041
1519920000,1.28975374,1.11735317
1519934400,1.27117345,1.11914052
1519948800,1.28247821,1.11764747
1519963200,1.26345003,1.12256301
1519977600,1.28088917,1.12095215
1519992000,1.26079128,1.12747075
1520006400,1.24719701,1.15148251
1520020800,1.24312278,1.15169358
1520035200,1.30426653,1.15073611
1520049600,1.26738553,1.15138659
1520064000,1.24711270,1.15137277
1520078400,1.26371204,1.14988228
1520092800,1.24318300,1.14999987
1520107200,1.22769913,1.15052272
1520121600,1.27179150,1.14911249
1520136000,1.24324869,1.15409654
1520150400,1.22654458,1.15495246
1520164800,1.21421826,1.15559322
1520179200,1.26106933,1.15321020
1520193600,1.23507499,1.15304020
1520208000,1.21953730,1.15444094
1520222400,1.20692893,1.15443687
1520236800,1.19794938,1.16140843
1520251200,1.18483743,1.16919549
1520265600,1.18073672,1.16918109
1520280000,1.20678660,1.16836048
1520294400,1.20781179,1.16722410
1520308800,1.18317057,1.16727034
1520323200,1.27305899,1.16223240
1520337600,1.22090872,1.16235985
1520352000,1.25288931,1.15953413
1520366400,1.21537258,1.15954782
1520380800,1.19490249,1.15959561
1520395200,1.22651693,1.15926846
1520409600,1.21233358,1.15854755
1520424000,1.18659778,1.15853879
1520438400,1.63706442,1.12348582
1520452800,1.47574501,1.12323120
1520467200,1.48684678,1.12235002
1520481600,1.51115941,1.11322549
1520496000,1.42737073,1.11323768
1520510400,1.37199689,1.11554978
1520524800,1.53759540,1.09910817
1520539200,1.43618424,1.09948302
1520553600,1.48632133,1.09422238
1520568000,1.49763408,1.08859149
1520582400,1.50440185,1.08657004
1520596800,1.46782202,1.08690929
1520611200,1.50264079,1.08498155
1520625600,1.54591931,1.07006571
1520640000,1.48200618,1.07115495
1520654400,1.51952492,1.07020501
1520668800,1.47268810,1.08646353
1520683200,1.47665186,1.08660051
1520697600,1.54782464,1.08238770
1520712000,1.55318810,1.07536595
1520726400,1.54357828,1.07350240
1520740800,1.53475830,1.07339823
1520755200,1.49116329,1.06338980
1520769600,1.44207079,1.06448903
1520784000,1.52590931,1.04203216
1520798400,1.48389736,1.04099657
1520812800,1.48182406,1.04033143
1520827200,1.49746835,1.03829679
1520841600,1.46665341,1.03496394
1520856000,1.54367001,1.00658003
1520870400,1.52376103,1.00223988
1520884800,1.51053020,1.00029317
1520899200,1.48750336,0.99995350
1520913600,1.50628782,0.99924513
1520928000,1.51769611,1.07892235
1520942400,1.46379076,1.07913857
1520956800,1.45964957,1.07944913
1520971200,1.47589679,1.08431783
1520985600,1.49196142,1.08414179
1521000000,1.50160846,1.08828922
1521014400,1.51528027,1.07721008
1521028800,1.46866569,1.07708134
1521043200,1.52395097,1.06149258
1521057600,1.50192528,1.06524446
1521072000,1.51580940,1.05918159
1521086400,1.46189491,1.05966497
1521100800,1.49603015,1.04972162
1521115200,1.48818843,1.04782106
1521129600,1.48617086,1.04681910
1521144000,1.46987123,1.04670973
1521158400,1.49834906,1.04224487
1521172800,1.44199144,1.03753208
1521187200,1.40850708,1.04276712
1521201600,1.45220632,1.03330330
1521216000,1.39564760,1.03338573
1521230400,1.45938628,1.02692663
1521244800,1.43461816,1.03087667
1521259200,1.41408895,1.03094350
1521273600,1.39190945,1.03097832
1521288000,1.38869333,1.02450274
1521302400,1.39034764,1.02386319
1521316800,1.37345073,1.02441542
1521331200,1.36240862,1.02092778
1521345600,1.35774399,1.02180094
1521360000,1.37206605,1.02055483
1521374400,1.43303820,1.00298807
1521388800,1.37848262,1.00576875
1521403200,1.57040339,0.94906377
1521417600,1.48555676,0.94927239
1521432000,1.41640735,0.95048377
1521446400,1.40025019,0.95037288
1521460800,1.37961267,0.94710344
1521475200,1.47578728,0.94567591
1521489600,1.45281229,0.94076943
1521504000,1.44751747,0.94084706
1521518400,1.41724356,0.93645519
1521532800,1.41188508,0.93462077
1521547200,1.41858546,0.93468088
1521561600,1.45816317,0.91788434
1521576000,1.41509165,0.91773377
1521590400,1.39477889,0.91614375
1521604800,1.38006801,0.91526071
1521619200,1.36519107,0.91688347
1521633600,1.43947454,0.91710641
1521648000,1.41094238,0.91455888
1521662400,1.41197892,0.92409189
1521676800,1.39638165,0.92290901
1521691200,1.39781840,0.92238484
1521705600,1.39947124,0.91690816
1521720000,1.38997971,0.91830373
1521734400,1.37966508,0.91853150
1521748800,1.35294475,0.91949767
1521763200,1.38153917,0.91141342
1521777600,1.39898513,0.91154087
1521792000,1.35922394,0.91068039
1521806400,1.34641300,0.90923494
1521820800,1.35545707,0.90968752
1521835200,1.39063314,0.90355886
1521849600,1.37884287,0.90422455
1521864000,1.35832313,0.90452535
1521878400,1.35432491,0.90062337
1521892800,1.35308314,0.89620565
1521907200,1.36240461,0.89607393
1521921600,1.38778702,0.88503584
1521936000,1.35974167,0.88976729
1521950400,1.33378444,0.88938296
1521964800,1.33472349,0.88944913
1521979200,1.31973041,0.88926125
1521993600,1.38739492,0.88922556
1522008000,1.37829433,0.88913388
1522022400,1.37846913,0.89625729
1522036800,1.38188954,0.89669733
1522051200,1.39012386,0.89056900
1522065600,1.37863870,0.89334325
1522080000,1.36547378,0.89132589
1522094400,1.36718752,0.88824618
1522108800,1.38378932,0.88039283
1522123200,1.37788694,0.87983393
1522137600,1.37481599,0.87984675
1522152000,1.35824963,0.87815342
1522166400,1.36370490,0.87561197
1522180800,1.37154059,0.88888956
1522195200,1.36515481,0.88994010
1522209600,1.36682668,0.89053656
1522224000,1.36096857,0.88765753
1522238400,1.36871751,0.88410393
1522252800,1.36349513,0.88582603
1522267200,1.35471966,0.88799346
1522281600,1.34522144,0.89106510
1522296000,1.39390935,0.87761430
1522310400,1.37594297,0.87759428
1522324800,1.37018304,0.87911607
1522339200,1.34923419,0.87713572
1522353600,1.37613714,0.86844669
1522368000,1.39290392,0.86299686
1522382400,1.43316738,0.84359026
1522396800,1.41384404,0.84040693
1522411200,1.40906644,0.83394275
1522425600,1.40178523,0.83396430
1522440000,1.38268769,0.83476847
1522454400,1.38479603,0.83392810
1522468800,1.38925831,0.83105648
1522483200,1.41603709,0.82013377
1522497600,1.40188079,0.82018061
1522512000,1.39369866,0.82017666
1522526400,1.37460971,0.81840204
1522540800,1.38215257,0.82512282
1522555200,1.39551489,0.81857142
1522569600,1.38585420,0.81833070
1522584000,1.39468875,0.80944085
1522598400,1.46998600,0.77509182
1522612800,1.43039378,0.77463034
1522627200,1.41289970,0.77021311
1522641600,1.39669956,0.77029445
1522656000,1.39682524,0.77034168
1522670400,1.41282474,0.77020850
1522684800,1.40578421,0.77009867
1522699200,1.41410406,0.77069088
1522713600,1.40355262,0.76862443
1522728000,1.42467976,0.76114258
1522742400,1.42344880,0.76002806
1522756800,1.42154645,0.76454864
1522771200,1.41923919,0.76869957
1522785600,1.41589888,0.76874017
1522800000,1.40625518,0.76850120
1522814400,1.40387257,0.76934823
1522828800,1.42710292,0.75923516
1522843200,1.44304008,0.74901641
1522857600,1.43793217,0.74836010
1522872000,1.43265273,0.74712947
1522886400,1.43511886,0.74834927
1522900800,1.42127826,0.74838143
1522915200,1.39928891,0.74903709
1522929600,1.38791556,0.74888357
1522944000,1.37048231,0.74908463
1522958400,1.36948438,0.74904765
1522972800,1.36661340,0.74901193
1522987200,1.39218961,0.74852726
1523001600,1.39282476,0.74975567
1523016000,1.39149907,0.75028050
1523030400,1.38925772,0.75018824
1523044800,1.39196619,0.75144995
1523059200,1.41370578,0.75164506
1523073600,1.41554340,0.75165105
1523088000,1.40953135,0.75165584
1523102400,1.41027653,0.74811401
1523116800,1.41030324,0.74832273
1523131200,1.39275710,0.74713254
1523145600,1.39452002,0.74621083
1523160000,1.39446160,0.74622459
1523174400,1.39720096,0.74491553
1523188800,1.39671775,0.74439985
1523203200,1.39299592,0.74431681
1523217600,1.38903927,0.74432770
1523232000,1.39087469,0.74552633
1523246400,1.38402055,0.74552727
1523260800,1.44005924,0.72653412
1523275200,1.43159345,0.72644910
1523289600,1.42392666,0.72620688
1523304000,1.41825029,0.72519880
1523318400,1.41683372,0.72523168
1523332800,1.38128604,0.72453927
1523347200,1.38221500,0.72456861
1523361600,1.38357341,0.72295642
1523376000,1.38050580,0.73002489
1523390400,1.37861022,0.73024324
1523404800,1.37405399,0.73074888
1523419200,1.37184730,0.73559477
1523433600,1.40682690,0.73688082
1523448000,1.42527006,0.73613403
1523462400,1.42054398,0.73615094
1523476800,1.42729074,0.74125504
1523491200,1.42221628,0.74126035
1523505600,1.43955776,0.73996467
1523520000,1.48451449,0.62138722
1523534400,1.47053089,0.62637160
1523548800,1.47149700,0.62829917
1523563200,1.47971965,0.61937107
1523577600,1.47538377,0.61790634
1523592000,1.45886865,0.60672611
1523606400,1.43975493,0.60846272
1523620800,1.44865681,0.60869722
1523635200,1.44192708,0.60856632
1523649600,1.45666457,0.60117651
1523664000,1.45135204,0.60865817
1523678400,1.44744766,0.60805326
1523692800,1.45511174,0.60413093
1523707200,1.43933488,0.62181535
1523721600,1.44328313,0.62163415
1523736000,1.43095973,0.62249921
1523750400,1.43975475,0.62157619
1523764800,1.41516588,0.62164721
1523779200,1.45083816,0.61252133
1523793600,1.44143288,0.61973769
1523808000,1.44024472,0.61985811
1523822400,1.44127185,0.62123707
1523836800,1.45544746,0.62782843
1523851200,1.43675016,0.62820950
1523865600,1.43516390,0.63155228
1523880000,1.44467954,0.63086906
1523894400,1.43386303,0.63101425
1523908800,1.43126018,0.63102409
1523923200,1.42572133,0.63089979
1523937600,1.43632527,0.63053127
1523952000,1.42360097,0.63072306
1523966400,1.42573540,0.63061967
1523980800,1.44613810,0.62711201
1523995200,1.42877051,0.62936663
1524009600,1.43751323,0.62950766
1524024000,1.44911131,0.62677165
1524038400,1.43292430,0.62678065
1524052800,1.44045161,0.62533586
1524067200,1.44531968,0.62551185
1524081600,1.43856635,0.62533519
1524096000,1.43048185,0.62521181
1524110400,1.42977260,0.62575050
1524124800,1.42515446,0.63140083
1524139200,1.40943333,0.63187577
1524153600,1.41260529,0.63180706
1524168000,1.41697518,0.63229255
1524182400,1.41592629,0.63209117
1524196800,1.39759929,0.63211123
1524211200,1.42434201,0.62838520
1524225600,1.41062462,0.62815552
1524240000,1.41097861,0.62985702
1524254400,1.42989209,0.61544491
1524268800,1.39262767,0.61551663
1524283200,1.39621418,0.61553775
1524297600,1.42023238,0.61119850
1524312000,1.41554496,0.60982454
1524326400,1.40972543,0.60953452
1524340800,1.41995919,0.60651673
1524355200,1.41508151,0.60561296
1524369600,1.40588922,0.60541601
1524384000,1.41071951,0.60665530
1524398400,1.40191676,0.60660428
1524412800,1.41455809,0.60634477
1524427200,1.41700506,0.61094838
1524441600,1.41602665,0.61014495
1524456000,1.41194631,0.61139011
1524470400,1.39446637,0.61138272
1524484800,1.40818815,0.61443468
1524499200,1.40490249,0.61667671
1524513600,1.41509314,0.61711412
1524528000,1.42389920,0.61232800
1524542400,1.40520196,0.61317336
1524556800,1.40678053,0.61775523
1524571200,1.40256120,0.62431817
1524585600,1.41367230,0.62233917
1524600000,1.41893628,0.61938269
1524614400,1.42611151,0.60897321
1524628800,1.40879507,0.61367445
1524643200,1.42140424,0.60738742
1524657600,1.41875316,0.60337308
1524672000,1.39577062,0.60406088
1524686400,1.41238897,0.60299611
1524700800,1.40301176,0.60285562
1524715200,1.40692735,0.60542252
1524729600,1.40134868,0.60550201
1524744000,1.41040777,0.60519121
1524758400,1.41506663,0.60457687
1524772800,1.43290840,0.59012241
1524787200,1.41808617,0.58779475
1524801600,1.41029505,0.58698298
1524816000,1.40682666,0.58636275
1524830400,1.40376248,0.58592533
1524844800,1.41982421,0.58320312
1524859200,1.42101766,0.58004219
1524873600,1.25929031,0.57423293
1524888000,1.22717798,0.57900594
1524902400,1.23411895,0.57854489
1524916800,1.24061879,0.57639944
1524931200,1.22619420,0.57620597
1524945600,1.22890276,0.57910873
1524960000,1.23855072,0.57637450
1524974400,1.22494918,0.57613978
1524988800,1.24147977,0.58498031
1525003200,1.23189131,0.58388462
1525017600,1.21608800,0.58410771
1525032000,1.22623251,0.58281155
1525046400,1.22781604,0.58085699
1525060800,1.22073061,0.58016967
1525075200,1.21138586,0.57992681
1525089600,1.20587767,0.58528451
1525104000,1.19112714,0.58531074
1525118400,1.21021655,0.58507203
1525132800,1.24261456,0.57554762
1525147200,1.21581404,0.58181191
1525161600,1.19925144,0.58195604
1525176000,1.20416206,0.58162315
1525190400,1.20457971,0.58089842
1525204800,1.20865671,0.58069723
1525219200,1.19738523,0.58061193
1525233600,1.20728896,0.58045022
1525248000,1.19257447,0.58723948
1525262400,1.19113091,0.58777758
1525276800,1.18762358,0.58768858
1525291200,1.19488222,0.58717285
1525305600,1.17915762,0.58727577
1525320000,1.17513738,0.59081654
1525334400,1.17882287,0.59055155
1525348800,1.21319914,0.58368256
1525363200,1.22409825,0.57765701
1525377600,1.20200518,0.57727641
1525392000,1.21000111,0.57444060
1525406400,1.20248634,0.57398514
1525420800,1.19498241,0.57338571
1525435200,1.20486727,0.57099771
1525449600,1.19152798,0.57076779
1525464000,1.18683111,0.57057442
1525478400,1.19602751,0.56901500
1525492800,1.18302057,0.57065264
1525507200,1.18962325,0.57104376
1525521600,1.17790181,0.57094482
1525536000,1.17594452,0.57064000
1525550400,1.16364817,0.57066560
1525564800,1.16678016,0.57195128
1525579200,1.19028794,0.56858895
1525593600,0.76031356,0.56685684
1525608000,0.75375744,0.57011122
1525622400,0.74902686,0.57076253
1525636800,0.74263117,0.56910650
1525651200,0.82091136,0.55552553
1525665600,0.80203626,0.55555329
1525680000,0.77633169,0.55552033
1525694400,0.76221125,0.55568614
1525708800,0.74795464,0.55791025
1525723200,0.81290115,0.56050863
1525737600,0.79854128,0.56134524
1525752000,0.78234691,0.56111572
1525766400,0.76908383,0.55745241
1525780800,0.77161078,0.55744640
1525795200,0.75148269,0.55706453
1525809600,0.74521786,0.55669637
1525824000,0.75241925,0.55357128
1525838400,0.76830676,0.55360334
1525852800,0.77362979,0.54793871
1525867200,0.75938795,0.54901748
1525881600,0.75370291,0.54901243
1525896000,0.75242773,0.54915484
1525910400,0.73645842,0.54940956
1525924800,0.79851660,0.54938089
1525939200,0.79594370,0.54935939
1525953600,0.78107298,0.54948372
1525968000,0.77185307,0.53987719
1525982400,0.75121831,0.54264359
1525996800,0.73575634,0.55229857
1526011200,0.76256217,0.54714405
1526025600,0.75134698,0.54592244
1526040000,0.75368394,0.54559489
1526054400,0.74270901,0.57773999
1526068800,0.77413397,0.57175713
1526083200,0.77070518,0.57166946
1526097600,0.75715225,0.57444880
1526112000,0.78686503,0.57174183
1526126400,0.79856637,0.56757852
1526140800,0.79566088,0.56558416
1526155200,0.78974674,0.56956155
1526169600,0.76420198,0.57030673
1526184000,0.77106988,0.57033505
1526198400,0.77712645,0.56848412
1526212800,0.73780359,0.56935377
1526227200,0.73514307,0.58448796
1526241600,0.71694565,0.58426269
1526256000,0.78586188,0.57096546
1526270400,0.75464006,0.57076153
1526284800,0.72911844,0.57169608
1526299200,0.83832144,0.55401609
1526313600,0.71804994,0.55628841
1526328000,0.68980138,0.55535765
1526342400,0.65800019,0.56681096
1526356800,0.63496425,0.56683960
1526371200,0.75687847,0.56733555
1526385600,0.73806003,0.56722245
1526400000,0.70088694,0.58783523
1526414400,0.67277979,0.58610979
1526428800,0.78713655,0.57170977
1526443200,0.71688499,0.57122707
1526457600,0.71593203,0.56796251
1526472000,0.68119209,0.56711375
1526486400,0.66058447,0.56698109
1526500800,0.70158608,0.57311592
1526515200,0.71188420,0.57329986
1526529600,0.70541540,0.57306100
1526544000,0.70398175,0.57282043
1526558400,0.70803720,0.57532895
1526572800,0.68443855,0.57813414
1526587200,0.67283987,0.57571059
1526601600,0.66116695,0.57583868
1526616000,0.64794147,0.57436290
1526630400,0.64816051,0.57451663
1526644800,0.65028055,0.57450383
1526659200,0.65706555,0.57186280
1526673600,0.66362356,0.57353813
1526688000,0.66225459,0.57387213
1526702400,0.62878521,0.57347590
1526716800,0.66636875,0.56720490
1526731200,0.64703192,0.56706546
1526745600,0.63643840,0.57992159
1526760000,0.60206482,0.57917446
1526774400,0.59952771,0.57931275
1526788800,0.67202845,0.57931280
1526803200,0.64730362,0.57851492
1526817600,0.63587999,0.57829833
1526832000,0.63375865,0.57583275
1526846400,0.62589599,0.57579030
1526860800,0.60505344,0.58046489
1526875200,0.60879481,0.58047202
1526889600,0.59551124,0.58025621
1526904000,0.63441420,0.58280144
1526918400,0.63374351,0.58276005
1526932800,0.63778044,0.58276849
1526947200,0.59442658,0.58221935
1526961600,0.61394107,0.58222553
1526976000,0.59601304,0.58066220
1526990400,0.59196267,0.58064572
1527004800,0.56688646,0.58026941
1527019200,0.61897249,0.57446169
1527033600,0.47841472,0.57481556
1527048000,0.47738548,0.58019776
1527062400,0.47563128,0.58491336
1527076800,0.48099268,0.59317909
1527091200,0.49502806,0.59146226
1527105600,0.48667263,0.59683217
1527120000,0.49082546,0.59552526
1527134400,0.48374458,0.59437066
1527148800,0.51541969,0.58941232
1527163200,0.54904060,0.58238675
1527177600,0.52642057,0.58265995
1527192000,0.51089459,0.58282903
1527206400,0.49507134,0.58600354
1527220800,0.52584442,0.59536790
1527235200,0.52686676,0.59665516
1527249600,0.51029023,0.60209830
1527264000,0.49951481,0.64681152
1527278400,0.49272941,0.64676341
1527292800,0.51739282,0.64685971
1527307200,0.50485957,0.64431261
1527321600,0.49756128,0.64574199
1527336000,0.49344123,0.64637742
1527350400,0.48218839,0.64649819
1527364800,0.51350687,0.64015839
1527379200,0.50065790,0.63991182
1527393600,0.48679737,0.63994791
1527408000,0.47927423,0.64002221
1527422400,0.47416464,0.64004447
1527436800,0.50983038,0.63998030
1527451200,0.49969158,0.64152677
1527465600,0.48557279,0.64154390
1527480000,0.48690660,0.63739097
1527494400,0.47414772,0.63734270
1527508800,0.46119216,0.63730332
1527523200,0.46156123,0.63755866
1527537600,0.46568849,0.63454779
1527552000,0.47200323,0.63490525
1527566400,0.45982492,0.63492803
1527580800,0.54554120,0.62270906
1527595200,0.50937257,0.62258149
1527609600,0.48827984,0.62248714
1527624000,0.47775400,0.63448331
1527638400,0.46187812,0.63435553
1527652800,0.52134519,0.63439721
1527667200,0.50950753,0.63447788
1527681600,0.50290429,0.62948733
1527696000,0.49025846,0.62951506
1527710400,0.47265197,0.65503572
1527724800,0.46990156,0.66164131
1527739200,0.49960407,0.65635435
1527753600,0.50943122,0.65625428
1527768000,0.48504589,0.65619740
1527782400,0.47764524,0.65680071
1527796800,0.45267347,0.65704562
1527811200,0.54240511,0.65742013
1527825600,0.49018526,0.65640388
1527840000,0.53433490,0.65027038
1527854400,0.49820504,0.65056343
1527868800,0.49104266,0.65062564
1527883200,0.46430105,0.64942204
1527897600,0.45840300,0.64928737
1527912000,0.50783427,0.64603214
1527926400,0.50186030,0.64601336
1527940800,0.46983864,0.66282690
1527955200,0.46591872,0.66236793
1527969600,0.46078219,0.66233859
1527984000,0.51312852,0.66256975
1527998400,0.47687031,0.66181869
1528012800,0.48960145,0.66297086
1528027200,0.49065085,0.66296271
1528041600,0.47214864,0.66300468
1528056000,0.47041948,0.66545161
1528070400,0.51261256,0.66568934
1528084800,0.45344547,0.66418364
1528099200,0.44519182,0.66383615
1528113600,0.44182562,0.66812677
1528128000,0.43732073,0.66813602
1528142400,0.42133042,0.67010828
1528156800,0.43086899,0.66932084
1528171200,0.45917196,0.66938321
1528185600,0.43730573,0.66935431
1528200000,0.45368805,0.66599045
1528214400,0.43472730,0.66763862
1528228800,0.43824302,0.66789618
1528243200,0.41820570,0.66786850
1528257600,0.40831840,0.66831106
1528272000,0.46013411,0.66878401
1528286400,0.47451624,0.66899715
1528300800,0.44280580,0.66669549
1528315200,0.44868045,0.66462980
1528329600,0.43328844,0.66376479
1528344000,0.42001937,0.66374040
1528358400,0.40277678,0.66374109
1528372800,0.41522658,0.66385587
1528387200,0.44610180,0.66386605
1528401600,0.50235635,0.67335598
1528416000,0.43909948,0.67306312
1528430400,0.44402215,0.67305906
1528444800,0.41650176,0.67241552
1528459200,0.41014944,0.67142861
1528473600,0.41069314,0.67149935
1528488000,0.39693209,0.67227188
1528502400,0.38961849,0.67193352
1528516800,0.40430071,0.67196048
1528531200,0.41594457,0.67194622
1528545600,0.40128187,0.67184443
1528560000,0.41291612,0.67186080
1528574400,0.40383673,0.67010638
1528588800,0.48735862,0.66167972
1528603200,0.45133888,0.66078401
1528617600,0.42766365,0.67252863
1528632000,0.41404763,0.67260184
1528646400,0.68689921,0.64504510
1528660800,0.60199697,0.64534044
1528675200,0.56723404,0.64570406
1528689600,0.53702193,0.64218300
1528704000,0.53853825,0.63838761
1528718400,0.56083937,0.63677106
1528732800,0.53949806,0.63617105
1528747200,0.54208594,0.63285509
1528761600,0.52921563,0.63229949
1528776000,0.53117550,0.63947894
1528790400,0.52902386,0.63949376
1528804800,0.50153102,0.63830651
1528819200,0.61712386,0.62448547
1528833600,0.56648645,0.62517257
1528848000,0.54344594,0.62517830
1528862400,0.51360915,0.62513427
1528876800,0.49979069,0.62344948
1528891200,0.54294149,0.62209802
1528905600,0.53639430,0.62177925
1528920000,0.52596729,0.62223005
1528934400,0.58819720,0.61163906
1528948800,0.55263334,0.61162820
1528963200,0.52139107,0.61118240
1528977600,0.56738101,0.60371971
1528992000,0.69170841,0.58352342
1529006400,0.64731599,0.58349705
1529020800,0.58712024,0.58323386
1529035200,0.56145286,0.58326092
1529049600,0.54224396,0.58438708
1529064000,0.65719340,0.58447774
1529078400,0.62123362,0.58445409
1529092800,0.59609660,0.57730446
1529107200,0.57235404,0.57716671
1529121600,0.54354746,0.57629796
1529136000,0.53891746,0.59419340
1529150400,0.52415764,0.59180909
1529164800,0.56721736,0.58751642
1529179200,0.55556162,0.58815206
1529193600,0.52657132,0.58747079
1529208000,0.52615234,0.58796814
1529222400,0.51452677,0.58784955
1529236800,0.54965488,0.59035834
1529251200,0.53227034,0.64313442
1529265600,0.51900630,0.64171057
1529280000,0.51194600,0.64486694
1529294400,0.50501995,0.64480990
1529308800,0.50214575,0.64477175
1529323200,0.49059183,0.64433889
1529337600,0.56041629,0.63342758
1529352000,0.53691013,0.63337937
1529366400,0.51326744,0.63369403
1529380800,0.50570105,0.63367362
1529395200,0.49025373,0.63532560
1529409600,0.53924294,0.63547426
1529424000,0.53614349,0.63606422
1529438400,0.53493700,0.63616431
1529452800,0.51135114,0.63182265
1529467200,0.50503414,0.63181988
1529481600,0.49702056,0.63234922
1529496000,0.49726670,0.62944809
1529510400,0.49541698,0.63202919
1529524800,0.49900588,0.63203024
1529539200,0.48748433,0.63283714
1529553600,0.48528616,0.63360176
1529568000,0.51303869,0.63344039
1529582400,0.51327804,0.63433780
1529596800,0.50270423,0.63440680
1529611200,0.50457464,0.63442750
1529625600,0.47902916,0.63394275
1529640000,0.50277736,0.62744074
1529654400,0.51225853,0.62370233
1529668800,0.56868266,0.61338030
1529683200,0.53782481,0.61268210
1529697600,0.55494898,0.60874586
1529712000,0.53737813,0.61650081
1529726400,0.53504527,0.61916209
1529740800,0.52371822,0.61982255
1529755200,0.51507117,0.62021057
1529769600,0.53112012,0.61993232
1529784000,0.53226381,0.61993191
1529798400,0.52108577,0.61711845
1529812800,0.59679878,0.61275574
1529827200,0.56568294,0.62021071
1529841600,0.57228319,0.61545536
1529856000,0.80924876,0.56839471
1529870400,0.73407081,0.57176907
1529884800,0.68215805,0.57210171
1529899200,0.64879541,0.57197132
1529913600,0.64058873,0.57356357
1529928000,0.64711558,0.57371219
1529942400,0.63898762,0.57411563
1529956800,0.63114471,0.57405382
1529971200,0.62932715,0.57448969
1529985600,0.61659080,0.57443363
1530000000,0.61413260,0.57432868
1530014400,0.61287497,0.57462123
1530028800,0.60277867,0.57539969
1530043200,0.59033593,0.59195410
1530057600,0.58732607,0.59224189
1530072000,0.58180120,0.59231701
1530086400,0.57968373,0.59227837
1530100800,0.57267040,0.60011523
1530115200,0.57321105,0.60082922
1530129600,0.57793501,0.60120342
1530144000,0.56473832,0.60077566
1530158400,0.56474972,0.60077227
1530172800,0.56093991,0.60074552
1530187200,0.56056661,0.60156451
1530201600,0.55194125,0.60257232
1530216000,0.59321418,0.58999067
1530230400,0.58805683,0.59000737
1530244800,0.57375601,0.59040951
1530259200,0.56329739,0.59030938
1530273600,0.55253667,0.59085056
1530288000,0.56644888,0.59081592
1530302400,0.66322833,0.56159899
1530316800,0.65766559,0.55389640
1530331200,0.63860267,0.55355739
1530345600,0.62724457,0.55352001
1530360000,0.61635252,0.55366388
1530374400,0.60512808,0.55293255
1530388800,0.60694755,0.55260504
1530403200,0.60195361,0.55256390
1530417600,0.59868687,0.55245881
1530432000,0.59510875,0.55642246
1530446400,0.58227330,0.56335556
1530460800,0.58509135,0.56330977
1530475200,0.58131933,0.56329980
1530489600,0.58233707,0.57043027
1530504000,0.57666610,0.57057451
1530518400,0.58426397,0.57057649
1530532800,0.62879547,0.55113418
1530547200,0.62243235,0.55150801
1530561600,0.59999225,0.55192875
1530576000,0.58662337,0.55185631
1530590400,0.58917776,0.55193799
1530604800,0.58531282,0.55276613
1530619200,0.59091387,0.55307208
1530633600,0.62216328,0.55296196
1530648000,0.61588153,0.54999834
1530662400,0.61473901,0.55819536
1530676800,0.61760057,0.55917080
1530691200,0.60226761,0.55860058
1530705600,0.61723321,0.55618546
1530720000,0.62858920,0.55834273
1530734400,0.61064077,0.55619693
1530748800,0.60809230,0.55625803
1530763200,0.60755946,0.55618977
1530777600,0.61237829,0.55674845
1530792000,0.60183493,0.59378635
1530806400,0.60162673,0.59128238
1530820800,0.60227376,0.59100497
1530835200,0.60933850,0.59099846
1530849600,0.58901614,0.59133655
1530864000,0.58624519,0.59257823
1530878400,0.59071266,0.59235797
1530892800,0.60228132,0.59243014
1530907200,0.58344758,0.59222424
1530921600,0.59464601,0.59282757
1530936000,0.59574556,0.59428030
1530950400,0.58974356,0.59437940
1530964800,0.58242303,0.59425211
1530979200,0.59317566,0.59439571
1530993600,0.61796075,0.58365764
1531008000,0.60578584,0.58348171
1531022400,0.59922803,0.58467183
1531036800,0.59733801,0.58573992
1531051200,0.58174039,0.58586352
1531065600,0.59921993,0.58846163
1531080000,0.58317051,0.60610622
1531094400,0.58989138,0.60931354
1531108800,0.58520331,0.61336519
1531123200,0.58205922,0.61390201
1531137600,0.57935303,0.61408568
1531152000,0.59140244,0.61829459
1531166400,0.56600163,0.61856608
1531180800,0.56943316,0.61890147
1531195200,0.56209223,0.61863540
1531209600,0.63071199,0.60527958
1531224000,0.61510781,0.60885359
1531238400,0.60496329,0.60898462
1531252800,0.58647774,0.60825948
1531267200,0.58217983,0.60904928
1531281600,0.59933650,0.60903493
1531296000,0.58264200,0.61277366
1531310400,0.58321787,0.61612916
1531324800,0.58318283,0.61661686
1531339200,0.56809899,0.63184838
1531353600,0.59967215,0.63199857
1531368000,0.61728619,0.62468380
1531382400,0.62024747,0.62466627
1531396800,0.60796840,0.62465111
1531411200,0.60073402,0.64375391
1531425600,0.58763628,0.64957573
1531440000,0.61093970,0.65036018
1531454400,0.61234397,0.65073522
1531468800,0.60090400,0.65107723
1531483200,0.59323407,0.65139186
1531497600,0.58874149,0.64954804
1531512000,0.58364493,0.64910720
1531526400,0.58630487,0.64948285
1531540800,0.57956600,0.65061045
1531555200,0.57936143,0.65064486
1531569600,0.59513687,0.65613235
1531584000,0.58626308,0.65672942
1531598400,0.59279328,0.65675957
1531612800,0.59722368,0.67450360
1531627200,0.57758531,0.67506829
1531641600,0.56281628,0.67377519
1531656000,0.56760191,0.67381291
1531670400,0.56532094,0.67447451
1531684800,0.55032923,0.67711161
1531699200,0.55075341,0.67943701
1531713600,0.56203678,0.68164501
1531728000,0.63146882,0.66657260
1531742400,0.61690469,0.66815552
1531756800,0.59203182,0.66835906
1531771200,0.58334336,0.67017340
1531785600,0.58641247,0.67026539
1531800000,0.58630664,0.67154920
1531814400,0.58816947,0.67219186
1531828800,0.58087760,0.67018894
1531843200,0.79151800,0.61969311
1531857600,0.75157158,0.62204212
1531872000,0.71168271,0.62107434
1531886400,0.69719217,0.62223724
1531900800,0.69417262,0.62253149
1531915200,0.69856678,0.62253247
1531929600,0.67308644,0.62207051
1531944000,0.69926873,0.62364527
1531958400,0.66832858,0.62397142
1531972800,0.68049615,0.62455644
1531987200,0.64940036,0.62306003
1532001600,0.65201345,0.62858733
1532016000,0.64063106,0.62804999
1532030400,0.63882996,0.62800882
1532044800,0.64379383,0.62874035
1532059200,0.63906945,0.62876769
1532073600,0.61978855,0.62943282
1532088000,0.62130286,0.62935239
1532102400,0.61452170,0.62681206
1532116800,0.62474948,0.62953022
1532131200,0.60642479,0.62869159
1532145600,0.60351939,0.62796507
1532160000,0.60978664,0.62797963
1532174400,0.60235305,0.62714193
1532188800,0.60281532,0.62707411
1532203200,0.60629114,0.63636227
1532217600,0.60725635,0.63711912
1532232000,0.59734076,0.63882963
1532246400,0.59497779,0.63865195
1532260800,0.59105556,0.63797278
1532275200,0.60401982,0.63801072
1532289600,0.58828953,0.63603471
1532304000,0.62237743,0.64217164
1532318400,0.61962831,0.64092793
1532332800,0.61071327,0.64009436
1532347200,0.60249619,0.64823440
1532361600,0.59973559,0.64837942
1532376000,0.59830858,0.64968593
1532390400,0.59710059,0.64992630
1532404800,0.62992160,0.64070754
1532419200,0.65315290,0.63233315
1532433600,0.63889100,0.63207754
1532448000,0.62612739,0.63158127
1532462400,0.62637123,0.63158022
1532476800,0.62586148,0.63137601
1532491200,0.63342960,0.63161790
1532505600,0.62017352,0.62862917
1532520000,0.61713430,0.62824434
1532534400,0.61423314,0.63093172
1532548800,0.60986646,0.63190380
1532563200,0.58846608,0.63181484
1532577600,0.59564353,0.63217843
1532592000,0.60667094,0.63229795
1532606400,0.58961688,0.63227452
1532620800,0.58123848,0.63158018
1532635200,0.65668315,0.61410224
1532649600,0.63645562,0.61621586
1532664000,0.62058427,0.61605387
1532678400,0.61861224,0.61675332
1532692800,0.63018945,0.60905673
1532707200,0.63114147,0.60820204
1532721600,0.62242489,0.60785586
1532736000,0.61953026,0.60817548
1532750400,0.60876231,0.60837920
1532764800,0.62183640,0.60836205
1532779200,0.60963988,0.60797143
1532793600,0.69174224,0.60678219
1532808000,0.69406874,0.61225533
1532822400,0.68547834,0.61242928
1532836800,0.68508519,0.61250286
1532851200,0.67967532,0.61493912
1532865600,0.67460389,0.61438950
1532880000,0.67500702,0.61474509
1532894400,0.67557638,0.61486733
1532908800,0.66860638,0.61513683
1532923200,0.66981609,0.61510887
1532937600,0.65180570,0.61533428
1532952000,0.58152047,0.61820378
1532966400,0.58096596,0.61845720
1532980800,0.58702825,0.61816010
1532995200,0.59255218,0.61780673
1533009600,0.52867881,0.61834188
1533024000,0.57186027,0.61664290
1533038400,0.63525734,0.60944918
1533052800,0.63826256,0.60977075
1533067200,0.63725389,0.61586801
1533081600,0.67434632,0.60940413
1533096000,0.67067437,0.60926317
1533110400,0.65694225,0.60926697
1533124800,0.65619654,0.60885441
1533139200,0.65828594,0.61004972
1533153600,0.63356752,0.60970965
1533168000,0.63533261,0.60977082
1533182400,0.63403036,0.60972772
1533196800,0.65083542,0.60778628
1533211200,0.65306547,0.60952180
1533225600,0.65198567,0.61101022
1533240000,0.65202473,0.61164135
1533254400,0.69662074,0.60387095
1533268800,0.69898230,0.60341561
1533283200,0.70072966,0.60318492
1533297600,0.70941159,0.60066349
1533312000,0.71696690,0.59994570
1533326400,0.70625801,0.59971186
1533340800,0.69493489,0.59962977
1533355200,0.67154567,0.59962671
1533369600,0.66357304,0.59920151
1533384000,0.79015318,0.56304243
1533398400,0.78195865,0.56311592
1533412800,0.78252061,0.56363227
1533427200,0.78426691,0.56365510
1533441600,0.78069334,0.56305566
1533456000,0.73902066,0.56133011
1533470400,0.74086756,0.56136417
1533484800,0.74166843,0.56142958
1533499200,0.74232041,0.56139750
1533513600,0.70433381,0.56083923
1533528000,0.70339659,0.55929416
1533542400,0.70607885,0.58914758
1533556800,0.70902922,0.58914352
1533571200,0.69259416,0.59052351
1533585600,0.68853787,0.59979311
1533600000,0.66747053,0.61537435
1533614400,0.67805698,0.61440482
1533628800,0.68392195,0.61339395
1533643200,0.68605956,0.61337736
1533657600,0.69735048,0.61137365
1533672000,0.75065038,0.59310479
1533686400,0.75847682,0.58980318
1533700800,0.69944061,0.58560327
1533715200,0.70335838,0.58822283
1533729600,0.70381193,0.58802944
1533744000,0.69921597,0.58412414
1533758400,0.69886623,0.58325734
1533772800,0.69074117,0.58327977
1533787200,0.69368287,0.58333375
1533801600,0.69269817,0.58333915
1533816000,0.69252384,0.57951701
1533830400,0.69240080,0.59577505
1533844800,0.68998618,0.59502086
1533859200,0.69489652,0.59381798
1533873600,0.70230215,0.59385899
1533888000,0.70184956,0.59812755
1533902400,0.71505121,0.59463152
1533916800,0.71802798,0.59410322
1533931200,0.75345822,0.58266319
1533945600,0.75763459,0.58360341
1533960000,0.76141484,0.58362072
1533974400,0.75437828,0.58365223
1533988800,0.71810500,0.58381631
1534003200,0.74289160,0.56266199
1534017600,0.75403084,0.55472983
1534032000,0.75786586,0.55420540
1534046400,0.75942621,0.55420308
1534060800,0.75338771,0.55414543
1534075200,0.73452523,0.55391503
1534089600,0.71433020,0.55418006
1534104000,0.70643956,0.55414155
1534118400,0.70539893,0.55389480
1534132800,0.70783926,0.55250921
1534147200,0.70881834,0.55242131
1534161600,0.73260584,0.54613336
1534176000,0.73593148,0.54596532
1534190400,0.73899833,0.54598225
1534204800,0.77182779,0.52455626
1534219200,0.77306930,0.52371142
1534233600,0.72305627,0.52536779
1534248000,0.70147335,0.52525046
1534262400,0.70239707,0.52463680
1534276800,0.70446044,0.52156561
1534291200,0.70878481,0.51974286
1534305600,0.71277935,0.51679010
1534320000,0.68232224,0.51854855
1534334400,0.67209584,0.51652129
1534348800,0.67171145,0.51641735
1534363200,0.67635094,0.51413194
1534377600,0.67452894,0.51403685
1534392000,0.67833984,0.51177978
1534406400,0.67922036,0.51106881
1534420800,0.67902344,0.51085711
1534435200,0.67686568,0.51080147
1534449600,0.68086909,0.50793321
1534464000,0.68575852,0.50498529
1534478400,0.67763447,0.50365442
1534492800,0.67644101,0.50390812
1534507200,0.67584244,0.50403147
1534521600,0.62951741,0.50400427
1534536000,0.63219975,0.50205405
1534550400,0.63401136,0.50110180
1534564800,0.63546129,0.50082235
1534579200,0.63467205,0.50030347
1534593600,0.64466920,0.50648915
1534608000,0.63627449,0.50643952
1534622400,0.62875427,0.50644675
1534636800,0.62993897,0.50556850
1534651200,0.62401830,0.50602511
1534665600,0.62378726,0.50451735
1534680000,0.61510018,0.50568827
1534694400,0.61477535,0.50638609
1534708800,0.61971041,0.50326674
1534723200,0.61614288,0.50329500
1534737600,0.61521653,0.50323252
1534752000,0.61507573,0.50434135
1534766400,0.60626987,0.50482722
1534780800,0.59148158,0.50674196
1534795200,0.62911379,0.49524301
1534809600,0.63035953,0.49431766
1534824000,0.63660475,0.49194691
1534838400,0.63722702,0.49150974
1534852800,0.63257974,0.49141245
1534867200,0.62760656,0.49137429
1534881600,0.62712148,0.49235151
1534896000,0.66832270,0.47441186
1534910400,0.65789821,0.47521685
1534924800,0.65729416,0.47788338
1534939200,0.67851159,0.46604170
1534953600,0.65825714,0.46581893
1534968000,0.65890733,0.46374636
1534982400,0.65776387,0.46304566
1534996800,0.65765001,0.46290362
1535011200,0.65493657,0.46333874
1535025600,0.65325199,0.46276828
1535040000,0.65244393,0.46265100
1535054400,0.65783075,0.45840642
1535068800,0.65721570,0.45806726
1535083200,0.65740291,0.45769972
1535097600,0.65646667,0.45790705
1535112000,0.64849130,0.45859691
1535126400,0.65182270,0.45425780
1535140800,0.65075711,0.45292542
1535155200,0.65019883,0.45250630
1535169600,0.65084940,0.45235160
1535184000,0.65036481,0.45468378
1535198400,0.64890513,0.45441748
1535212800,0.62870287,0.45442298
1535227200,0.62568664,0.45480603
1535241600,0.63319349,0.45632376
1535256000,0.61492906,0.45798689
1535270400,0.61704084,0.45710560
1535284800,0.61255231,0.45706185
1535299200,0.61177071,0.45742442
1535313600,0.60850866,0.45881639
1535328000,0.61011575,0.45907361
1535342400,0.60887615,0.45991418
1535356800,0.60692505,0.46168992
1535371200,0.60053332,0.46111711
1535385600,0.59806874,0.46179157
1535400000,0.61795050,0.45459811
1535414400,0.61724175,0.45491624
1535428800,0.61785314,0.45479916
1535443200,0.61693084,0.45181615
1535457600,0.61378731,0.45166490
1535472000,0.61275709,0.46118428
1535486400,0.61145881,0.46111726
1535500800,0.61236223,0.46067174
1535515200,0.60964825,0.46238155
1535529600,0.61032614,0.46710747
1535544000,0.62019052,0.46319742
1535558400,0.61410065,0.46286725
1535572800,0.61396996,0.46303502
1535587200,0.61131283,0.46870175
1535601600,0.61395113,0.46841265
1535616000,0.61789984,0.46695837
1535630400,0.61676946,0.46690332
1535644800,0.61741178,0.46652442
1535659200,0.63179327,0.45836912
1535673600,0.62311504,0.45824699
1535688000,0.62202285,0.45824123
1535702400,0.62204782,0.45899770
1535716800,0.61744587,0.45918624
1535731200,0.62104922,0.45715452
1535745600,0.61991931,0.45701248
1535760000,0.61803358,0.45692633
1535774400,0.61731027,0.45757573
1535788800,0.61723098,0.45748850
1535803200,0.61995107,0.45498801
1535817600,0.62068142,0.45293685
1535832000,0.62079599,0.45239743
1535846400,0.61938794,0.45238616
1535860800,0.61816887,0.45174078
1535875200,0.61749375,0.45195949
1535889600,0.61765345,0.45197898
1535904000,0.61978697,0.45025601
1535918400,0.61732854,0.45041411
1535932800,0.61741183,0.45222825
1535947200,0.61612513,0.45224038
1535961600,0.61675066,0.45247171
1535976000,0.61000867,0.45174960
1535990400,0.60957782,0.45190413
1536004800,0.61069098,0.45147225
1536019200,0.60978908,0.45429217
1536033600,0.61095885,0.45399866
1536048000,0.60854991,0.45382724
1536062400,0.60888123,0.45371397
1536076800,0.60867062,0.45363351
1536091200,0.60782017,0.45371734
1536105600,0.60864311,0.45371026
1536120000,0.60369264,0.45371061
1536134400,0.62999614,0.41399673
1536148800,0.62713744,0.41400711
1536163200,0.62946898,0.41181124
1536177600,0.63352879,0.39885856
1536192000,0.63857611,0.37473635
1536206400,0.63759425,0.37450944
1536220800,0.63629953,0.37470788
1536235200,0.63718854,0.37449358
1536249600,0.63790282,0.37360621
1536264000,0.63898378,0.37327732
1536278400,0.63842226,0.37323339
1536292800,0.63836173,0.37348385
1536307200,0.63983509,0.36864343
1536321600,0.63815813,0.36903044
1536336000,0.63931278,0.36817477
1536350400,0.63915403,0.36781441
1536364800,0.63929576,0.36704033
1536379200,0.63916795,0.36695553
1536393600,0.61324972,0.36786457
1536408000,0.61376194,0.36817808
1536422400,0.60408301,0.34103648
1536436800,0.60592446,0.34117258
1536451200,0.61119405,0.34118860
1536465600,0.61062191,0.34112137
1536480000,0.60704180,0.32648832
1536494400,0.61333155,0.32649011
1536508800,0.61687102,0.32650772
1536523200,0.61328959,0.31744313
1536537600,0.61302224,0.31555204
1536552000,0.61586818,0.31618204
1536566400,0.61587732,0.31623422
1536580800,0.61543506,0.31592583
1536595200,0.61924921,0.31671049
1536609600,0.62189005,0.31659636
1536624000,0.62068973,0.35216197
1536638400,0.61964751,0.35215749
1536652800,0.61943022,0.35166855
1536667200,0.61928057,0.35138859
1536681600,0.61901140,0.35092127
1536696000,0.62004786,0.35205555
1536710400,0.61979037,0.35309979
1536724800,0.62079307,0.35344297
1536739200,0.62951477,0.35387520
1536753600,0.62841402,0.35396368
1536768000,0.62623387,0.35309394
1536782400,0.62720423,0.35309557
1536796800,0.63195113,0.35214418
1536811200,0.63339634,0.35234608
1536825600,0.62879318,0.34966800
1536840000,0.63637810,0.34963040
1536854400,0.63773589,0.34924571
1536868800,0.63703027,0.34858061
1536883200,0.63409784,0.34718036
1536897600,0.63744096,0.34756095
1536912000,0.63100250,0.34453521
1536926400,0.63205572,0.34467119
1536940800,0.63053723,0.34337128
1536955200,0.63042752,0.34362390
1536969600,0.63163608,0.34419406
1536984000,0.63413580,0.43055791
1536998400,0.63314780,0.43315623
1537012800,0.63477263,0.43432476
1537027200,0.63871779,0.44189950
1537041600,0.63740305,0.44180599
1537056000,0.63560425,0.44157084
1537070400,0.63489918,0.44363732
1537084800,0.63374161,0.44321299
1537099200,0.63382630,0.44450223
1537113600,0.64173620,0.44432921
1537128000,0.64507790,0.44443382
1537142400,0.64796571,0.44436231
1537156800,0.64626042,0.44394393
1537171200,0.64956810,0.44416731
1537185600,0.61577559,0.42894457
1537200000,0.62108137,0.42902412
1537214400,0.62021745,0.42900898
1537228800,0.62397324,0.42902638
1537243200,0.62147555,0.42844073
1537257600,0.63319364,0.42854388
1537272000,0.62628535,0.42701053
1537286400,0.62493545,0.42743945
1537300800,0.62503152,0.42731747
1537315200,0.62673821,0.42726179
1537329600,0.62880437,0.42760989
1537344000,0.62363146,0.42626935
1537358400,0.62365151,0.42567412
1537372800,0.61943539,0.42335578
1537387200,0.62073694,0.42337772
1537401600,0.62202089,0.42331443
1537416000,0.62391764,0.42390811
1537430400,0.62296990,0.42384531
1537444800,0.62707052,0.42395377
1537459200,0.62944836,0.42396415
1537473600,0.62156126,0.42230503
1537488000,0.61959531,0.42138061
1537502400,0.63275752,0.41846441
1537516800,0.62703829,0.41531441
1537531200,0.63138328,0.41543208
1537545600,0.63014598,0.41541330
1537560000,0.63323312,0.41594050
1537574400,0.63390196,0.41594855
1537588800,0.64015477,0.41584785
1537603200,0.63667689,0.41528251
1537617600,0.63875035,0.41545716
1537632000,0.63644513,0.41513060
1537646400,0.63773581,0.41523484
1537660800,0.64011880,0.41519820
1537675200,0.64480543,0.41519069
1537689600,0.64597654,0.41532509
1537704000,0.64046529,0.41407750
1537718400,0.64216795,0.41403010
1537732800,0.64300855,0.41408872
1537747200,0.64381826,0.41435967
1537761600,0.64020193,0.41395296
1537776000,0.63318709,0.41121451
1537790400,0.63786383,0.41139014
1537804800,0.63935736,0.41121549
1537819200,0.64364629,0.41088989
1537833600,0.62606029,0.40555503
1537848000,0.62418097,0.40369758
1537862400,0.62941777,0.40363572
1537876800,0.63096635,0.40360591
1537891200,0.62516636,0.40306289
1537905600,0.62237656,0.40153609
1537920000,0.62395387,0.40072605
1537934400,0.62053321,0.39933013
1537948800,0.61699753,0.39745443
1537963200,0.62509688,0.39750511
1537977600,0.61812046,0.39671977
1537992000,0.62005943,0.39649078
1538006400,0.61812560,0.39581820
1538020800,0.62001365,0.39517215
1538035200,0.62006311,0.39480096
1538049600,0.62603889,0.39535499
1538064000,0.60080774,0.38361650
1538078400,0.60865356,0.38355977
1538092800,0.61243731,0.38351027
1538107200,0.60435521,0.38124736
1538121600,0.59791566,0.37506251
1538136000,0.60607352,0.37497465
1538150400,0.61399154,0.37511784
1538164800,0.60953912,0.37491678
1538179200,0.59920462,0.36779495
1538193600,0.60392621,0.36726856
1538208000,0.60186538,0.36849825
1538222400,0.60843690,0.36912557
1538236800,0.60770808,0.36950026
1538251200,0.61535199,0.36950140
1538265600,0.61378147,0.36946687
1538280000,0.62182004,0.36955701
1538294400,0.61016721,0.36867641
1538308800,0.61223030,0.36844604
1538323200,0.61736172,0.36870439
1538337600,0.61871474,0.36869735
1538352000,0.61265019,0.36838699
1538366400,0.61049658,0.36753227
1538380800,0.62994457,0.36752358
1538395200,0.62471595,0.36862478
1538409600,0.62977491,0.36868242
1538424000,0.62654111,0.36829749
1538438400,0.64656084,0.36836772
1538452800,0.64497582,0.36864002
1538467200,0.63838860,0.36840326
1538481600,0.64163719,0.36835358
1538496000,0.67073047,0.36845606
1538510400,0.66551522,0.36847961
1538524800,0.65049285,0.36590558
1538539200,0.65904434,0.36591324
1538553600,0.59337661,0.36543396
1538568000,0.59749471,0.36542620
1538582400,0.59319787,0.36498167
1538596800,0.59715989,0.36470367
1538611200,0.58824527,0.36122607
1538625600,0.59449676,0.36116682
1538640000,0.59834288,0.36180409
1538654400,0.59350079,0.36156175
1538668800,0.59485761,0.36145624
1538683200,0.60078823,0.36138964
1538697600,0.60063814,0.36135163
1538712000,0.60678224,0.36148345
1538726400,0.60395426,0.36157980
1538740800,0.60607596,0.36371687
1538755200,0.61161772,0.36372386
1538769600,0.59623872,0.36293235
1538784000,0.59591124,0.36249264
1538798400,0.59894776,0.36242386
1538812800,0.59676151,0.36229668
1538827200,0.60492951,0.36249620
1538841600,0.60240416,0.36265955
1538856000,0.60446470,0.36275482
1538870400,0.60829225,0.36288123
1538884800,0.60055948,0.36260408
1538899200,0.59994206,0.36237345
1538913600,0.59744472,0.36238882
1538928000,0.60773464,0.36265986
1538942400,0.59943347,0.36325449
1538956800,0.60697155,0.36471222
1538971200,0.60616067,0.36469879
1538985600,0.59643309,0.36378193
1539000000,0.59697122,0.36355160
1539014400,0.60075453,0.36374824
1539028800,0.59873408,0.36359703
1539043200,0.60227079,0.36523477
1539057600,0.60730867,0.36547670
1539072000,0.60224459,0.36529251
1539086400,0.61009632,0.36530446
1539100800,0.60388087,0.36587962
1539115200,0.60624051,0.36593649
1539129600,0.59790621,0.36534804
1539144000,0.59677358,0.36484355
1539158400,0.59980805,0.36668472
1539172800,0.60461279,0.36667917
1539187200,0.59507477,0.36603103
1539201600,0.60214932,0.36614413
1539216000,0.57634909,0.33155353
1539230400,0.58327848,0.33083426
1539244800,0.58674467,0.33076664
1539259200,0.58712533,0.33071628
1539273600,0.58344140,0.33071670
1539288000,0.58207355,0.32951539
1539302400,0.58154702,0.32800008
1539316800,0.58220712,0.32759849
1539331200,0.58200202,0.32745925
1539345600,0.58176591,0.32748566
1539360000,0.58251576,0.32790981
1539374400,0.58342766,0.32848631
1539388800,0.58468290,0.32847075
1539403200,0.58338885,0.32826752
1539417600,0.58553015,0.32825944
1539432000,0.58601975,0.32833154
1539446400,0.58648671,0.32832206
1539460800,0.58687733,0.32832952
1539475200,0.58367519,0.32782301
1539489600,0.58327094,0.32747016
1539504000,0.58267763,0.32688833
1539518400,0.58301660,0.32663286
1539532800,0.60545161,0.32643249
1539547200,0.60238436,0.32489978
1539561600,0.60210373,0.32424408
1539576000,0.56449553,0.19550818
1539590400,0.56612797,0.19495687
1539604800,0.56659403,0.21315333
1539619200,0.56451698,0.29821348
1539633600,0.56862458,0.30191425
1539648000,0.56914924,0.31581143
1539662400,0.56670844,0.31239110
1539676800,0.56811998,0.32774738
1539691200,0.56763935,0.32937589
1539705600,0.56951481,0.32937030
1539720000,0.56925351,0.33078735
1539734400,0.57046917,0.33086389
1539748800,0.57010139,0.33526427
1539763200,0.57042751,0.33535858
1539777600,0.57111296,0.33534873
1539792000,0.57093962,0.33558265
1539806400,0.57099737,0.33569459
1539820800,0.57138781,0.33805698
1539835200,0.57142770,0.33944794
1539849600,0.57124592,0.33957764
1539864000,0.57140129,0.33951105
1539878400,0.56861172,0.33783218
1539892800,0.59009912,0.33782800
1539907200,0.59457533,0.33893137
1539921600,0.59246010,0.33859454
1539936000,0.60318934,0.33911033
1539950400,0.60299960,0.33909679
1539964800,0.60377633,0.34014817
1539979200,0.60668625,0.34026382
1539993600,0.53592035,0.34265752
1540008000,0.52975652,0.35186180
1540022400,0.53126301,0.36110366
1540036800,0.53121076,0.37072777
1540051200,0.53289054,0.37649451
1540065600,0.53275062,0.39768257
1540080000,0.53097146,0.39823951
1540094400,0.53338243,0.43940325
1540108800,0.53411559,0.46240316
1540123200,0.53122430,0.56131320
1540137600,0.53196782,0.59472368
1540152000,0.53133350,0.59957923
1540166400,0.53350755,0.60202875
1540180800,0.53214101,0.60196195
1540195200,0.52691133,0.60242835
1540209600,0.52686806,0.60249272
1540224000,0.52891498,0.60662155
1540238400,0.52654509,0.61369985
1540252800,0.52829908,0.61382386
1540267200,0.52972959,0.61385743
1540281600,0.52692548,0.61640419
1540296000,0.52686261,0.61631016
1540310400,0.52800825,0.61827566
1540324800,0.52452524,0.62817164
1540339200,0.52418540,0.62892357
1540353600,0.52461533,0.62976255
1540368000,0.52671706,0.63027276
1540382400,0.52521861,0.63009000
1540396800,0.52739397,0.63076216
1540411200,0.52520736,0.63260908
1540425600,0.52599797,0.63274620
1540440000,0.52646953,0.63429545
1540454400,0.52803401,0.63428825
1540468800,0.52667264,0.63440055
1540483200,0.52474578,0.63878911
1540497600,0.52397073,0.70222349
1540512000,0.52397502,0.71775225
1540526400,0.52313985,0.72285094
1540540800,0.52185495,0.72458619
1540555200,0.52217474,0.72527109
1540569600,0.52459947,0.72789528
1540584000,0.52428777,0.73897307
1540598400,0.52076122,0.73907821
1540612800,0.52128714,0.73941151
1540627200,0.51897187,0.74004982
1540641600,0.51956372,0.76311709
1540656000,0.52065111,0.76486632
1540670400,0.51874418,0.76608316
1540684800,0.52120846,0.76715886
1540699200,0.51817609,0.76794136
1540713600,0.44158635,0.77234581
1540728000,0.43644022,0.77266026
1540742400,0.42610683,0.77349025
1540756800,0.41304223,0.77535897
1540771200,0.42176806,0.77685462
1540785600,0.41865635,0.79188221
1540800000,0.40254751,0.79092894
1540814400,0.40044973,0.80184799
1540828800,0.39957128,0.80352967
1540843200,0.40524944,0.80448292
1540857600,0.39940666,0.80919224
1540872000,0.40202788,0.80981132
1540886400,0.40627828,0.82422299
1540900800,0.41804927,0.82932918
1540915200,0.40432353,0.82943233
1540929600,0.41443045,0.82999850
1540944000,0.41057198,0.83000072
1540958400,0.41299827,0.83197005
1540972800,0.41240813,0.84948142
1540987200,0.39444465,0.84905014
1541001600,0.39761249,0.84904655
1541016000,0.40327205,0.84906999
1541030400,0.39389375,0.84909027
1541044800,0.38979679,0.84942704
1541059200,0.40029527,0.86337980
1541073600,0.40286665,0.86380426
1541088000,0.39726979,0.86530677
1541102400,0.39406779,0.86785527
1541116800,0.39402154,0.86776395
1541131200,0.39814051,0.86786468
1541145600,0.40089591,0.86811335
1541160000,0.39635897,0.86831532
1541174400,0.40570750,0.86834046
1541188800,0.40958675,0.86861566
1541203200,0.40325228,0.87540869
1541217600,0.39850154,0.87538363
1541232000,0.38644740,0.87513360
1541246400,0.39650557,0.88344214
1541260800,0.39031551,0.88357784
1541275200,0.38760920,0.88374682
1541289600,0.38562255,0.88408189
1541304000,0.39070370,0.89531828
1541318400,0.38739112,0.89561274
1541332800,0.38094991,0.89516584
1541347200,0.38781856,0.89728634
1541361600,0.38516809,0.89728376
1541376000,0.38142182,0.89937538
1541390400,0.38150996,0.90017070
1541404800,0.39816492,0.90245900
1541419200,0.39001588,0.90287470
1541433600,0.34257897,0.90794019
1541448000,0.34042184,0.90790933
1541462400,0.33757419,0.90786146
1541476800,0.33801284,0.91107414
1541491200,0.34468010,0.91189759
1541505600,0.33503407,0.91848363
1541520000,0.33444535,0.91841505
1541534400,0.33240611,0.93403633
1541548800,0.33484129,0.94392014
1541563200,0.34003325,0.94420727
1541577600,0.33281398,0.94420017
1541592000,0.32866762,0.94714777
1541606400,0.33021703,0.96335161
1541620800,0.35168092,0.96801712
1541635200,0.33754015,0.96864912
1541649600,0.33557503,0.96869276
1541664000,0.33889058,0.96916237
1541678400,0.33493593,0.97007304
1541692800,0.32926227,0.96996839
1541707200,0.33917194,0.97037903
1541721600,0.34179610,0.97040475
1541736000,0.33692966,0.97041657
1541750400,0.33648707,0.96981646
1541764800,0.34431711,0.97961039
1541779200,0.33566974,0.97959907
1541793600,0.33081008,0.97996878
1541808000,0.32899929,0.97991872
1541822400,0.35131028,0.98076139
1541836800,0.34588111,0.98081616
1541851200,0.34431083,0.98451716
1541865600,0.35094936,0.98492027
1541880000,0.35018671,0.98569501
1541894400,0.34973031,0.98616681
1541908800,0.32593217,0.98622644
1541923200,0.31620984,0.98726845
1541937600,0.31173285,0.98730408
1541952000,0.31043744,0.98716598
1541966400,0.30983811,0.98700676
1541980800,0.31251113,0.98706464
1541995200,0.30915739,0.98761122
1542009600,0.31080141,0.98835401
1542024000,0.31087901,0.98847355
1542038400,0.33277020,0.98849817
1542052800,0.32779450,0.98849786
1542067200,0.32916782,0.98957204
1542081600,0.32147333,0.98956050
1542096000,0.32934874,0.98975335
1542110400,0.33009346,0.99030863
1542124800,0.33082363,0.99309378
1542139200,0.32057972,0.99414862
1542153600,0.30809792,0.99421837
1542168000,0.30659263,0.99440110
1542182400,0.28968654,0.99357305
1542196800,0.34746024,0.98960993
1542211200,0.56444582,0.96502682
1542225600,0.51384106,0.96387411
1542240000,0.51027873,0.96012697
1542254400,0.48911580,0.96055317
1542268800,0.48307080,0.95567510
1542283200,0.48439033,0.95490274
1542297600,0.47063125,0.95532111
1542312000,0.45788793,0.95487078
1542326400,0.44828781,0.95681812
1542340800,0.45787678,0.95552187
1542355200,0.45378866,0.95559035
1542369600,0.44528886,0.95597119
1542384000,0.43668463,0.95594393
1542398400,0.42969473,0.95656557
1542412800,0.43505236,0.95592114
1542427200,0.42933630,0.95613547
1542441600,0.42387734,0.95608073
1542456000,0.41990511,0.96883780
1542470400,0.41565543,0.97535559
1542484800,0.41659134,0.97562950
1542499200,0.41680897,0.97561572
1542513600,0.41643075,0.97572789
1542528000,0.40735986,0.97581018
1542542400,0.40455581,0.97600844
1542556800,0.39762274,0.97572794
1542571200,0.39811662,0.98275634
1542585600,0.39454237,0.98481462
1542600000,0.41889301,0.98161976
1542614400,0.43590599,0.98342227
1542628800,0.45204329,0.98174390
1542643200,0.45201721,0.97954065
1542657600,0.50539375,0.97410939
1542672000,0.48461494,0.97449662
1542686400,0.59064845,0.95695391
1542700800,0.61402155,0.97005380
1542715200,0.81691295,0.91652864
1542729600,0.81885878,0.89530955
1542744000,0.77310701,0.89253578
1542758400,0.74298345,0.89108193
1542772800,0.72701877,0.89202908
1542787200,0.72037991,0.89169744
1542801600,0.73901401,0.89268450
1542816000,0.72957103,0.89855271
1542830400,0.72351863,0.89413666
1542844800,0.71358016,0.89425966
1542859200,0.70240489,0.89456964
1542873600,0.65663607,0.89310930
1542888000,0.67924596,0.89426769
1542902400,0.67016111,0.89409339
1542916800,0.66260187,0.88955910
1542931200,0.64983078,0.88941860
1542945600,0.64107230,0.88900443
1542960000,0.63100173,0.88911335
1542974400,0.64182467,0.89253030
1542988800,0.65689651,0.89239818
1543003200,0.64450902,0.89102401
1543017600,0.64714664,0.90970908
1543032000,0.63124743,0.90866219
1543046400,0.64289194,0.90993809
1543060800,0.62738563,0.91221719
1543075200,0.61699616,0.90919460
1543089600,0.77143014,0.86109461
1543104000,0.74855802,0.88968903
1543118400,0.71738647,0.88609607
1543132800,0.69184862,0.88459456
1543147200,0.67362588,0.88567095
1543161600,0.69518348,0.88371172
1543176000,0.72253488,0.87508653
1543190400,0.72296208,0.87654652
1543204800,0.70256972,0.87762281
1543219200,0.68731517,0.87743386
1543233600,0.73241109,0.85726992
1543248000,0.71979724,0.85781746
1543262400,0.70001744,0.85676682
1543276800,0.68570849,0.85837037
1543291200,0.67494104,0.85782599
1543305600,0.71041501,0.85386675
1543320000,0.71110966,0.85367056
1543334400,0.69901364,0.86219455
1543348800,0.69030916,0.86048496
1543363200,0.68397946,0.85914244
1543377600,0.71190712,0.84532394
1543392000,0.69988970,0.84608253
1543406400,0.70393270,0.85011625
1543420800,0.69153591,0.84957037
1543435200,0.67964324,0.84883507
1543449600,0.69406408,0.84435301
1543464000,0.68614043,0.84406851
1543478400,0.72356470,0.83140871
1543492800,0.71515963,0.82651499
1543507200,0.70573199,0.82674592
1543521600,0.69292086,0.83191483
1543536000,0.69991402,0.83225361
1543550400,0.70456518,0.83034272
1543564800,0.73884753,0.81449049
1543579200,0.72559554,0.81452984
1543593600,0.60964679,0.81465773
1543608000,0.60259954,0.81468576
1543622400,0.59628830,0.81624253
1543636800,0.67924348,0.81584656
1543651200,0.60709929,0.80150481
1543665600,0.60680002,0.80130772
1543680000,0.59320891,0.80169073
1543694400,0.58644872,0.79888297
1543708800,0.60143788,0.79887360
1543723200,0.62709565,0.79921540
1543737600,0.62034534,0.79897421
1543752000,0.62745151,0.79916732
1543766400,0.68522257,0.79927665
1543780800,0.65888392,0.80376799
1543795200,0.60004391,0.79653731
1543809600,0.62375747,0.79655499
1543824000,0.61201282,0.79669458
1543838400,0.58526656,0.78758140
1543852800,0.59178183,0.78774115
1543867200,0.60010281,0.78810967
1543881600,0.59188387,0.78788781
1543896000,0.58477737,0.77511634
1543910400,0.60026609,0.77489995
1543924800,0.59152740,0.77441707
1543939200,0.58111832,0.77354935
1543953600,0.60751956,0.77362354
1543968000,0.60647155,0.77135468
1543982400,0.60469980,0.77042069
1543996800,0.59413755,0.76817727
1544011200,0.60321799,0.76794171
1544025600,0.58715387,0.76197332
1544040000,0.60759558,0.76354131
1544054400,0.61098831,0.76367583
1544068800,0.58670509,0.76031349
1544083200,0.58728593,0.75957021
1544097600,0.59070740,0.75153348
1544112000,0.60239897,0.75173473
1544126400,0.59081010,0.73238540
1544140800,0.59373161,0.71886430
1544155200,0.59276578,0.71853113
1544169600,0.60731170,0.71971914
1544184000,0.57626583,0.71577857
1544198400,0.60238434,0.71571369
1544212800,0.60628374,0.70946824
1544227200,0.60001851,0.70775528
1544241600,0.60017051,0.70760332
1544256000,0.59147540,0.70726570
1544270400,0.61697173,0.70601047
1544284800,0.64741277,0.70586468
1544299200,0.64863621,0.70530849
1544313600,0.51798744,0.70567806
1544328000,0.52007334,0.70565014
1544342400,0.52348764,0.70692601
1544356800,0.49360667,0.69330763
1544371200,0.50939807,0.69339940
1544385600,0.50121232,0.69339896
1544400000,0.50810686,0.69379276
1544414400,0.50048132,0.69263076
1544428800,0.52083492,0.69253689
1544443200,0.50300025,0.68778068
1544457600,0.50750449,0.68737746
1544472000,0.50558381,0.68628166
1544486400,0.50729666,0.68565616
1544500800,0.51075801,0.70915080
1544515200,0.51080662,0.70840504
1544529600,0.51467167,0.70823873
1544544000,0.51923669,0.71901436
1544558400,0.52144107,0.71894606
1544572800,0.52206854,0.71888460
1544587200,0.52192963,0.71828119
1544601600,0.51807335,0.71725656
1544616000,0.52085109,0.71707226
1544630400,0.52440829,0.71727151
1544644800,0.52758540,0.71730655
1544659200,0.51598957,0.71582273
1544673600,0.52881851,0.71609890
1544688000,0.52276961,0.71589402
1544702400,0.51840361,0.71535394
1544716800,0.50761748,0.71149967
1544731200,0.50941814,0.71009450
1544745600,0.51454152,0.71007426
1544760000,0.51327421,0.70985565
1544774400,0.51318238,0.70945660
1544788800,0.51932237,0.70907408
1544803200,0.51710135,0.71518936
1544817600,0.52756866,0.71520740
1544832000,0.51648071,0.71443271
1544846400,0.51707854,0.71405213
1544860800,0.51739202,0.71384403
1544875200,0.51917532,0.72680487
1544889600,0.51799843,0.72624133
1544904000,0.52413050,0.72620368
1544918400,0.51333396,0.72357540
1544932800,0.51753692,0.72320833
1544947200,0.51892215,0.72310292
1544961600,0.51814190,0.72262897
1544976000,0.52081091,0.72249413
1544990400,0.52162464,0.72281099
1545004800,0.52426343,0.72272413
1545019200,0.51985965,0.72191029
1545033600,0.46896620,0.72260761
1545048000,0.46549665,0.70539163
1545062400,0.46409046,0.69635482
1545076800,0.46937911,0.69591816
1545091200,0.47417490,0.69560073
1545105600,0.47704929,0.69543496
1545120000,0.47072930,0.69505222
1545134400,0.45578865,0.69491919
1545148800,0.45491510,0.69478085
1545163200,0.46329005,0.68472294
1545177600,0.46549081,0.68070936
1545192000,0.46813421,0.68025014
1545206400,0.46693292,0.67280738
1545220800,0.46891703,0.67014980
1545235200,0.46158358,0.67092213
1545249600,0.46605362,0.66686979
1545264000,0.46787760,0.66586503
1545278400,0.46389904,0.66541146
1545292800,0.44122178,0.63560317
1545307200,0.44995678,0.63536067
1545321600,0.45619211,0.63519722
1545336000,0.46272807,0.63442385
1545350400,0.46601168,0.63433471
1545364800,0.44516987,0.63299303
1545379200,0.44654734,0.63959764
1545393600,0.45511427,0.64048211
1545408000,0.46010112,0.62831787
1545422400,0.46596856,0.62791290
1545436800,0.46934148,0.62760686
1545451200,0.47342594,0.62720121
1545465600,0.47541963,0.62687783
1545480000,0.46321190,0.62542510
1545494400,0.46604706,0.62370433
1545508800,0.46970884,0.62023511
1545523200,0.47173294,0.61953885
1545537600,0.47307321,0.61923896
1545552000,0.47413903,0.61877068
1545566400,0.47445265,0.61554055
1545580800,0.47194457,0.61504341
1545595200,0.46905390,0.61508743
1545609600,0.45723970,0.58681539
1545624000,0.46389066,0.58687886
1545638400,0.47080130,0.58503937
1545652800,0.47299087,0.58173482
1545667200,0.47393657,0.58203822
1545681600,0.45583983,0.58236347
1545696000,0.42894580,0.51696404
1545710400,0.44143575,0.51617831
1545724800,0.44539013,0.51628107
1545739200,0.45718901,0.51344636
1545753600,0.54381127,0.51353009
1545768000,0.51649482,0.51252018
1545782400,0.52910154,0.50986011
1545796800,0.53464097,0.50751974
1545811200,0.52723824,0.50746468
1545825600,0.52193872,0.50787592
1545840000,0.54186193,0.50453153
1545854400,0.52239497,0.50463653
1545868800,0.54386793,0.50041642
1545883200,0.53171131,0.50152877
1545897600,0.51798280,0.50211213
1545912000,0.52617738,0.50306700
1545926400,0.55685706,0.48696699
1545940800,0.53470518,0.48683518
1545955200,0.52728643,0.48691394
1545969600,0.53292118,0.48706638
1545984000,0.55657577,0.48585243
1545998400,0.55415832,0.45992227
1546012800,0.54927960,0.45769022
1546027200,0.54408108,0.45756809
1546041600,0.53796418,0.46232511
1546056000,0.55379108,0.46242469
1546070400,0.53929659,0.46144790
1546084800,0.52611763,0.46109419
1546099200,0.53427771,0.46027772
1546113600,0.55610568,0.45010912
1546128000,0.54560708,0.45057831
1546142400,0.53721823,0.45357002
1546156800,0.55807167,0.45073116
1546171200,0.54894685,0.45182172
1546185600,0.53484908,0.45156143
1546200000,0.52962871,0.45179659
1546214400,0.55288509,0.44905045
1546228800,0.53018043,0.44894142
1546243200,0.54225057,0.44814705
1546257600,0.54277900,0.44875802
1546272000,0.55923030,0.44514151
1546286400,0.53616679,0.44506070
1546300800,0.52958857,0.44506083
1546315200,0.54986624,0.44445125
1546329600,0.53592787,0.44717353
1546344000,0.53816207,0.44647599
1546358400,0.53454097,0.44623116
1546372800,0.56819421,0.43758720
1546387200,0.55484755,0.43733138
1546401600,0.54571395,0.43729211
1546416000,0.55718702,0.43905193
1546430400,0.55653018,0.43885668
1546444800,0.53663283,0.43843313
1546459200,0.54506323,0.43742522
1546473600,0.61535919,0.43707624
1546488000,0.61092098,0.43707007
1546502400,0.61561026,0.43735722
1546516800,0.60002615,0.43799945
1546531200,0.62916998,0.43548381
1546545600,0.61308234,0.43688489
1546560000,0.61799557,0.43779839
1546574400,0.59536234,0.43792793
1546588800,0.62456587,0.43709654
1546603200,0.61838382,0.43650742
1546617600,0.61342097,0.43655509
1546632000,0.63123713,0.43380725
1546646400,0.61902752,0.43357282
1546660800,0.62583467,0.43272166
1546675200,0.62204072,0.43323581
1546689600,0.61973447,0.43342664
1546704000,0.61822946,0.43335056
1546718400,0.62392045,0.43250392
1546732800,0.59555176,0.43250471
1546747200,0.60801369,0.43246732
1546761600,0.62905244,0.43047982
1546776000,0.60980208,0.43048793
1546790400,0.65152862,0.39281724
1546804800,0.62351964,0.39269825
1546819200,0.61038012,0.39586593
1546833600,0.62180100,0.39580639
1546848000,0.63387583,0.39582463
1546862400,0.58720471,0.39608733
1546876800,0.60435195,0.39624509
1546891200,0.60409995,0.39620387
1546905600,0.61809163,0.39549354
1546920000,0.60156529,0.39545775
1546934400,0.62983991,0.39285196
1546948800,0.60713551,0.39283957
1546963200,0.61600238,0.39273565
1546977600,0.62621815,0.39168419
1546992000,0.62530923,0.39099112
1547006400,0.60801112,0.39099102
1547020800,0.59437203,0.39271564
1547035200,0.62422529,0.39801758
1547049600,0.61707547,0.42679128
1547064000,0.60862343,0.42671558
1547078400,0.61039143,0.42698465
1547092800,0.65271913,0.38704311
1547107200,0.63725611,0.38547043
1547121600,0.62841656,0.38571988
1547136000,0.65186490,0.36531946
1547150400,0.62094153,0.36546317
1547164800,0.61493580,0.36572482
1547179200,0.62559703,0.36610768
1547193600,0.62814493,0.36612703
1547208000,0.64662009,0.36612552
1547222400,0.65592783,0.36592934
1547236800,0.64699634,0.36719820
1547251200,0.63322579,0.37004046
1547265600,0.65440701,0.36961248
1547280000,0.64670539,0.36956598
1547294400,0.65230519,0.36940910
1547308800,0.64010330,0.36938511
1547323200,0.64683720,0.36931865
1547337600,0.64660981,0.36933635
1547352000,0.64312194,0.36932350
1547366400,0.63311091,0.37005448
1547380800,0.64600034,0.37023883
1547395200,0.66635675,0.35585237
1547409600,0.63623230,0.35585460
1547424000,0.64597684,0.35543448
1547438400,0.64500685,0.35502874
1547452800,0.64593826,0.35494507
1547467200,0.67289860,0.32649432
1547481600,0.63941464,0.32646823
1547496000,0.64273285,0.32631614
1547510400,0.62475185,0.32631730
1547524800,0.62237515,0.32632050
1547539200,0.65418803,0.32661997
1547553600,0.64891804,0.32653683
1547568000,0.63623607,0.32680570
1547582400,0.65846260,0.32445991
1547596800,0.64860549,0.32498859
1547611200,0.64744672,0.32460937
1547625600,0.65366752,0.32295093
1547640000,0.63401130,0.32397543
1547654400,0.63675729,0.32418283
1547668800,0.64296612,0.32410998
1547683200,0.64763564,0.32399224
1547697600,0.64290853,0.32390399
1547712000,0.62766843,0.32394872
1547726400,0.64876920,0.32357638
1547740800,0.63516670,0.32355036
1547755200,0.64668346,0.32336782
1547769600,0.64563680,0.32321285
1547784000,0.62837901,0.32331117
1547798400,0.64419651,0.32370941
1547812800,0.64624232,0.32323538
1547827200,0.65045085,0.32164457
1547841600,0.64526710,0.32451903
1547856000,0.63706169,0.33056353
1547870400,0.62349796,0.33058516
1547884800,0.65891731,0.31972274
1547899200,0.63487453,0.32807585
1547913600,0.63047339,0.33366086
1547928000,0.64857639,0.33331634
1547942400,0.64630315,0.33294104
1547956800,0.65726923,0.33306000
1547971200,0.67518120,0.32023763
1547985600,0.66368299,0.32310080
1548000000,0.64078325,0.32313668
1548014400,0.64565035,0.32549822
1548028800,0.61983701,0.32549576
1548043200,0.64656208,0.32543261
1548057600,0.66797539,0.32711645
1548072000,0.66234823,0.32680562
1548086400,0.63797221,0.32700333
1548100800,0.63604378,0.32726100
1548115200,0.65431918,0.32718229
1548129600,0.65957147,0.32722244
1548144000,0.66776738,0.32861652
1548158400,0.66448424,0.32540178
1548172800,0.62740226,0.32541163
1548187200,0.64194353,0.32539874
1548201600,0.63829416,0.32571191
1548216000,0.64782716,0.32579043
1548230400,0.66002918,0.32568405
1548244800,0.65943355,0.32505727
1548259200,0.65592286,0.32439663
1548273600,0.65230304,0.32381697
1548288000,0.64937966,0.32343960
1548302400,0.64374035,0.32323109
1548316800,0.64314331,0.32307185
1548331200,0.63918579,0.32313542
1548345600,0.65259188,0.34968292
1548360000,0.64182800,0.34970682
1548374400,0.62716950,0.35273085
1548388800,0.62041949,0.35273588
1548403200,0.64473112,0.35231815
1548417600,0.64380752,0.47189632
1548432000,0.63680570,0.47164975
1548446400,0.63450910,0.47265944
1548460800,0.63142267,0.47468498
1548475200,0.64218399,0.47338110
1548489600,0.63692408,0.47286192
1548504000,0.63887627,0.47181195
1548518400,0.62370953,0.47358983
1548532800,0.60517808,0.47437083
1548547200,0.62684156,0.47437989
1548561600,0.63168604,0.47491652
1548576000,0.64283717,0.47444562
1548590400,0.63673317,0.47448534
1548604800,0.62992758,0.47442718
1548619200,0.63146126,0.47430956
1548633600,0.65260373,0.46967878
1548648000,0.63737084,0.46896201
1548662400,0.64160510,0.46741016
1548676800,0.60763804,0.46771629
1548691200,0.59337874,0.46779749
1548705600,0.63144800,0.46753159
1548720000,0.64065197,0.46646473
1548734400,0.64927644,0.46345105
1548748800,0.63789255,0.46283611
1548763200,0.63937749,0.46173666
1548777600,0.60985335,0.46257529
1548792000,0.62764454,0.46225970
1548806400,0.62751002,0.46210441
1548820800,0.62036468,0.46235437
1548835200,0.63340878,0.46243581
1548849600,0.64356102,0.46137568
1548864000,0.62508549,0.46150601
1548878400,0.61522692,0.46179410
1548892800,0.61668956,0.46186671
1548907200,0.63069761,0.46263886
1548921600,0.64638131,0.46026737
1548936000,0.61994506,0.46022777
1548950400,0.59672101,0.46024077
1548964800,0.61556687,0.46019294
1548979200,0.61954142,0.46007618
1548993600,0.61746690,0.46007510
1549008000,0.64429113,0.45812317
1549022400,0.60292583,0.45876961
1549036800,0.62359884,0.45868887
1549051200,0.61423010,0.45865395
1549065600,0.59825520,0.45866364
1549080000,0.63686720,0.46311560
1549094400,0.63820170,0.46340472
1549108800,0.63539531,0.46279565
1549123200,0.62824677,0.46279533
1549137600,0.63602992,0.46137289
1549152000,0.63294038,0.46025690
1549166400,0.61772792,0.46045219
1549180800,0.60427562,0.46051439
1549195200,0.60674688,0.46817033
1549209600,0.62690308,0.46846436
1549224000,0.62630656,0.46842507
1549238400,0.62001266,0.46920564
1549252800,0.62256926,0.46956326
1549267200,0.63684131,0.46875742
1549281600,0.63058876,0.46834017
1549296000,0.62701242,0.46805414
1549310400,0.61619921,0.46805879
1549324800,0.59906258,0.46849818
1549339200,0.61555019,0.46849013
1549353600,0.60354450,0.46863433
1549368000,0.62189946,0.46875781
1549382400,0.61952018,0.46872138
1549396800,0.61491166,0.46872464
1549411200,0.64970395,0.46606138
1549425600,0.60954447,0.46654396
1549440000,0.63758173,0.46606542
1549454400,0.63245172,0.46593997
1549468800,0.63293389,0.46583228
1549483200,0.62000586,0.46874934
1549497600,0.61544061,0.46899225
1549512000,0.60778291,0.46999059
1549526400,0.60111429,0.46999043
1549540800,0.61135737,0.47119442
1549555200,0.61781522,0.47156308
1549569600,0.59987695,0.47168209
1549584000,0.61308837,0.47194923
1549598400,0.61718285,0.47213501
1549612800,0.64059104,0.47070951
1549627200,0.65623144,0.46544898
1549641600,0.68667913,0.43897013
1549656000,0.62787383,0.43929306
1549670400,0.64972149,0.43902888
1549684800,0.64950106,0.44011887
1549699200,0.61548300,0.44035165
1549713600,0.64472119,0.44026187
1549728000,0.63994385,0.44003538
1549742400,0.63683250,0.44022374
1549756800,0.63890421,0.44241135
1549771200,0.64386773,0.44237425
1549785600,0.62087635,0.44329926
1549800000,0.62269377,0.44329333
1549814400,0.63394466,0.44312265
1549828800,0.64403879,0.44200399
1549843200,0.65095398,0.43972951
1549857600,0.63009462,0.43967171
1549872000,0.62670988,0.44029575
1549886400,0.63384257,0.44019717
1549900800,0.61438611,0.44018914
1549915200,0.62619692,0.44010489
1549929600,0.62825927,0.43996493
1549944000,0.62193195,0.43994368
1549958400,0.63734103,0.43933143
1549972800,0.63172317,0.43949234
1549987200,0.63438529,0.43919948
1550001600,0.61982152,0.43917464
1550016000,0.61950466,0.43921846
1550030400,0.61812870,0.43921646
1550044800,0.63339707,0.43930939
1550059200,0.62840346,0.43940474
1550073600,0.61784098,0.43938335
1550088000,0.61578001,0.43946017
1550102400,0.60588195,0.44265308
1550116800,0.59605081,0.44329000
1550131200,0.63421243,0.44280669
1550145600,0.62112603,0.44338796
1550160000,0.63234513,0.44320997
1550174400,0.63879530,0.44301674
1550188800,0.64981565,0.44335663
1550203200,0.61610373,0.44336104
1550217600,0.61954454,0.44351463
1550232000,0.65046837,0.44274788
1550246400,0.64018971,0.44257029
1550260800,0.62744026,0.44252480
1550275200,0.63855356,0.44270424
1550289600,0.61074943,0.44361125
1550304000,0.61653433,0.44360880
1550318400,0.61616011,0.44368660
1550332800,0.59545249,0.44371860
1550347200,0.61629136,0.44372006
1550361600,0.62207452,0.44357914
1550376000,0.61941911,0.44358353
1550390400,0.63900446,0.44315480
1550404800,0.62320060,0.44322008
1550419200,0.61898171,0.44327562
1550433600,0.66488292,0.44077032
1550448000,0.67897758,0.43648546
1550462400,0.64263123,0.43667229
1550476800,0.65626839,0.43651189
1550491200,0.68768064,0.43020239
1550505600,0.68620597,0.42594322
1550520000,0.65533735,0.42606794
1550534400,0.64301001,0.42608472
1550548800,0.65865161,0.42595673
1550563200,0.65197829,0.42575416
1550577600,0.67723550,0.42386012
1550592000,0.65248856,0.42372166
1550606400,0.67429075,0.42154138
1550620800,0.62936928,0.42155273
1550635200,0.64959831,0.42151976
1550649600,0.66477299,0.41969321
1550664000,0.64243857,0.41967904
1550678400,0.64058150,0.41957232
1550692800,0.64336741,0.41952269
1550707200,0.62800940,0.41995616
1550721600,0.62229298,0.41990294
1550736000,0.65352843,0.41851093
1550750400,0.61993502,0.41850470
1550764800,0.62054188,0.41852525
1550779200,0.63212524,0.41854174
1550793600,0.66234099,0.41840038
1550808000,0.64527415,0.41813509
1550822400,0.63866231,0.41815579
1550836800,0.62926259,0.41812408
1550851200,0.63233682,0.41807488
1550865600,0.60704406,0.41807505
1550880000,0.57706237,0.41807859
1550894400,0.59380937,0.41805230
1550908800,0.58175545,0.41810815
1550923200,0.60365590,0.41859645
1550937600,0.73669268,0.39617449
1550952000,0.68322809,0.39670345
1550966400,0.72496752,0.39401766
1550980800,0.66446669,0.39430182
1550995200,0.70972084,0.39403867
1551009600,0.74836741,0.23814545
1551024000,0.64915500,0.23822244
1551038400,0.71601546,0.23597357
1551052800,0.72668281,0.23507950
1551067200,0.70128200,0.23480288
1551081600,0.62617902,0.23679284
1551096000,0.63158543,0.23672698
1551110400,0.66144394,0.23296907
1551124800,0.64599489,0.23226075
1551139200,0.62760400,0.23351871
1551153600,0.65161340,0.23231093
1551168000,0.60021084,0.23252475
1551182400,0.62989879,0.23231535
1551196800,0.59714118,0.23233983
1551211200,0.60842077,0.23223437
1551225600,0.58689394,0.23240691
1551240000,0.57449273,0.23296856
1551254400,0.57129304,0.23846557
1551268800,0.60943482,0.23898877
1551283200,0.59801403,0.23885735
1551297600,0.57707054,0.23921402
1551312000,0.57043269,0.23937423
1551326400,0.56689463,0.23937976
1551340800,0.60406916,0.23888780
1551355200,0.61638620,0.23891913
1551369600,0.64485001,0.23750323
1551384000,0.60114748,0.23793150
1551398400,0.60504142,0.23804961
1551412800,0.63672974,0.23758150
1551427200,0.62875714,0.23806709
1551441600,0.57640170,0.23834798
1551456000,0.61746688,0.23807464
1551470400,0.62956289,0.23749278
1551484800,0.61371931,0.23853759
1551499200,0.65231790,0.23664357
1551513600,0.64651250,0.23607780
1551528000,0.62207685,0.23625813
1551542400,0.60991888,0.23630970
1551556800,0.60701549,0.23633533
1551571200,0.55536774,0.23757533
1551585600,0.51017502,0.44262830
1551600000,0.50957830,0.44622445
1551614400,0.62667583,0.44562648
1551628800,0.60749033,0.44557086
1551643200,0.57867127,0.45475636
1551657600,0.59395433,0.46633420
1551672000,0.70728404,0.46602039
1551686400,0.69235410,0.46516146
1551700800,0.65277518,0.46598862
1551715200,0.68550711,0.47552641
1551729600,0.66159186,0.48853205
1551744000,0.62084064,0.48849386
1551758400,0.62247822,0.49126234
1551772800,0.61155842,0.49225748
1551787200,0.72164216,0.48505542
1551801600,0.69876918,0.50073241
1551816000,0.65953834,0.50447171
1551830400,0.70895936,0.50373434
1551844800,0.70336687,0.50520172
1551859200,0.63310964,0.50565006
1551873600,0.59284696,0.50577910
1551888000,0.62122055,0.50579909
1551902400,0.60379600,0.50608467
1551916800,0.62364555,0.50574144
1551931200,0.59536356,0.50575961
1551945600,0.61871449,0.50562619
1551960000,0.62656298,0.51056921
1551974400,0.58921990,0.51179635
1551988800,0.58358649,0.51535181
1552003200,0.57997366,0.51766399
1552017600,0.63166453,0.51738728
1552032000,0.58119593,0.51776330
1552046400,0.61391666,0.51776519
1552060800,0.62323299,0.51766659
1552075200,0.69901609,0.51641488
1552089600,0.67313709,0.51646223
1552104000,0.69561760,0.51557019
1552118400,0.63255263,0.52587077
1552132800,0.70486045,0.53260481
1552147200,0.67328001,0.53251950
1552161600,0.65971675,0.53493161
1552176000,0.66006949,0.53771910
1552190400,0.66196593,0.53752299
1552204800,0.60889306,0.53751526
1552219200,0.57968422,0.53764809
1552233600,0.60982493,0.53762457
1552248000,0.63020194,0.53740681
1552262400,0.61209540,0.53740721
1552276800,0.67907441,0.53649942
1552291200,0.66671652,0.53631056
1552305600,0.67488519,0.53684438
1552320000,0.62729128,0.54233750
1552334400,0.68018622,0.54310320
1552348800,0.70207995,0.55274640
1552363200,0.69236840,0.55265174
1552377600,0.70276021,0.56350072
1552392000,0.67139297,0.56349574
1552406400,0.67641107,0.56448209
1552420800,0.61991167,0.56472913
1552435200,0.64428956,0.56530635
1552449600,0.58910749,0.56530304
1552464000,0.65314094,0.56577436
1552478400,0.64336458,0.56567432
1552492800,0.61025617,0.56575695
1552507200,0.62004883,0.56596110
1552521600,0.60555936,0.56626105
1552536000,0.58478762,0.56636963
1552550400,0.54001364,0.56719434
1552564800,0.63320608,0.56748470
1552579200,0.62757049,0.56742079
1552593600,0.61219804,0.56741103
1552608000,0.63025624,0.56744859
1552622400,0.62414545,0.56743427
1552636800,0.65149298,0.56705568
1552651200,0.65376310,0.56704547
1552665600,0.61686419,0.56704745
1552680000,0.64544215,0.56821448
1552694400,0.71661382,0.56579107
1552708800,0.70425279,0.56529107
1552723200,0.67474405,0.56577724
1552737600,0.70976313,0.56560069
1552752000,0.68121306,0.57134355
1552766400,0.65812611,0.57141909
1552780800,0.68377679,0.57064745
1552795200,0.64371220,0.57086989
1552809600,0.65954548,0.57086267
1552824000,0.62477413,0.57109951
1552838400,0.62440756,0.57419735
1552852800,0.58106114,0.57429236
1552867200,0.64321669,0.57414328
1552881600,0.67455124,0.57350088
1552896000,0.64674351,0.57370121
1552910400,0.66310381,0.57391644
1552924800,0.65239988,0.57418962
1552939200,0.65888871,0.57409425
1552953600,0.59618675,0.57486689
1552968000,0.62976549,0.57480500
1552982400,0.61965217,0.57513145
1552996800,0.63254283,0.57509792
1553011200,0.62481201,0.57570322
1553025600,0.62157406,0.57569630
1553040000,0.66089300,0.57625404
1553054400,0.66431339,0.57618341
1553068800,0.61948528,0.57620135
1553083200,0.62858778,0.57640097
1553097600,0.64706684,0.57643235
1553112000,0.65047284,0.57635587
1553126400,0.61579420,0.57640156
1553140800,0.59637785,0.57685289
1553155200,0.60015156,0.57704896
1553169600,0.75309778,0.57411142
1553184000,0.67649751,0.57413273
1553198400,0.70411054,0.57415005
1553212800,0.69881358,0.57426034
1553227200,0.70659605,0.57457695
1553241600,0.57557879,0.57551635
1553256000,0.59468737,0.57552359
1553270400,0.60191256,0.57561635
1553284800,0.63463185,0.57608281
1553299200,0.67766223,0.57628329
1553313600,0.65507121,0.57645279
1553328000,0.64302246,0.57681413
1553342400,0.62278078,0.57683425
1553356800,0.64312941,0.57849410
1553371200,0.61434111,0.57851218
1553385600,0.63634875,0.57967440
1553400000,0.64046494,0.58204148
1553414400,0.65738442,0.58195737
1553428800,0.62920521,0.58201320
1553443200,0.61681973,0.58262391
1553457600,0.60797297,0.58461505
1553472000,0.59102520,0.58517553
1553486400,0.55154491,0.58965021
1553500800,0.59773395,0.59012861
1553515200,0.68450989,0.59042429
1553529600,0.65665591,0.59066518
1553544000,0.70833528,0.59028690
1553558400,0.65232617,0.59030311
1553572800,0.70676605,0.59017009
1553587200,0.68272272,0.59052363
1553601600,0.71975197,0.59005788
1553616000,0.67655391,0.59057276
1553630400,0.69882923,0.61118685
1553644800,0.75562967,0.61417532
1553659200,0.70734304,0.61507686
1553673600,0.71296340,0.61480125
1553688000,0.68509498,0.61538125
1553702400,0.66239222,0.61561732
1553716800,0.71779208,0.61626562
1553731200,0.72831429,0.61578055
1553745600,0.69920986,0.61577363
1553760000,0.69827710,0.61606648
1553774400,0.70523553,0.61595505
1553788800,0.68227144,0.61697035
1553803200,0.66215773,0.61741617
1553817600,0.68701712,0.61734960
1553832000,0.70123596,0.61720364
1553846400,0.74338006,0.61512575
1553860800,0.72722827,0.61468221
1553875200,0.68376441,0.61532832
1553889600,0.71791946,0.61538971
1553904000,0.70808006,0.61533327
1553918400,0.65270842,0.61540554
1553932800,0.62541792,0.61567069
1553947200,0.69790633,0.61579581
1553961600,0.68489187,0.61575868
1553976000,0.69594992,0.61562749
1553990400,0.68372210,0.61573708
1554004800,0.68085417,0.61570107
1554019200,0.70773077,0.61714710
1554033600,0.69589811,0.61719350
1554048000,0.68017484,0.61719626
1554062400,0.63957742,0.61733356
1554076800,0.71926227,0.61724124
1554091200,0.66869961,0.61723208
1554105600,0.67118936,0.61726176
1554120000,0.69422448,0.61725323
1554134400,0.68158538,0.61736562
1554148800,0.65602060,0.61760715
1554163200,0.71465151,0.61713769
1554177600,0.73624928,0.49134794
1554192000,0.70097831,0.48862701
1554206400,0.66017373,0.49099956
1554220800,0.64606695,0.49114808
1554235200,0.73088892,0.48265755
1554249600,0.70063938,0.47481551
1554264000,0.69129297,0.47468983
1554278400,0.62440769,0.47649991
1554292800,0.67851430,0.47590143
1554307200,0.70738498,0.46638218
1554321600,0.70844452,0.45282775
1554336000,0.61734081,0.45484739
1554350400,0.69559225,0.45212153
1554364800,0.68476314,0.45102578
1554379200,0.65003989,0.45979374
1554393600,0.72912097,0.44259119
1554408000,0.71722347,0.44950454
1554422400,0.59879327,0.44990328
1554436800,0.71011160,0.44935629
1554451200,0.69349666,0.44886633
1554465600,0.62084861,0.44879035
1554480000,0.57744929,0.44881626
1554494400,0.61010811,0.44848929
1554508800,0.55320443,0.45085787
1554523200,0.53002752,0.45274302
1554537600,0.48823389,0.45531981
1554552000,0.67950189,0.44971543
1554566400,0.66565339,0.45025548
1554580800,0.70018767,0.44729498
1554595200,0.70322709,0.46349330
1554609600,0.66404103,0.46358041
1554624000,0.65947597,0.46318107
1554638400,0.63318672,0.46340242
1554652800,0.58870006,0.46336862
1554667200,0.62893095,0.46373696
1554681600,0.60945370,0.46375102
1554696000,0.56846186,0.46422915
1554710400,0.72509366,0.45278725
1554724800,0.73855867,0.44372300
1554739200,0.68727453,0.44339427
1554753600,0.73024816,0.44070570
1554768000,0.73974665,0.44015599
1554782400,0.62967255,0.44020566
1554796800,0.57390466,0.44027702
1554811200,0.63519284,0.44039436
1554825600,0.56043294,0.44188639
1554840000,0.50150309,0.44339383
1554854400,0.51864963,0.44880258
1554868800,0.57009200,0.44872401
1554883200,0.50465714,0.44896726
1554897600,0.61000635,0.44867922
1554912000,0.70071569,0.44263081
1554926400,0.68266824,0.44138491
1554940800,0.74671394,0.43963903
1554955200,0.69509205,0.45352829
1554969600,0.76311722,0.43920840
1554984000,0.65100649,0.44367966
1554998400,0.72457441,0.44242709
1555012800,0.67649340,0.46764986
1555027200,0.69603672,0.46752575
1555041600,0.57302109,0.49165899
1555056000,0.64019888,0.51275844
1555070400,0.56157586,0.53462034
1555084800,0.58750813,0.53939317
1555099200,0.59087110,0.53935208
1555113600,0.58153041,0.53974288
1555128000,0.54733371,0.53960860
1555142400,0.59337473,0.54686929
1555156800,0.59917863,0.60455580
1555171200,0.55190515,0.60564653
1555185600,0.52028649,0.60623736
1555200000,0.56738975,0.60930433
1555214400,0.51976186,0.62850347
1555228800,0.48441841,0.63733858
1555243200,0.53155766,0.63866164
1555257600,0.49050109,0.64218605
1555272000,0.59756156,0.64655238
1555286400,0.56129833,0.64665776
1555300800,0.52318105,0.64980738
1555315200,0.59239288,0.65008587
1555329600,0.59196551,0.65003155
1555344000,0.67074759,0.64929408
1555358400,0.62195989,0.64914773
1555372800,0.60403281,0.64974011
1555387200,0.62520982,0.65714723
1555401600,0.61553088,0.65943076
1555416000,0.55728974,0.66198798
1555430400,0.64147255,0.66284416
1555444800,0.59672950,0.66278613
1555459200,0.60243439,0.70545751
1555473600,0.58862175,0.70570566
1555488000,0.60563726,0.70875334
1555502400,0.56380858,0.70956134
1555516800,0.56941908,0.70978503
1555531200,0.52520394,0.71736854
1555545600,0.59499847,0.71683808
1555560000,0.51913979,0.71789513
1555574400,0.58211582,0.71760341
1555588800,0.55049562,0.71790302
1555603200,0.59760308,0.71891248
1555617600,0.53986524,0.71895994
1555632000,0.60100682,0.77528855
1555646400,0.56767810,0.77525832
1555660800,0.55005626,0.77550381
1555675200,0.56752580,0.77535262
1555689600,0.55755836,0.77532991
1555704000,0.52894356,0.78066752
1555718400,0.52621109,0.78285585
1555732800,0.56913088,0.78549262
1555747200,0.55877480,0.78551282
1555761600,0.52698259,0.78553409
1555776000,0.52930698,0.78552554
1555790400,0.53314681,0.78713736
1555804800,0.52885707,0.78716721
1555819200,0.54939924,0.78692735
1555833600,0.53555872,0.78655526
1555848000,0.50600969,0.78696587
1555862400,0.51678208,0.78726201
1555876800,0.53782457,0.78728278
1555891200,0.53949143,0.78689601
1555905600,0.51952171,0.78678976
1555920000,0.53022267,0.78738796
1555934400,0.50175189,0.78918495
1555948800,0.55815350,0.78804944
1555963200,0.52272139,0.79702289
1555977600,0.56079163,0.79618838
1555992000,0.58338471,0.79505430
1556006400,0.53373747,0.79504378
1556020800,0.53416539,0.79878138
1556035200,0.56011766,0.79833626
1556049600,0.57901966,0.79772298
1556064000,0.55320319,0.79731955
1556078400,0.60503377,0.79401265
1556092800,0.58143064,0.79571377
1556107200,0.58392512,0.79608618
1556121600,0.56617797,0.79604503
1556136000,0.54162613,0.79629585
1556150400,0.50213780,0.79628513
1556164800,0.50377353,0.79627153
1556179200,0.51474644,0.79664626
1556193600,0.47585422,0.79670532
1556208000,0.52340369,0.79660699
1556222400,0.67828206,0.78146809
1556236800,0.66210361,0.77861759
1556251200,0.63962278,0.77791403
1556265600,0.63167578,0.77810144
1556280000,0.63149831,0.77813807
1556294400,0.57870796,0.80714254
1556308800,0.57428986,0.80836762
1556323200,0.53883570,0.80848912
1556337600,0.53447862,0.80858974
1556352000,0.54360026,0.80834930
1556366400,0.50117529,0.80960878
1556380800,0.55035327,0.80895114
1556395200,0.54737639,0.80861093
1556409600,0.52155879,0.80859357
1556424000,0.52280683,0.80869659
1556438400,0.51963831,0.80868048
1556452800,0.46521824,0.80889645
1556467200,0.52546039,0.80840054
1556481600,0.51861293,0.80839669
1556496000,0.48803617,0.80880541
1556510400,0.50711590,0.80992675
1556524800,0.52449306,0.81035190
1556539200,0.52078117,0.81051254
1556553600,0.49447422,0.81052487
1556568000,0.49214878,0.81052796
1556582400,0.50596647,0.81050572
1556596800,0.46100310,0.81050853
1556611200,0.54684136,0.80927169
1556625600,0.52674930,0.81419865
1556640000,0.51545695,0.82462932
1556654400,0.52533225,0.83676204
1556668800,0.53835798,0.83648404
1556683200,0.47117513,0.83664079
1556697600,0.48648587,0.83666590
1556712000,0.49270094,0.83713424
1556726400,0.49712087,0.83781797
1556740800,0.49731136,0.83871073
1556755200,0.46992368,0.83871585
1556769600,0.48089142,0.83873902
1556784000,0.51338829,0.83847248
1556798400,0.55519616,0.83716564
1556812800,0.52968469,0.83708520
1556827200,0.49970543,0.83708579
1556841600,0.57552890,0.83519627
1556856000,0.58942275,0.83536252
1556870400,0.57998674,0.83434116
1556884800,0.56067640,0.83439047
1556899200,0.56377153,0.83423972
1556913600,0.54413569,0.83452081
1556928000,0.55990856,0.83381860
1556942400,0.53988739,0.83711406
1556956800,0.51939288,0.83720007
1556971200,0.60050728,0.83247718
1556985600,0.57326710,0.83335530
1557000000,0.62013104,0.84928234
1557014400,0.58697519,0.85345052
1557028800,0.60178422,0.85277214
1557043200,0.56036660,0.85309732
1557057600,0.55797960,0.85306514
1557072000,0.51400038,0.86504945
1557086400,0.50839229,0.86564391
1557100800,0.54892247,0.86563094
1557115200,0.56041190,0.86473082
1557129600,0.57507818,0.86352431
1557144000,0.54790880,0.86633207
1557158400,0.57875182,0.86819724
1557172800,0.56923907,0.86764427
1557187200,0.63109971,0.85832288
1557201600,0.58589034,0.85897289
1557216000,0.56391066,0.85946766
1557230400,0.58555568,0.86096135
1557244800,0.54237375,0.86243860
1557259200,0.54651857,0.86545361
1557273600,0.49230251,0.86527650
1557288000,0.50173244,0.86740173
1557302400,0.49663144,0.86752282
1557316800,0.49985992,0.86757506
1557331200,0.46640875,0.86770690
1557345600,0.48733512,0.86767416
1557360000,0.52311846,0.86660406
1557374400,0.49440207,0.86658094
1557388800,0.49475557,0.86693174
1557403200,0.50542669,0.86723351
1557417600,0.52330162,0.86776213
1557432000,0.51610083,0.86788346
1557446400,0.54402919,0.86509076
1557460800,0.52447420,0.86495326
1557475200,0.52240054,0.86512781
1557489600,0.52812155,0.86676763
1557504000,0.53967805,0.86650022
1557518400,0.49283273,0.86751617
1557532800,0.56607087,0.86105592
1557547200,0.57437761,0.85394922
1557561600,0.53985594,0.85925675
1557576000,0.56632003,0.85696745
1557590400,0.53209689,0.85709567
1557604800,0.57885093,0.84369351
1557619200,0.54228108,0.84375626
1557633600,0.57721076,0.82999243
1557648000,0.57880276,0.81871700
1557662400,0.58130727,0.80460465
1557676800,0.56402990,0.80300814
1557691200,0.53856512,0.80290135
1557705600,0.54084636,0.80297324
1557720000,0.49441047,0.80297524
1557734400,0.53153331,0.79746112
1557748800,0.57521164,0.75809986
1557763200,0.54524729,0.75729802
1557777600,0.54045020,0.75684680
1557792000,0.55397961,0.75458044
1557806400,0.56973248,0.73873302
1557820800,0.54356500,0.73119416
1557835200,0.53050444,0.73076922
1557849600,0.53933684,0.72812857
1557864000,0.54471076,0.72331283
1557878400,0.50479387,0.72317879
1557892800,0.51917954,0.72044194
1557907200,0.50731507,0.71984905
1557921600,0.49547441,0.72252576
1557936000,0.51327584,0.71864603
1557950400,0.46034562,0.72727097
1557964800,0.49677948,0.72736849
1557979200,0.53251610,0.72095167
1557993600,0.49273500,0.71889988
1558008000,0.49281309,0.71833988
1558022400,0.49852618,0.71534905
1558036800,0.47050053,0.71531980
1558051200,0.49330163,0.67558535
1558065600,0.47555338,0.68411223
1558080000,0.49939884,0.68371753
1558094400,0.49721919,0.68428290
1558108800,0.49703602,0.69304396
1558123200,0.48462371,0.68560566
1558137600,0.46112209,0.68906147
1558152000,0.47816434,0.68805507
1558166400,0.44493973,0.69002662
1558180800,0.47507805,0.69083625
1558195200,0.46528321,0.69092507
1558209600,0.44710928,0.69095226
1558224000,0.48657485,0.62720712
1558238400,0.45492410,0.62892994
1558252800,0.47981935,0.62926999
1558267200,0.45865276,0.63037580
1558281600,0.47853297,0.63036818
1558296000,0.46693336,0.62370909
1558310400,0.47010120,0.62107480
1558324800,0.47849267,0.61763366
1558339200,0.46395119,0.61758314
1558353600,0.45666146,0.61773246
1558368000,0.43859618,0.61806692
1558382400,0.47154665,0.61729459
1558396800,0.44056730,0.61773343
1558411200,0.41959053,0.61837261
1558425600,0.45275778,0.61797505
1558440000,0.45939114,0.61864787
1558454400,0.44761327,0.62018878
1558468800,0.45365679,0.61967091
1558483200,0.41827501,0.62432167
1558497600,0.43810248,0.62427762
1558512000,0.46294587,0.62370564
1558526400,0.47673017,0.62141157
1558540800,0.45747641,0.62244815
1558555200,0.49765845,0.61841783
1558569600,0.47396730,0.63244204
1558584000,0.49141847,0.63248665
1558598400,0.45792259,0.63508991
1558612800,0.50423664,0.63048229
1558627200,0.43930690,0.63169140
1558641600,0.48214971,0.63078053
1558656000,0.45235122,0.63099661
1558670400,0.44560004,0.63111830
1558684800,0.47903104,0.62906211
1558699200,0.47948498,0.62973187
1558713600,0.44638895,0.63407128
1558728000,0.45298811,0.63536884
1558742400,0.42692358,0.63778848
1558756800,0.42976661,0.63839052
1558771200,0.44674935,0.63871852
1558785600,0.43304924,0.63863175
1558800000,0.44362635,0.63825183
1558814400,0.45452681,0.63833781
1558828800,0.45808401,0.63887014
1558843200,0.43379077,0.64222631
1558857600,0.45990486,0.64155305
1558872000,0.46101082,0.64096235
1558886400,0.46589689,0.60384931
1558900800,0.46465754,0.61297558
1558915200,0.45985515,0.62755305
1558929600,0.46628045,0.63106193
1558944000,0.46236826,0.63274292
1558958400,0.45274038,0.63317721
1558972800,0.43205903,0.69140503
1558987200,0.41875820,0.72532495
1559001600,0.41982037,0.72587938
1559016000,0.43877749,0.74025673
1559030400,0.40800337,0.74293172
1559044800,0.42519389,0.75291005
1559059200,0.40412297,0.78824511
1559073600,0.42990950,0.79225705
1559088000,0.44192105,0.79205472
1559102400,0.45995540,0.79097923
1559116800,0.45956394,0.82269862
1559131200,0.46106042,0.82505051
1559145600,0.44930455,0.83324224
1559160000,0.44538998,0.83333336
1559174400,0.44466485,0.86508134
1559188800,0.41653493,0.86889431
1559203200,0.42548234,0.86960822
1559217600,0.47907583,0.86511548
1559232000,0.47933086,0.85525500
1559246400,0.47459286,0.84330657
1559260800,0.43213378,0.84561638
1559275200,0.46753335,0.85336739
1559289600,0.46332410,0.85391025
1559304000,0.47218880,0.86558626
1559318400,0.44421829,0.86589641
1559332800,0.45469943,0.87673836
1559347200,0.42835340,0.88281894
1559361600,0.44010261,0.88481739
1559376000,0.43963160,0.88498250
1559390400,0.44023408,0.90890925
1559404800,0.40559285,0.91089386
1559419200,0.39858742,0.92087094
1559433600,0.41249188,0.92577253
1559448000,0.47210684,0.93773009
1559462400,0.44358769,0.93890947
1559476800,0.46245726,0.96254367
1559491200,0.44858482,0.96402053
1559505600,0.47158332,0.96381203
1559520000,0.46001626,0.97343709
1559534400,0.47924222,0.97036240
1559548800,0.46318338,0.97076326
1559563200,0.46693048,0.97402744
1559577600,0.48256890,0.97412883
1559592000,0.45620453,0.97616208
1559606400,0.45711420,0.97272119
1559620800,0.44700161,0.97364140
1559635200,0.46308070,0.97331860
1559649600,0.44159481,0.97335044
1559664000,0.45720070,0.96290138
1559678400,0.44865180,0.98130262
1559692800,0.45962893,0.98020070
1559707200,0.45006092,0.98174334
1559721600,0.45708778,0.98396157
1559736000,0.45978688,0.98151997
1559750400,0.46128579,0.97968579
1559764800,0.43714742,0.98069104
1559779200,0.46028821,0.99184070
1559793600,0.46470352,0.99142358
1559808000,0.45977740,0.99100973
1559822400,0.46219478,0.99179292
1559836800,0.46487916,0.99086659
1559851200,0.46834920,0.98961663
1559865600,0.43009627,0.99033773
1559880000,0.47185725,0.98833623
1559894400,0.46072778,0.98898176
1559908800,0.45860961,0.98952097
1559923200,0.45221720,0.99263931
1559937600,0.45545591,0.99262880
1559952000,0.45429812,0.99234878
1559966400,0.42884093,0.99261321
1559980800,0.45585433,1.00157450
1559995200,0.45989529,1.00133996
1560009600,0.47044688,1.00546410
1560024000,0.46980871,1.00494937
1560038400,0.45307189,1.01091668
1560052800,0.45606062,1.01284240
1560067200,0.46799461,1.01349594
1560081600,0.47664682,1.01208987
1560096000,0.45211191,1.01272230
1560110400,0.47602899,1.01202030
1560124800,0.44790198,1.01760442
1560139200,0.47370060,1.01755816
1560153600,0.52429401,1.01339045
1560168000,0.47989814,1.02651119
1560182400,0.50091706,1.02968775
1560196800,0.50972208,1.02950640
1560211200,0.51654749,1.03585997
1560225600,0.46349421,1.03646507
1560240000,0.51329100,1.03466353
1560254400,0.44755280,1.03510334
1560268800,0.51913697,1.03407287
1560283200,0.47633790,1.03664885
1560297600,0.51589304,1.03712496
1560312000,0.46052650,1.04620508
1560326400,0.45892022,1.04622339
1560340800,0.52679228,1.04481685
1560355200,0.49813913,1.04521267
1560369600,0.48766909,1.04634218
1560384000,0.51571815,1.04740646
1560398400,0.50563561,1.04804891
1560412800,0.46401657,1.04914069
1560427200,0.50378287,1.04911766
1560441600,0.51033455,1.05094701
1560456000,0.48406718,1.05255651
1560470400,0.47438429,1.05298458
1560484800,0.49778838,1.05375244
1560499200,0.47868368,1.06392225
1560513600,0.53914758,1.06606215
1560528000,0.47818593,1.06630325
1560542400,0.55079210,1.06494241
1560556800,0.53944017,1.06464109
1560571200,0.54364273,1.06462927
1560585600,0.53142141,1.06455555
1560600000,0.55918783,1.06691215
1560614400,0.51531430,1.07071541
1560628800,0.46520068,1.07071854
1560643200,0.54083955,1.07018501
1560657600,0.54653814,1.06459663
1560672000,0.54206207,1.06282018
1560686400,0.54427340,1.06346098
1560700800,0.54762824,1.09348791
1560715200,0.52952423,1.09805995
1560729600,0.54224010,1.09584400
1560744000,0.51601287,1.09715372
1560758400,0.54731218,1.10701386
1560772800,0.52762875,1.12734317
1560787200,0.53556179,1.12635292
1560801600,0.50160519,1.12636831
1560816000,0.52845473,1.12601184
1560830400,0.53227531,1.12524985
1560844800,0.52361285,1.12491781
1560859200,0.52595206,1.14940468
1560873600,0.55511304,1.14944981
1560888000,0.54948154,1.15044492
1560902400,0.54992615,1.15048744
1560916800,0.55619974,1.15036347
1560931200,0.52503429,1.15476095
1560945600,0.53336172,1.15522124
1560960000,0.54906995,1.15503982
1560974400,0.58225441,1.15499356
1560988800,0.57860371,1.15468306
1561003200,0.58585164,1.15450415
1561017600,0.55052002,1.15449550
1561032000,0.60064394,1.15396921
1561046400,0.60867651,1.15636986
1561060800,0.56636809,1.15735590
1561075200,0.63055599,1.15618408
1561089600,0.56680045,1.15618246
1561104000,0.61050895,1.15589912
1561118400,0.53998802,1.15681385
1561132800,0.61650587,1.15627109
1561147200,0.63276888,1.15364742
1561161600,0.65118734,1.14599071
1561176000,0.62994800,1.14552173
1561190400,0.64907167,1.14421008
1561204800,0.62091223,1.14900455
1561219200,0.63691888,1.14868244
1561233600,0.57298261,1.15044030
1561248000,0.57596341,1.15064735
1561262400,0.54540550,1.15289472
1561276800,0.56872577,1.15259119
1561291200,0.58586317,1.15219387
1561305600,0.61961262,1.15117215
1561320000,0.61629284,1.15296966
1561334400,0.62793095,1.15416226
1561348800,0.61636734,1.15398133
1561363200,0.62243233,1.15332356
1561377600,0.53542609,1.15554345
1561392000,0.54037728,1.15941846
1561406400,0.57981014,1.15959209
1561420800,0.58913508,1.16470868
1561435200,0.61162133,1.16293260
1561449600,0.57831979,1.16290316
1561464000,0.58043027,1.16324164
1561478400,0.57270708,1.16409603
1561492800,0.64412299,1.15796775
1561507200,0.64885447,1.15181706
1561521600,0.64378344,1.15004443
1561536000,0.64264373,1.14914881
1561550400,0.64973218,1.14802887
1561564800,0.65472073,1.11403383
1561579200,0.64947813,1.09227821
1561593600,0.67447991,1.09615637
1561608000,0.70632416,1.08644112
1561622400,0.69402281,1.10080832
1561636800,0.69134983,1.09443712
1561651200,0.69816779,1.06928310
1561665600,0.68406564,1.06633033
1561680000,0.65533999,1.06616797
1561694400,0.65149627,1.06612679
1561708800,0.70290232,1.04147979
1561723200,0.66927146,1.03930148
1561737600,0.68166666,1.03283261
1561752000,0.64775616,1.03284536
1561766400,0.70445911,1.00690292
1561780800,0.67645475,1.00361706
1561795200,0.66404140,1.00388139
1561809600,0.65019583,1.00376347
1561824000,0.64484975,1.00374919
1561838400,0.58560607,1.00375206
1561852800,0.61412646,1.00214899
1561867200,0.64955589,0.99564673
1561881600,0.63057116,0.99524667
1561896000,0.67188760,0.98609023
1561910400,0.65414671,0.98574362
1561924800,0.68135404,0.97519376
1561939200,0.67477543,0.97028096
1561953600,0.66785678,0.96863610
1561968000,0.63922588,0.96849869
1561982400,0.69260825,0.95112147
1561996800,0.66711606,0.94941688
1562011200,0.68316588,0.94028121
1562025600,0.67977649,0.93575547
1562040000,0.69485900,0.92169708
1562054400,0.66189680,0.92048474
1562068800,0.69719057,0.89573985
1562083200,0.67127307,0.89859205
1562097600,0.64629996,0.89909207
1562112000,0.68298247,0.88833471
1562126400,0.63570314,0.89011317
1562140800,0.63320526,0.88963481
1562155200,0.65253140,0.88719279
1562169600,0.64553454,0.88800173
1562184000,0.67954392,0.86519353
1562198400,0.64827477,0.86916419
1562212800,0.65828176,0.86809450
1562227200,0.60365749,0.86847896
1562241600,0.62829883,0.86844529
1562256000,0.58307402,0.86861804
1562270400,0.67361437,0.84712825
1562284800,0.61047270,0.84731311
1562299200,0.65713234,0.84606997
1562313600,0.72784789,0.84334280
1562328000,0.69517019,0.84788863
1562342400,0.68369396,0.84711952
1562356800,0.69065123,0.84596106
1562371200,0.73802278,0.85385497
1562385600,0.69641518,0.85436210
1562400000,0.67390764,0.85468938
1562414400,0.71770700,0.85210416
1562428800,0.69836409,0.85168780
1562443200,0.69617874,0.84921673
1562457600,0.68629542,0.84934587
1562472000,0.66720703,0.86127449
1562486400,0.68218854,0.86767706
1562500800,0.68061254,0.86716659
1562515200,0.70011019,0.86346464
1562529600,0.66614648,0.86560901
1562544000,0.67008977,0.86646366
1562558400,0.67086509,0.86655239
1562572800,0.72951610,0.85775499
1562587200,0.68267738,0.85785548
1562601600,0.72626433,0.85253434
1562616000,0.69658412,0.85352593
1562630400,0.73469403,0.84641509
1562644800,0.71429787,0.84409701
1562659200,0.70709009,0.84327540
1562673600,0.68744055,0.84392838
1562688000,0.69554024,0.84354775
1562702400,0.66617571,0.85055849
1562716800,0.71275067,0.84457986
1562731200,0.67975548,0.84431101
1562745600,0.68382289,0.84563358
1562760000,0.74358563,0.82969618
1562774400,0.73158401,0.82608128
1562788800,0.68010126,0.82613651
1562803200,0.73974686,0.81785648
1562817600,0.71568660,0.81701116
1562832000,0.65700891,0.82734568
1562846400,0.68822428,0.82684690
1562860800,0.68301677,0.82708893
1562875200,0.69191963,0.82385293
1562889600,0.68256473,0.82312163
1562904000,0.73123310,0.81158126
1562918400,0.67062763,0.81217191
1562932800,0.71147486,0.81107180
1562947200,0.69662394,0.81049135
1562961600,0.70570303,0.81049685
1562976000,0.68641353,0.80932414
1562990400,0.68322352,0.80848911
1563004800,0.68689568,0.80735309
1563019200,0.68105463,0.80681464
1563033600,0.77361057,0.80406589
1563048000,0.77137879,0.80204135
1563062400,0.75473436,0.80147347
1563076800,0.76006979,0.80044579
1563091200,0.81581608,0.78715529
1563105600,0.80587307,0.78812814
1563120000,0.76833952,0.78788847
1563134400,0.80645552,0.78189756
1563148800,0.76419961,0.78516896
1563163200,0.75987501,0.78490972
1563177600,0.72153680,0.78503093
1563192000,0.78827570,0.78020283
1563206400,0.79150771,0.78455820
1563220800,0.71624931,0.78525193
1563235200,0.77108178,0.78705219
1563249600,0.73495448,0.78701943
1563264000,0.73817431,0.79344400
1563278400,0.76060641,0.79148321
1563292800,0.87609677,0.74094748
1563307200,0.84239821,0.73691713
1563321600,0.76417806,0.73691697
1563336000,0.81355222,0.74644993
1563350400,0.85064386,0.73339083
1563364800,0.87098074,0.70476483
1563379200,0.78793381,0.70498712
1563393600,0.78549400,0.70546805
1563408000,0.78533060,0.70550595
1563422400,0.78364278,0.70556962
1563436800,0.71969338,0.70561718
1563451200,0.86680966,0.66396883
1563465600,0.78717958,0.66553470
1563480000,0.81181440,0.66393173
1563494400,0.78535422,0.66458597
1563508800,0.77070163,0.66456082
1563523200,0.80510434,0.66229586
1563537600,0.77958174,0.66131620
1563552000,0.72301478,0.66135037
1563566400,0.77531447,0.66043126
1563580800,0.72232713,0.66121977
1563595200,0.74060631,0.66805255
1563609600,0.69519184,0.66817980
1563624000,0.73143826,0.66809108
1563638400,0.78582576,0.66210364
1563652800,0.77348061,0.66485347
1563667200,0.77849445,0.66386013
1563681600,0.71554707,0.66390107
1563696000,0.70366888,0.66497203
1563710400,0.76278962,0.66353724
1563724800,0.73247116,0.66339741
1563739200,0.76313120,0.66094768
1563753600,0.75039934,0.67602762
1563768000,0.71932108,0.67866003
1563782400,0.75759517,0.67858559
1563796800,0.83889151,0.67363905
1563811200,0.79662641,0.67428699
1563825600,0.82562740,0.67119815
1563840000,0.80185839,0.67657112
1563854400,0.83486691,0.67353380
1563868800,0.75426302,0.67351366
1563883200,0.79971253,0.67408648
1563897600,0.81100636,0.67199413
1563912000,0.83015363,0.66774850
1563926400,0.83097539,0.66350297
1563940800,0.79320531,0.66349142
1563955200,0.74427340,0.66411072
1563969600,0.82760438,0.66663555
1563984000,0.84208015,0.65987053
1563998400,0.81001984,0.65873919
1564012800,0.85907199,0.64880413
1564027200,0.79775292,0.64870832
1564041600,0.77716093,0.65632906
1564056000,0.80136659,0.65565109
1564070400,0.81275852,0.65511705
1564084800,0.73568311,0.65510433
1564099200,0.80469778,0.65194084
1564113600,0.77976641,0.65149951
1564128000,0.75792153,0.65142578
1564142400,0.72894946,0.65154537
1564156800,0.76534249,0.65120716
1564171200,0.71593236,0.65149840
1564185600,0.82256185,0.64626719
1564200000,0.76433543,0.64635927
1564214400,0.89184871,0.61859835
1564228800,0.83745153,0.61768739
1564243200,0.78692733,0.61765943
1564257600,0.80464187,0.61752712
1564272000,0.75368072,0.62053299
1564286400,0.72924093,0.62045138
1564300800,0.71995620,0.62049585
1564315200,0.70306863,0.62078787
1564329600,0.71896547,0.62062616
1564344000,0.72079666,0.62046451
1564358400,0.75431381,0.62037278
1564372800,0.69737427,0.62084111
1564387200,0.77181118,0.61930173
1564401600,0.73906012,0.62006920
1564416000,0.73695084,0.65001861
1564430400,0.71258246,0.65026979
1564444800,0.75118183,0.65171426
1564459200,0.73150301,0.65602913
1564473600,0.74066648,0.65653697
1564488000,0.81179106,0.65449458
1564502400,0.81292458,0.65359751
1564516800,0.76548122,0.65360934
1564531200,0.81239130,0.65275305
1564545600,0.80260871,0.65245403
1564560000,0.75897028,0.65322098
1564574400,0.87645441,0.64572975
1564588800,0.83853574,0.64551234
1564603200,0.84786447,0.64475935
1564617600,0.84068077,0.64445327
1564632000,0.83176236,0.64433351
1564646400,0.72225939,0.64443044
1564660800,0.75416337,0.64433664
1564675200,0.85939010,0.63814813
1564689600,0.83745412,0.63734713
1564704000,0.80720954,0.63735858
1564718400,0.86251985,0.63483858
1564732800,0.82369500,0.63486179
1564747200,0.82612065,0.63326379
1564761600,0.84644647,0.63047726
1564776000,0.83038632,0.63111731
1564790400,0.87959360,0.62510861
1564804800,0.82943655,0.62501907
1564819200,0.84195387,0.62513923
1564833600,0.78391948,0.62541744
1564848000,0.82609163,0.63287201
1564862400,0.69673850,0.63586131
1564876800,0.74150054,0.63577502
1564891200,0.76344198,0.63495596
1564905600,0.71672471,0.63506992
1564920000,0.85529785,0.63418946
1564934400,0.80232208,0.63413276
1564948800,0.79776030,0.63456005
1564963200,0.97255556,0.60528159
1564977600,0.92590052,0.60431863
1564992000,0.90311140,0.60401315
1565006400,0.85513158,0.60507189
1565020800,0.83998134,0.61185698
1565035200,0.75977203,0.61290665
1565049600,0.77995809,0.61157342
1565064000,0.92329240,0.59450819
1565078400,0.94329494,0.58365341
1565092800,0.89721130,0.58331349
1565107200,0.85744989,0.58335916
1565121600,0.92470747,0.58018416
1565136000,0.87900454,0.57937284
1565150400,0.81754717,0.57907199
1565164800,0.85269320,0.57725580
1565179200,0.83110217,0.57688066
1565193600,0.85534512,0.59552102
1565208000,0.85939222,0.59423930
1565222400,0.81533387,0.59429001
1565236800,0.82115455,0.59436465
1565251200,0.83454469,0.59418134
1565265600,0.84509087,0.59296935
1565280000,0.83382884,0.59236947
1565294400,0.88431342,0.58194113
1565308800,0.85881987,0.58144147
1565323200,0.82428544,0.58146082
1565337600,0.86258605,0.58055029
1565352000,0.83013075,0.58046528
1565366400,0.83853877,0.57994906
1565380800,0.82147046,0.58010076
1565395200,0.82346335,0.58082842
1565409600,0.79421707,0.58309518
1565424000,0.89087179,0.57588701
1565438400,0.83624366,0.57671967
1565452800,0.85056869,0.57593184
1565467200,0.81390260,0.57592019
1565481600,0.84170179,0.57534722
1565496000,0.80493218,0.57549853
1565510400,0.82913585,0.57463852
1565524800,0.83050183,0.57421295
1565539200,0.79154614,0.57648486
1565553600,0.83906990,0.57513364
1565568000,0.82823706,0.57448505
1565582400,0.80925963,0.57472779
1565596800,0.81952286,0.57423541
1565611200,0.81577390,0.57452403
1565625600,0.79679998,0.57545540
1565640000,0.79968875,0.57581398
1565654400,0.77143126,0.57613842
1565668800,0.78953176,0.57608453
1565683200,0.80236937,0.57628348
1565697600,0.85992466,0.56972878
1565712000,0.81742696,0.56962001
1565726400,0.81508491,0.57028347
1565740800,0.85323913,0.56559342
1565755200,0.82166307,0.56593256
1565769600,0.81321738,0.56574741
1565784000,0.81244011,0.56547209
1565798400,0.87741519,0.55273132
1565812800,0.84515181,0.55381833
1565827200,0.86162819,0.54961587
1565841600,0.81375169,0.54969478
1565856000,0.87763461,0.54024096
1565870400,0.84105569,0.54027546
1565884800,0.81637837,0.54023517
1565899200,0.85687287,0.53603985
1565913600,0.81004680,0.53622215
1565928000,0.88028674,0.51999067
1565942400,0.86948924,0.51504556
1565956800,0.87202239,0.50940193
1565971200,0.84585282,0.50898944
1565985600,0.84377084,0.50816901
1566000000,0.82871116,0.50786071
1566014400,0.82868316,0.50727926
1566028800,0.81041192,0.50720062
1566043200,0.79841492,0.50962449
1566057600,0.82601778,0.50742922
1566072000,0.80635723,0.50909211
1566086400,0.81935340,0.50806547
1566100800,0.79814300,0.50809548
1566115200,0.84589392,0.50093497
1566129600,0.78726262,0.50118716
1566144000,0.79771798,0.50130466
1566158400,0.80712139,0.50142889
1566172800,0.81606468,0.50040956
1566187200,0.84712493,0.49086594
1566201600,0.81232854,0.49081643
1566216000,0.80884279,0.49063907
1566230400,0.80185264,0.49053489
1566244800,0.84055037,0.48443080
1566259200,0.82608826,0.49731979
1566273600,0.79898563,0.49763513
1566288000,0.82113264,0.49623594
1566302400,0.80535764,0.49608067
1566316800,0.76968529,0.50110294
1566331200,0.77228234,0.50415414
1566345600,0.86949526,0.48371088
1566360000,0.85104425,0.48065412
1566374400,0.82359294,0.48050827
1566388800,0.84920482,0.47580227
1566403200,0.83924098,0.47411397
1566417600,0.80878200,0.47402683
1566432000,0.85212142,0.46561816
1566446400,0.83437763,0.46471770
1566460800,0.79536995,0.46478833
1566475200,0.83272150,0.46251710
1566489600,0.82014718,0.46202088
1566504000,0.81293621,0.46153021
1566518400,0.80179656,0.46275827
1566532800,0.80589654,0.46544954
1566547200,0.80828901,0.46469152
1566561600,0.84478965,0.45549392
1566576000,0.78506671,0.45549452
1566590400,0.78526273,0.45565842
1566604800,0.81131468,0.45570292
1566619200,0.79596961,0.45622182
1566633600,0.84401349,0.44520281
1566648000,0.79302771,0.44560332
1566662400,0.82550351,0.44457921
1566676800,0.79896353,0.44630294
1566691200,0.79369309,0.44636254
1566705600,0.78077770,0.44647808
1566720000,0.78126405,0.44654222
1566734400,0.78073987,0.45257844
1566748800,0.75814003,0.64968472
1566763200,0.79147958,0.65321987
1566777600,0.81595699,0.65171216
1566792000,0.79811523,0.65842259
1566806400,0.79935351,0.65820973
1566820800,0.79427557,0.65811661
1566835200,0.76761795,0.65846571
1566849600,0.78109211,0.65925957
1566864000,0.82037619,0.65708718
1566878400,0.77927570,0.65711734
1566892800,0.79899270,0.65692683
1566907200,0.80007634,0.68382353
1566921600,0.78649527,0.68767546
1566936000,0.76931520,0.68857776
1566950400,0.79993285,0.68798227
1566964800,0.79641727,0.68795020
1566979200,0.76867937,0.68850647
1566993600,0.80257337,0.68772489
1567008000,0.87717996,0.65944258
1567022400,0.83277696,0.66310996
1567036800,0.84567160,0.66126204
1567051200,0.85441233,0.65688491
1567065600,0.83669259,0.65646106
1567080000,0.80978323,0.65752337
1567094400,0.78048101,0.65887607
1567108800,0.79492566,0.65933497
1567123200,0.78169999,0.65991813
1567137600,0.77021745,0.66038579
1567152000,0.80512776,0.65954207
1567166400,0.77854283,0.66191385
1567180800,0.78715912,0.66183304
1567195200,0.77996665,0.66295311
1567209600,0.78954360,0.66341225
1567224000,0.77822022,0.66774336
1567238400,0.78026709,0.67467600
1567252800,0.78241138,0.68218850
1567267200,0.77304093,0.68219201
1567281600,0.77063699,0.68226047
1567296000,0.77518523,0.68409652
1567310400,0.76317582,0.68409137
1567324800,0.77579934,0.68441325
1567339200,0.77795019,0.68429842
1567353600,0.76019424,0.68469965
1567368000,0.81882859,0.68359390
1567382400,0.79781842,0.68397849
1567396800,0.78137513,0.68415064
1567411200,0.81958913,0.68411859
1567425600,0.81561427,0.68402529
1567440000,0.85871246,0.67665168
1567454400,0.85588190,0.67519330
1567468800,0.83506143,0.67517080
1567483200,0.82682455,0.67574314
1567497600,0.83407799,0.67577625
1567512000,0.85519427,0.67222330
1567526400,0.79608234,0.67230989
1567540800,0.83237758,0.67250531
1567555200,0.82376337,0.67374112
1567569600,0.82709106,0.67364643
1567584000,0.79673506,0.67348732
1567598400,0.82142636,0.67252998
1567612800,0.85486919,0.66648699
1567627200,0.84549367,0.66549947
1567641600,0.81220269,0.66549143
1567656000,0.81053356,0.66554766
1567670400,0.80259191,0.66562402
1567684800,0.78577304,0.66560574
1567699200,0.75309264,0.66556376
1567713600,0.77835310,0.66571605
1567728000,0.80903558,0.66600309
1567742400,0.80606773,0.66650810
1567756800,0.82663938,0.66566938
1567771200,0.80062933,0.66635822
1567785600,0.87228552,0.65063318
1567800000,0.84862122,0.65023025
1567814400,0.83319324,0.65017413
1567828800,0.84066609,0.65005204
1567843200,0.84570254,0.65238304
1567857600,0.79838472,0.65709493
1567872000,0.75553883,0.65731530
1567886400,0.76188462,0.65738347
1567900800,0.80347932,0.65732584
1567915200,0.78277907,0.65753033
1567929600,0.82664223,0.65611857
1567944000,0.77675225,0.65612249
1567958400,0.81206137,0.65600447
1567972800,0.81424987,0.65575184
1567987200,0.82968876,0.65523548
1568001600,0.83814806,0.65363074
1568016000,0.86083185,0.64699736
1568030400,0.84702521,0.66384567
1568044800,0.81475204,0.66391849
1568059200,0.80425484,0.66397018
1568073600,0.83908105,0.66400224
1568088000,0.81522382,0.66444751
1568102400,0.75107453,0.66529682
1568116800,0.81769623,0.66479402
1568131200,0.86438130,0.66285504
1568145600,0.86366320,0.66221801
1568160000,0.82043636,0.66222406
1568174400,0.86304371,0.66514141
1568188800,0.83537225,0.66616526
1568203200,0.84439756,0.66585740
1568217600,0.85133036,0.66499477
1568232000,0.85402921,0.66600921
1568246400,0.85195665,0.66655048
1568260800,0.83696852,0.66657559
1568275200,0.85974924,0.66605942
1568289600,0.87764567,0.66442304
1568304000,0.83578654,0.66504975
1568318400,0.87255388,0.66435638
1568332800,0.85833832,0.66438876
1568347200,0.87126187,0.66394090
1568361600,0.81357371,0.66401941
1568376000,0.80216865,0.66448085
1568390400,0.85202787,0.66368248
1568404800,0.87756641,0.66467215
1568419200,0.86311039,0.66440304
1568433600,0.85797809,0.66434423
1568448000,0.85931928,0.66431130
1568462400,0.86940210,0.66400560
1568476800,0.80503213,0.66463622
1568491200,0.82226802,0.66461115
1568505600,0.83031069,0.66461016
1568520000,0.79604950,0.66473228
1568534400,0.78340367,0.66473521
1568548800,0.80237458,0.66473240
1568563200,0.76961066,0.66740031
1568577600,0.75076829,0.66739789
1568592000,0.75174305,0.66739448
1568606400,0.74139485,0.66750093
1568620800,0.76826340,0.66841800
1568635200,0.88602147,0.66803923
1568649600,0.83493313,0.66804918
1568664000,0.90099374,0.66686266
1568678400,0.88367863,0.66688484
1568692800,0.88403365,0.66681360
1568707200,0.86241265,0.66795073
1568721600,0.87393358,0.66776066
1568736000,0.83532312,0.66769622
1568750400,0.85245038,0.66744947
1568764800,0.83065574,0.66743931
1568779200,0.81584805,0.67058543
1568793600,0.86563830,0.67050003
1568808000,0.84968215,0.67049358
1568822400,0.80532245,0.67058510
1568836800,0.82158452,0.67057077
1568851200,0.93398335,0.65974770
1568865600,0.92549495,0.65946490
1568880000,0.92012531,0.65944336
1568894400,0.93067625,0.65971934
1568908800,0.95576849,0.65595770
1568923200,0.92055443,0.65368232
1568937600,0.89873105,0.65394290
1568952000,0.92465826,0.65346770
1568966400,0.91283122,0.65354919
1568980800,0.87269539,0.65473708
1568995200,0.84407910,0.66022990
1569009600,0.83004992,0.66023388
1569024000,0.81722984,0.66015632
1569038400,0.85728462,0.65985781
1569052800,0.85254342,0.65981000
1569067200,0.84322612,0.65995510
1569081600,0.86236471,0.65988055
1569096000,0.86203435,0.65984144
1569110400,0.90310953,0.65884246
1569124800,0.93179531,0.65666210
1569139200,0.91656642,0.65716113
1569153600,0.90825376,0.65777293
1569168000,0.89929710,0.65805112
1569182400,0.91731296,0.66073167
1569196800,0.88093382,0.66092017
1569211200,0.89470868,0.66050770
1569225600,0.88477260,0.66045151
1569240000,0.90489152,0.69984145
1569254400,0.91423309,0.69975621
1569268800,0.93104252,0.69868542
1569283200,0.90813457,0.69908684
1569297600,0.91577608,0.69899258
1569312000,0.91198703,0.69893618
1569326400,0.95146014,0.69492509
1569340800,0.81519111,0.51565000
1569355200,0.82638414,0.51131231
1569369600,0.83411413,0.51083220
1569384000,0.86334840,0.50204830
1569398400,0.83834036,0.50499138
1569412800,0.76994270,0.58897785
1569427200,0.78247358,0.60770839
1569441600,0.79601984,0.60685449
1569456000,0.75953668,0.69744477
1569470400,0.74869980,0.69790020
1569484800,0.75406066,0.70543395
1569499200,0.83509498,0.67909991
1569513600,0.83028956,0.67943502
1569528000,0.82362226,0.68435288
1569542400,0.81354956,0.68525455
1569556800,0.82542916,0.68487511
1569571200,0.79727601,0.68624829
1569585600,0.75429233,0.69232191
1569600000,0.75383642,0.69538744
1569614400,0.81361622,0.69480568
1569628800,0.78243591,0.69538275
1569643200,0.79189601,0.69813903
1569657600,0.79564267,0.69800764
1569672000,0.81417922,0.69696031
1569686400,0.80371747,0.69572153
1569700800,0.80120421,0.69864633
1569715200,0.80676983,0.69868457
1569729600,0.80768891,0.70046869
1569744000,0.76155292,0.70046901
1569758400,0.82199560,0.69903465
1569772800,0.76977740,0.70031523
1569787200,0.81866737,0.70238433
1569801600,0.81439415,0.70359333
1569816000,0.84271541,0.70061402
1569830400,0.84884008,0.69439667
1569844800,0.85356282,0.68689885
1569859200,0.81076145,0.68795151
1569873600,0.82246329,0.68808962
1569888000,0.84674375,0.68649711
1569902400,0.79314351,0.68649009
1569916800,0.79927052,0.68606680
1569931200,0.77081990,0.68700944
1569945600,0.80429170,0.68660701
1569960000,0.74841861,0.68710403
1569974400,0.79283423,0.68734722
1569988800,0.78182316,0.68732061
1570003200,0.80084919,0.68718498
1570017600,0.78832942,0.68740805
1570032000,0.78225579,0.68779183
1570046400,0.81748610,0.68678585
1570060800,0.79845844,0.68667297
1570075200,0.81274040,0.68611849
1570089600,0.80090553,0.68606628
1570104000,0.82990681,0.68517130
1570118400,0.79824681,0.68508624
1570132800,0.82077319,0.68449115
1570147200,0.83151927,0.68327147
1570161600,0.80750724,0.68415100
1570176000,0.78763626,0.68458620
1570190400,0.77237661,0.68463830
1570204800,0.79899381,0.68474991
1570219200,0.78118886,0.68489488
1570233600,0.72998984,0.68517753
1570248000,0.74908006,0.68524161
1570262400,0.75458556,0.68577888
1570276800,0.72102993,0.68589134
1570291200,0.71769575,0.68596045
1570305600,0.76771749,0.68732806
1570320000,0.79870492,0.68640474
1570334400,0.80536186,0.68897790
1570348800,0.79096222,0.68924490
1570363200,0.81304904,0.68929307
1570377600,0.82978664,0.68744198
1570392000,0.80399030,0.68773894
1570406400,0.76738646,0.68774396
1570420800,0.76702142,0.68854455
1570435200,0.83273876,0.68619252
1570449600,0.84459014,0.68158107
1570464000,0.81939718,0.68163730
1570478400,0.81327202,0.68183088
1570492800,0.83127536,0.68161457
1570507200,0.81987975,0.68160229
1570521600,0.77348260,0.68173523
1570536000,0.74752512,0.68176798
1570550400,0.76383155,0.68174106
1570564800,0.72902560,0.68175944
1570579200,0.76907960,0.68155211
1570593600,0.78380035,0.68215824
1570608000,0.75923919,0.68354602
1570622400,0.86480224,0.67157811
1570636800,0.82286657,0.67151250
1570651200,0.82256613,0.67157302
1570665600,0.82044653,0.67189372
1570680000,0.84933359,0.67128845
1570694400,0.79774062,0.67049136
1570708800,0.75535490,0.67051764
1570723200,0.77314371,0.67070513
1570737600,0.75701282,0.67098274
1570752000,0.75135859,0.67113844
1570766400,0.82651228,0.66867105
1570780800,0.82329121,0.66768820
1570795200,0.81261641,0.66754160
1570809600,0.77860049,0.67447266
1570824000,0.83603711,0.67305054
1570838400,0.81934535,0.67224620
1570852800,0.79002264,0.67725948
1570867200,0.78711888,0.67790640
1570881600,0.81075209,0.67753685
1570896000,0.80669255,0.67714472
1570910400,0.75006533,0.67721999
1570924800,0.78327336,0.67710514
1570939200,0.75778438,0.67722823
1570953600,0.74534661,0.67720244
1570968000,0.75433907,0.67698691
1570982400,0.73350305,0.67753014
1570996800,0.79308853,0.67517937
1571011200,0.74407781,0.67615450
1571025600,0.75753767,0.67612938
1571040000,0.75792113,0.67619459
1571054400,0.76690280,0.67612787
1571068800,0.76007065,0.67560741
1571083200,0.74459012,0.67553976
1571097600,0.75274502,0.67539845
1571112000,0.75188076,0.67628768
1571126400,0.73444441,0.67639499
1571140800,0.73090509,0.67635291
1571155200,0.79154060,0.67372027
1571169600,0.74380874,0.67371930
1571184000,0.73819905,0.67480374
1571198400,0.76519717,0.67474840
1571212800,0.78695034,0.67407184
1571227200,0.78454730,0.67536100
1571241600,0.74710577,0.67535806
1571256000,0.77103540,0.67515793
1571270400,0.76665475,0.67507697
1571284800,0.74115697,0.67513492
1571299200,0.77517151,0.67393253
1571313600,0.72763130,0.67397348
1571328000,0.75053981,0.67398397
1571342400,0.75086645,0.67396952
1571356800,0.73834551,0.67396794
1571371200,0.79440574,0.67117730
1571385600,0.75023597,0.67222221
1571400000,0.74886027,0.67221479
1571414400,0.76645006,0.67224867
1571428800,0.75125534,0.67256908
1571443200,0.70249881,0.67261934
1571457600,0.69284533,0.67271696
1571472000,0.69727504,0.67272128
1571486400,0.74124430,0.67253898
1571500800,0.72827448,0.67762196
1571515200,0.73394546,0.67763269
1571529600,0.75181201,0.67759093
1571544000,0.71722235,0.67766627
1571558400,0.74102913,0.67788685
1571572800,0.77542719,0.67686868
1571587200,0.81121328,0.67146983
1571601600,0.75939078,0.67152508
1571616000,0.75300592,0.67152360
1571630400,0.74952009,0.67152871
1571644800,0.75704500,0.67174072
1571659200,0.72650946,0.67180547
1571673600,0.69295209,0.67196594
1571688000,0.70514669,0.67194954
1571702400,0.69064385,0.67202136
1571716800,0.70008334,0.67210671
1571731200,0.74073971,0.67857647
1571745600,0.75049428,0.68659515
1571760000,0.74699103,0.68632883
1571774400,0.78121527,0.68363915
1571788800,0.77016102,0.68327456
1571803200,0.72967166,0.68349073
1571817600,0.72812301,0.71675222
1571832000,0.86496383,0.67812371
1571846400,0.81600825,0.68286489
1571860800,0.80156555,0.68292606
1571875200,0.81404682,0.68245792
1571889600,0.78086447,0.68391778
1571904000,0.73300119,0.68390487
1571918400,0.72501012,0.68636624
1571932800,0.74490757,0.68619673
1571947200,0.75011124,0.68586207
1571961600,0.73447652,0.68771648
1571976000,0.74103773,0.68771733
1571990400,0.78189616,0.68564602
1572004800,0.88938950,0.62500590
1572019200,0.87804602,0.60693405
1572033600,0.82923649,0.61083113
1572048000,0.91697189,0.51691501
1572062400,0.86557913,0.51624646
1572076800,0.87842957,0.51754762
1572091200,0.82447147,0.54828699
1572105600,0.86600272,0.54348941
1572120000,0.84238312,0.53788639
1572134400,0.82728875,0.54048661
1572148800,0.78847907,0.54125120
1572163200,0.82340623,0.53881353
1572177600,0.83527666,0.53198803
1572192000,0.82610424,0.52802412
1572206400,0.82790037,0.52517343
1572220800,0.81487216,0.52576969
1572235200,0.82731880,0.52181221
1572249600,0.79430768,0.52326824
1572264000,0.78316809,0.52850012
1572278400,0.77156459,0.54127775
1572292800,0.81232032,0.53732781
1572307200,0.79208524,0.53659634
1572321600,0.80766943,0.53366623
1572336000,0.76032780,0.53368638
1572350400,0.79978432,0.53584940
1572364800,0.79790795,0.53417282
1572379200,0.81147200,0.53742862
1572393600,0.80759538,0.53606211
1572408000,0.80517698,0.53466828
1572422400,0.79769915,0.53395294
1572436800,0.76395403,0.55000138
1572451200,0.79730705,0.55025787
1572465600,0.78147618,0.55012913
1572480000,0.77987893,0.54975476
1572494400,0.74743414,0.54978334
1572508800,0.75337102,0.55137481
1572523200,0.78403737,0.55270252
1572537600,0.74585156,0.55296170
1572552000,0.77763029,0.55260598
1572566400,0.78293546,0.56416771
1572580800,0.77118504,0.56402145
1572595200,0.77674051,0.56380661
1572609600,0.77724829,0.56332914
1572624000,0.77780330,0.56303669
1572638400,0.77332456,0.56301560
1572652800,0.75306823,0.56321044
1572667200,0.75704400,0.56526852
1572681600,0.75778290,0.56544534
1572696000,0.77153716,0.56483800
1572710400,0.73527784,0.56508316
1572724800,0.74869135,0.56522667
1572739200,0.75737379,0.56546430
1572753600,0.77878402,0.56494892
1572768000,0.77244234,0.56454059
1572782400,0.75622826,0.56544886
1572796800,0.76757882,0.56519147
1572811200,0.77210792,0.56494355
1572825600,0.76677371,0.56864544
1572840000,0.75815588,0.56859303
1572854400,0.77333318,0.56884538
1572868800,0.75955002,0.58329889
1572883200,0.75491621,0.58321203
1572897600,0.78524270,0.59723550
1572912000,0.74977324,0.59741404
1572926400,0.79777097,0.59513888
1572940800,0.78015725,0.59541500
1572955200,0.78598277,0.59471870
1572969600,0.74699291,0.59493059
1572984000,0.77912148,0.59445355
1572998400,0.74024728,0.59450170
1573012800,0.77617333,0.59357590
1573027200,0.74859050,0.59368965
1573041600,0.75573997,0.59377754
1573056000,0.76250787,0.59428811
1573070400,0.76355851,0.59545186
1573084800,0.75671778,0.59523230
1573099200,0.75927696,0.59497994
1573113600,0.74344668,0.59473437
1573128000,0.72763223,0.59473207
1573142400,0.71764382,0.59473204
1573156800,0.71687167,0.59486116
1573171200,0.72490799,0.59604896
1573185600,0.75525222,0.59504604
1573200000,0.76684041,0.59468371
1573214400,0.79398118,0.58896929
1573228800,0.74599685,0.58909349
1573243200,0.75879635,0.58897061
1573257600,0.76625363,0.58856865
1573272000,0.73644455,0.58890049
1573286400,0.72507267,0.58884219
1573300800,0.72058730,0.58908916
1573315200,0.73661493,0.58943751
1573329600,0.73710750,0.58932062
1573344000,0.73482364,0.58943451
1573358400,0.75292594,0.58879891
1573372800,0.73197428,0.58876618
1573387200,0.73504697,0.59081201
1573401600,0.79695043,0.58288789
1573416000,0.74657474,0.58287856
1573430400,0.74098897,0.58288617
1573444800,0.79886736,0.57699349
1573459200,0.78064345,0.57619568
1573473600,0.74887135,0.57671108
1573488000,0.76158733,0.57657216
1573502400,0.75208479,0.57650409
1573516800,0.71278344,0.57704565
1573531200,0.72975520,0.57691531
1573545600,0.72417577,0.57722865
1573560000,0.73422690,0.57695042
1573574400,0.74785768,0.57632152
1573588800,0.74583761,0.57595919
1573603200,0.76034874,0.57495985
1573617600,0.71951259,0.57498274
1573632000,0.74060154,0.57488740
1573646400,0.73268747,0.57498856
1573660800,0.73526572,0.57486786
1573675200,0.69607733,0.57486654
1573689600,0.70722507,0.57484820
1573704000,0.75272685,0.57366279
1573718400,0.73608746,0.57439472
1573732800,0.71625425,0.57773368
1573747200,0.70513724,0.57776993
1573761600,0.71071283,0.57778464
1573776000,0.75289015,0.57652633
1573790400,0.72798271,0.57798665
1573804800,0.74299100,0.57784721
1573819200,0.77598161,0.57461338
1573833600,0.70770079,0.57461804
1573848000,0.71166064,0.57459412
1573862400,0.71531474,0.57486312
1573876800,0.71691473,0.57481285
1573891200,0.65627404,0.57492681
1573905600,0.67886232,0.57487902
1573920000,0.68524589,0.58232177
1573934400,0.68379047,0.58227657
1573948800,0.66931342,0.58227925
1573963200,0.70637841,0.58192243
1573977600,0.72939386,0.58150067
1573992000,0.68261272,0.59366998
1574006400,0.71240003,0.59480909
1574020800,0.72214833,0.59444700
1574035200,0.70676757,0.59543386
1574049600,0.69878284,0.59631203
1574064000,0.68180105,0.59630968
1574078400,0.70062071,0.60577418
1574092800,0.76198885,0.60352814
1574107200,0.72764077,0.62420432
1574121600,0.73562661,0.62643440
1574136000,0.72638833,0.62730190
1574150400,0.73833518,0.62753348
1574164800,0.70624130,0.62739194
1574179200,0.67829151,0.62754429
1574193600,0.69576787,0.62757906
1574208000,0.67039548,0.62764634
1574222400,0.66672274,0.62767853
1574236800,0.69521078,0.62744340
1574251200,0.70198618,0.62723507
1574265600,0.70186357,0.62720852
1574280000,0.68046639,0.62720207
1574294400,0.69681168,0.62731659
1574308800,0.69627090,0.62732969
1574323200,0.76991892,0.61976162
1574337600,0.78675608,0.61023915
1574352000,0.72206683,0.61025986
1574366400,0.72278834,0.61028080
1574380800,0.74951143,0.61008210
1574395200,0.74291460,0.61032166
1574409600,0.82169020,0.57105224
1574424000,0.76229071,0.57108338
1574438400,0.80137119,0.57480187
1574452800,0.76827599,0.57637593
1574467200,0.73702169,0.57798374
1574481600,0.76173018,0.57782292
1574496000,0.71470109,0.57844529
1574510400,0.75877647,0.57571108
1574524800,0.71330492,0.57993709
1574539200,0.73112577,0.58244531
1574553600,0.70862450,0.58020821
1574568000,0.69314111,0.58067580
1574582400,0.68859691,0.58318234
1574596800,0.72993316,0.57423423
1574611200,0.71034287,0.57395352
1574625600,0.72287401,0.56976087
1574640000,0.74044158,0.55830365
1574654400,0.69557603,0.55839236
1574668800,0.74162615,0.54785455
1574683200,0.77100086,0.51726002
1574697600,0.73765304,0.51726749
1574712000,0.73682182,0.51565728
1574726400,0.73997412,0.51160086
1574740800,0.72298485,0.51095753
1574755200,0.69718319,0.51102949
1574769600,0.71104821,0.51031293
1574784000,0.69796821,0.51143087
1574798400,0.70480485,0.51240099
1574812800,0.70494849,0.51112789
1574827200,0.68156002,0.51167655
1574841600,0.70308873,0.51055893
1574856000,0.71678135,0.50746090
1574870400,0.73642735,0.49392000
1574884800,0.71306580,0.49380390
1574899200,0.70055737,0.49394291
1574913600,0.68943983,0.49398982
1574928000,0.68832131,0.49397863
1574942400,0.70770075,0.49045617
1574956800,0.67621868,0.49085282
1574971200,0.72109107,0.48297381
1574985600,0.70783686,0.48192945
1575000000,0.69732310,0.48173745
1575014400,0.67548925,0.48194480
1575028800,0.73856031,0.46413201
1575043200,0.72045687,0.46368083
1575057600,0.70517894,0.46518408
1575072000,0.68848474,0.46558896
1575086400,0.69186309,0.46590775
1575100800,0.70251932,0.46517584
1575115200,0.70680896,0.46294664
1575129600,0.69404118,0.46271889
1575144000,0.69233484,0.46240837
1575158400,0.73184887,0.44719391
1575172800,0.69815030,0.44718254
1575187200,0.70314827,0.44680492
1575201600,0.67990220,0.44744671
1575216000,0.69751421,0.44725791
1575230400,0.68745647,0.44692300
1575244800,0.68448467,0.44689445
1575259200,0.70028684,0.44426697
1575273600,0.65962243,0.44392337
1575288000,0.65581883,0.44417514
1575302400,0.65582601,0.44386168
1575316800,0.65411282,0.44381507
1575331200,0.66419658,0.44484213
1575345600,0.66187611,0.44409206
1575360000,0.65778558,0.44417154
1575374400,0.65705535,0.44295391
1575388800,0.65214976,0.44887923
1575403200,0.65313564,0.44870984
1575417600,0.65878124,0.44365174
1575432000,0.64860188,0.46084250
1575446400,0.64998814,0.46424910
1575460800,0.67332674,0.44587430
1575475200,0.65270171,0.44597908
1575489600,0.67783396,0.42428889
1575504000,0.65938826,0.42405211
1575518400,0.65557629,0.42192896
1575532800,0.65591190,0.42094046
1575547200,0.64973257,0.42080723
1575561600,0.66726748,0.42058628
1575576000,0.66335776,0.42059633
1575590400,0.66988218,0.42441037
1575604800,0.67610203,0.42443689
1575619200,0.67672920,0.42462757
1575633600,0.67607286,0.42489484
1575648000,0.66697627,0.42390986
1575662400,0.66167109,0.42373386
1575676800,0.65303120,0.43203854
1575691200,0.65171325,0.43228334
1575705600,0.64989829,0.43262656
1575720000,0.65452025,0.43272693
1575734400,0.68673810,0.43279154
1575748800,0.67474894,0.44385000
1575763200,0.65976858,0.44640104
1575777600,0.65396156,0.44622551
1575792000,0.65299228,0.44461146
1575806400,0.64733974,0.44833007
1575820800,0.64551860,0.46800063
1575835200,0.64790390,0.46920808
1575849600,0.64672493,0.47357537
1575864000,0.66033663,0.47315156
1575878400,0.65808760,0.47338735
1575892800,0.65809500,0.47306955
1575907200,0.65272805,0.49575181
1575921600,0.64870476,0.49680720
1575936000,0.64891361,0.49821366
1575950400,0.64610232,0.49802065
1575964800,0.64511769,0.49916880
1575979200,0.65040827,0.49685325
1575993600,0.65300002,0.49688183
1576008000,0.65408692,0.49871126
1576022400,0.65463542,0.49868732
1576036800,0.65382430,0.49964314
1576051200,0.66362485,0.50127159
1576065600,0.66027654,0.51014739
1576080000,0.65962749,0.50999372
1576094400,0.65833299,0.51301322
1576108800,0.66011602,0.51261440
1576123200,0.65760199,0.51395812
1576137600,0.66009648,0.51374667
1576152000,0.65635729,0.51443612
1576166400,0.65856150,0.51501108
1576180800,0.66016709,0.51829954
1576195200,0.66116058,0.51895060
1576209600,0.66254169,0.51893539
1576224000,0.66294685,0.51893105
1576238400,0.66330645,0.51903965
1576252800,0.66084391,0.51913576
1576267200,0.66192218,0.51965565
1576281600,0.66221114,0.52066931
1576296000,0.66714789,0.52083975
1576310400,0.66519978,0.51987658
1576324800,0.65785966,0.51615974
1576339200,0.65427996,0.51625776
1576353600,0.65376622,0.51623883
1576368000,0.65333423,0.53766585
1576382400,0.65600116,0.53635076
1576396800,0.65700367,0.53621321
1576411200,0.65519615,0.53961361
1576425600,0.65543090,0.54073311
1576440000,0.65497058,0.54105870
1576454400,0.66097239,0.54183840
1576468800,0.65996685,0.54327736
1576483200,0.66041416,0.54487457
1576497600,0.65745157,0.54498455
1576512000,0.65219533,0.53693478
1576526400,0.64768973,0.53751272
1576540800,0.64749088,0.54248923
1576555200,0.64826263,0.54261912
1576569600,0.65004727,0.54208608
1576584000,0.64757974,0.52873985
1576598400,0.64531926,0.52730902
1576612800,0.64183781,0.52734879
1576627200,0.64494245,0.52664620
1576641600,0.64533283,0.52912110
1576656000,0.64557493,0.52926756
1576670400,0.64600184,0.51860992
1576684800,0.64399963,0.51460952
1576699200,0.64088714,0.48941617
1576713600,0.60585364,0.48623760
1576728000,0.60612045,0.48593294
1576742400,0.60792096,0.48529026
1576756800,0.61219217,0.48539741
1576771200,0.62025577,0.48520331
1576785600,0.62566820,0.48508681
1576800000,0.63004878,0.49346274
1576814400,0.63621347,0.49409656
1576828800,0.63936435,0.51835265
1576843200,0.64034740,0.51870424
1576857600,0.63815670,0.51854858
1576872000,0.64232682,0.51904044
1576886400,0.63643643,0.51902720
1576900800,0.63755761,0.51888883
1576915200,0.63774332,0.51930495
1576929600,0.63922645,0.51996130
1576944000,0.63965662,0.51993745
1576958400,0.64281716,0.52003151
1576972800,0.64736914,0.52018988
1576987200,0.63918161,0.51988905
1577001600,0.64011425,0.51979474
1577016000,0.65554411,0.51970507
1577030400,0.62868022,0.51107613
1577044800,0.62828619,0.51564417
1577059200,0.62711266,0.51390670
1577073600,0.62547616,0.51220956
1577088000,0.62554814,0.51235600
1577102400,0.63223799,0.51213704
1577116800,0.62583204,0.50736685
1577131200,0.62421597,0.50436868
1577145600,0.62890937,0.50551343
1577160000,0.62606660,0.50487245
1577174400,0.62244291,0.50590470
1577188800,0.62371954,0.50466254
1577203200,0.62723006,0.50439529
1577217600,0.62798963,0.50455599
1577232000,0.62795632,0.50558218
1577246400,0.63289960,0.50552966
1577260800,0.63855780,0.50614827
1577275200,0.63941193,0.50746122
1577289600,0.63575343,0.50689748
1577304000,0.63604146,0.50723044
1577318400,0.63657157,0.51066858
1577332800,0.63671799,0.51054494
1577347200,0.64160731,0.51044468
1577361600,0.64271119,0.51014018
1577376000,0.63786529,0.50898377
1577390400,0.63250848,0.50668835
1577404800,0.63409802,0.50655729
1577419200,0.63276539,0.50606566
1577433600,0.63252975,0.50691530
1577448000,0.63085781,0.50458636
1577462400,0.63563849,0.50648229
1577476800,0.63546894,0.50646837
1577491200,0.64033725,0.50676616
1577505600,0.64546620,0.50672857
1577520000,0.65807146,0.50755792
1577534400,0.66080401,0.50788710
1577548800,0.65733828,0.51098374
1577563200,0.65694202,0.51079919
1577577600,0.65994083,0.51643969
1577592000,0.65998289,0.51710727
1577606400,0.65718294,0.51715840
1577620800,0.65465827,0.51702668
1577635200,0.64588882,0.51575653
1577649600,0.63915156,0.53360854
1577664000,0.63872445,0.53341886
1577678400,0.63859488,0.53315292
1577692800,0.63730264,0.53259496
1577707200,0.64142420,0.53198443
1577721600,0.64652181,0.53322993
1577736000,0.64991671,0.53411167
1577750400,0.65171616,0.53416089
1577764800,0.66347798,0.53566444
1577779200,0.67845418,0.53596419
1577793600,0.66404268,0.53568566
1577808000,0.66386819,0.53732266
1577822400,0.66273702,0.53722713
1577836800,0.66015938,0.53762761
1577851200,0.66030857,0.53821560
1577865600,0.66761484,0.53843021
1577880000,0.66417711,0.53818291
1577894400,0.66774121,0.53831395
1577908800,0.66623016,0.53846700
1577923200,0.65223488,0.53806634
1577937600,0.65480788,0.53802900
1577952000,0.65709535,0.53844066
1577966400,0.66308206,0.53844998
1577980800,0.63717341,0.53359828
1577995200,0.64140568,0.53357758
1578009600,0.64340475,0.53531468
1578024000,0.61223365,0.52193555
1578038400,0.60852198,0.51833030
1578052800,0.61222630,0.51830884
1578067200,0.61207599,0.51825665
1578081600,0.61348770,0.51963631
1578096000,0.62427374,0.51999876
1578110400,0.64662804,0.51999362
1578124800,0.64930588,0.52003677
1578139200,0.64929132,0.52086924
1578153600,0.64130242,0.52111512
1578168000,0.64077832,0.52111433
1578182400,0.61101200,0.51797003
1578196800,0.61488993,0.51795436
1578211200,0.61201119,0.51875862
1578225600,0.61068579,0.51840670
1578240000,0.61237271,0.51836417
1578254400,0.61399971,0.51683720
1578268800,0.59603393,0.51016907
1578283200,0.59865533,0.51011633
1578297600,0.60184574,0.51275864
1578312000,0.60241925,0.51311801
1578326400,0.60448104,0.51713864
1578340800,0.60244510,0.50778747
1578355200,0.60090343,0.50413319
1578369600,0.60475287,0.50411299
1578384000,0.60448759,0.50466153
1578398400,0.59650764,0.50225577
1578412800,0.58105362,0.48406802
1578427200,0.58357154,0.48298385
1578441600,0.57937434,0.47871397
1578456000,0.58455683,0.47876876
1578470400,0.58262314,0.47853807
1578484800,0.59714287,0.47850941
1578499200,0.57114449,0.45432391
1578513600,0.57380322,0.45317264
1578528000,0.57255138,0.45261856
1578542400,0.57633762,0.45296137
1578556800,0.57236379,0.45195161
1578571200,0.58982946,0.45174003
1578585600,0.59654055,0.45181678
1578600000,0.59275080,0.44996655
1578614400,0.59770326,0.45308122
1578628800,0.59368629,0.45283383
1578643200,0.58936256,0.45106593
1578657600,0.57800231,0.44027363
1578672000,0.58674260,0.44034106
1578686400,0.57830173,0.43771124
1578700800,0.58062871,0.43819228
1578715200,0.58008949,0.43813979
1578729600,0.59790296,0.44137373
1578744000,0.59603209,0.44092917
1578758400,0.60300027,0.44026429
1578772800,0.59380542,0.43637005
1578787200,0.59538875,0.43695260
1578801600,0.59868808,0.43694172
1578816000,0.61323845,0.43754164
1578830400,0.61291245,0.45471974
1578844800,0.62710734,0.45548376
1578859200,0.62783944,0.45495419
1578873600,0.60860704,0.45394223
1578888000,0.60826096,0.45530649
1578902400,0.60880542,0.45538699
1578916800,0.61059537,0.45546316
1578931200,0.61169835,0.45530887
1578945600,0.61876072,0.45534360
1578960000,0.58725316,0.43024912
1578974400,0.59181573,0.43015574
1578988800,0.59170813,0.43460791
1579003200,0.59089937,0.43156029
1579017600,0.59010344,0.43014372
1579032000,0.59760027,0.42979405
1579046400,0.59645396,0.42846411
1579060800,0.59506276,0.42913873
1579075200,0.59551611,0.42942208
1579089600,0.59809410,0.42928262
1579104000,0.59877416,0.43026940
1579118400,0.59915227,0.42952200
1579132800,0.59351286,0.42380235
1579147200,0.59448659,0.42388083
1579161600,0.59423149,0.42347526
1579176000,0.59437654,0.43212979
1579190400,0.59536288,0.43325564
1579204800,0.60546779,0.43321510
1579219200,0.60338982,0.43393609
1579233600,0.59481216,0.42978612
1579248000,0.59454456,0.42980746
1579262400,0.59405112,0.42992332
1579276800,0.60885928,0.43177832
1579291200,0.60932519,0.43587178
1579305600,0.61697265,0.43759775
1579320000,0.61723347,0.43707188
1579334400,0.61923101,0.44003576
1579348800,0.61942609,0.44006642
1579363200,0.62157614,0.44019724
1579377600,0.62380791,0.44027859
1579392000,0.60726446,0.43092925
1579406400,0.60635682,0.43084380
1579420800,0.58500865,0.40250778
1579435200,0.58492728,0.40418662
1579449600,0.58737793,0.41106516
1579464000,0.58843918,0.41255608
1579478400,0.58854635,0.41230435
1579492800,0.60193016,0.41344808
1579507200,0.60143395,0.41568309
1579521600,0.59914217,0.41556841
1579536000,0.60051216,0.41560753
1579550400,0.60287895,0.45767438
1579564800,0.60239042,0.45758901
1579579200,0.60320034,0.45744690
1579593600,0.60261539,0.45756886
1579608000,0.60193019,0.45755921
1579622400,0.59834214,0.45526280
1579636800,0.59220837,0.44816631
1579651200,0.59046144,0.44964378
1579665600,0.59051033,0.44967006
1579680000,0.59084745,0.44875650
1579694400,0.58975699,0.44884746
1579708800,0.60054791,0.44906341
1579723200,0.60094800,0.44903409
1579737600,0.61897499,0.44776986
1579752000,0.61979117,0.44840956
1579766400,0.61174471,0.44406601
1579780800,0.61026599,0.44313742
1579795200,0.60898319,0.44328886
1579809600,0.61026482,0.44304231
1579824000,0.60952240,0.44423143
1579838400,0.61227188,0.44536241
1579852800,0.61237880,0.44472406
1579867200,0.60960582,0.44317157
1579881600,0.60780638,0.44321541
1579896000,0.60987755,0.44304929
1579910400,0.60505145,0.44345323
1579924800,0.60385070,0.44341119
1579939200,0.60525736,0.44410898
1579953600,0.61340415,0.44582873
1579968000,0.61400044,0.44716317
1579982400,0.62241750,0.44757172
1579996800,0.62318961,0.44824123
1580011200,0.62226587,0.44874852
1580025600,0.61692348,0.44881713
1580040000,0.61569214,0.45671942
1580054400,0.61340492,0.45468867
1580068800,0.61211716,0.45452597
1580083200,0.61642877,0.45736834
1580097600,0.61752977,0.45744674
1580112000,0.61710072,0.45653582
1580126400,0.61866183,0.46018905
1580140800,0.61346219,0.46089949
1580155200,0.61203831,0.46117961
1580169600,0.60627512,0.45534639
1580184000,0.60621177,0.45573611
1580198400,0.60558454,0.45546621
1580212800,0.60716152,0.45519018
1580227200,0.61000771,0.45590491
1580241600,0.59372817,0.43455765
1580256000,0.59180123,0.43443039
1580270400,0.59132396,0.43675543
1580284800,0.59203444,0.43993775
1580299200,0.59117439,0.44306847
1580313600,0.59676535,0.44526128
1580328000,0.59636247,0.44698359
1580342400,0.59933266,0.44697991
1580356800,0.59515130,0.44533228
1580371200,0.59721193,0.44537257
1580385600,0.59793294,0.44549880
1580400000,0.59513115,0.44342204
1580414400,0.59996327,0.44693069
1580428800,0.59675380,0.44786847
1580443200,0.59639377,0.44831764
1580457600,0.59850659,0.45004089
1580472000,0.60405721,0.45141744
1580486400,0.60241148,0.45136483
1580500800,0.60205423,0.45099010
1580515200,0.60050521,0.45091176
1580529600,0.60463166,0.45097694
1580544000,0.60031112,0.45289461
1580558400,0.61680732,0.45393337
1580572800,0.61576520,0.45434249
1580587200,0.61750390,0.45439485
1580601600,0.61038650,0.45255314
1580616000,0.60876142,0.45303709
1580630400,0.61045009,0.45424659
1580644800,0.61358135,0.45620843
1580659200,0.61389226,0.45636976
1580673600,0.61082553,0.45506346
1580688000,0.61269253,0.45478362
1580702400,0.61564607,0.45488609
1580716800,0.61739763,0.45646010
1580731200,0.61278704,0.45547493
1580745600,0.61514339,0.45532583
1580760000,0.61818822,0.45532228
1580774400,0.61943933,0.45762688
1580788800,0.62024496,0.45773626
1580803200,0.61383361,0.46330245
1580817600,0.61709096,0.46323229
1580832000,0.61805695,0.46372723
1580846400,0.61991578,0.46503810
1580860800,0.61729503,0.46481818
1580875200,0.61930415,0.46524168
1580889600,0.60974346,0.46213987
1580904000,0.61094505,0.46413613
1580918400,0.60536372,0.46074644
1580932800,0.60918709,0.46075122
1580947200,0.61052576,0.46088329
1580961600,0.61372150,0.46088354
1580976000,0.60914450,0.46024200
1580990400,0.61060356,0.45914497
1581004800,0.61224643,0.46714941
1581019200,0.61329083,0.46706400
1581033600,0.60540740,0.47053764
1581048000,0.60440265,0.47048374
1581062400,0.61036061,0.47047860
1581076800,0.61301147,0.49084026
1581091200,0.60691039,0.49311076
1581105600,0.60427953,0.50449837
1581120000,0.59918074,0.50346766
1581134400,0.60083094,0.50831575
1581148800,0.60081267,0.50999255
1581163200,0.60396843,0.51022191
1581177600,0.60261819,0.51132711
1581192000,0.60326953,0.51265055
1581206400,0.59649846,0.51002928
1581220800,0.59819585,0.50930804
1581235200,0.60696542,0.51435065
1581249600,0.61000808,0.53105909
1581264000,0.60711924,0.53901164
1581278400,0.60337670,0.53953135
1581292800,0.60381007,0.53911502
1581307200,0.60112994,0.53854274
1581321600,0.59563182,0.53593810
1581336000,0.59897622,0.53601716
1581350400,0.60209197,0.53647295
1581364800,0.60772497,0.53838237
1581379200,0.59600185,0.55056140
1581393600,0.60623884,0.56462440
1581408000,0.59869954,0.89466158
1581422400,0.58157547,0.88678528
1581436800,0.58630815,0.88797030
1581451200,0.59060876,1.19883607
1581465600,0.58934576,1.22491692
1581480000,0.58507178,1.23504163
1581494400,0.59323588,1.23503706
1581508800,0.59382269,1.24202338
1581523200,0.59954012,1.24777521
1581537600,0.59662234,1.25314223
1581552000,0.59462829,1.25299659
1581566400,0.59456547,1.25413841
1581580800,0.58561676,1.25265943
1581595200,0.58726090,1.25603456
1581609600,0.59583924,1.25708974
1581624000,0.59256114,1.26425732
1581638400,0.59345890,1.26423125
1581652800,0.58814468,1.26476968
1581667200,0.58693062,1.26810091
1581681600,0.59770366,1.26989688
1581696000,0.58825377,1.26958998
1581710400,0.59751450,1.27004725
1581724800,0.58979050,1.27123554
1581739200,0.60029189,1.31399428
1581753600,0.59667778,1.32425174
1581768000,0.57662077,1.38676905
1581782400,0.57790808,1.39413876
1581796800,0.58337908,1.39517876
1581811200,0.57789422,1.40882697
1581825600,0.57964056,1.40895373
1581840000,0.58331402,1.41009410
1581854400,0.58246812,1.41108678
1581868800,0.57851062,1.41056105
1581883200,0.57386330,1.40970448
1581897600,0.57590579,1.41005732
1581912000,0.57763172,1.41925937
1581926400,0.57311672,1.41830348
1581940800,0.57689198,1.42387274
1581955200,0.57844836,1.42384109
1581969600,0.58110341,1.42446725
1581984000,0.58222764,1.42600528
1581998400,0.58308957,1.42805836
1582012800,0.58098321,1.43396614
1582027200,0.57740346,1.44284005
1582041600,0.57051036,1.45242270
1582056000,0.57058940,1.45203739
1582070400,0.57562550,1.45204704
1582084800,0.57515499,1.45454044
1582099200,0.57309997,1.46518710
1582113600,0.57584170,1.46529430
1582128000,0.58069738,1.48184416
1582142400,0.55271839,1.46938090
1582156800,0.55928352,1.46967085
1582171200,0.55899252,1.47083479
1582185600,0.55908040,1.47098099
1582200000,0.56391698,1.47204036
1582214400,0.57337976,1.47202407
1582228800,0.57090067,1.47202754
1582243200,0.56665152,1.47443566
1582257600,0.56971533,1.47478449
1582272000,0.57035709,1.47696995
1582286400,0.56973383,1.47754719
1582300800,0.56873220,1.48047464
1582315200,0.57787361,1.48134232
1582329600,0.57546499,1.48333067
1582344000,0.57019684,1.48428146
1582358400,0.57268190,1.48426939
1582372800,0.57788558,1.50146422
1582387200,0.57389082,1.50165484
1582401600,0.57639279,1.50553881
1582416000,0.56877660,1.50498298
1582430400,0.56877420,1.50485395
1582444800,0.56951245,1.50730994
1582459200,0.60019806,1.50916399
1582473600,0.58482214,1.51015574
1582488000,0.58411734,1.51027315
1582502400,0.57575064,1.51221282
1582516800,0.57821063,1.51351350
1582531200,0.57590110,1.51577147
1582545600,0.57348124,1.51619743
1582560000,0.57349710,1.51577000
1582574400,0.57470664,1.51598783
1582588800,0.57351038,1.51597437
1582603200,0.57324345,1.51759521
1582617600,0.57161795,1.51714625
1582632000,0.56407347,1.51477046
1582646400,0.56566879,1.51482432
1582660800,0.56613420,1.51535990
1582675200,0.56267792,1.51458521
1582689600,0.56453933,1.51519141
1582704000,0.56701345,1.51581923
1582718400,0.56156622,1.51460352
1582732800,0.55989120,1.51332068
1582747200,0.56194667,1.52136183
1582761600,0.56166600,1.52709215
1582776000,0.56066015,1.52712150
1582790400,0.56376011,1.52740248
1582804800,0.56418799,1.52738442
1582819200,0.56478730,1.52715598
1582833600,0.56336272,1.52678538
1582848000,0.56562750,1.52685628
1582862400,0.56271680,1.52650155
1582876800,0.56069876,1.52544370
1582891200,0.55932604,1.52452729
1582905600,0.55785716,1.52872766
1582920000,0.55696020,1.52801297
1582934400,0.55944716,1.52975317
1582948800,0.56253918,1.53567970
1582963200,0.56261177,1.53681974
1582977600,0.56345366,1.53670718
1582992000,0.56819219,1.53675061
1583006400,0.56219321,1.53580347
1583020800,0.56143025,1.53553501
1583035200,0.56261196,1.53517793
1583049600,0.56328841,1.53482445
1583064000,0.56274256,1.53471922
1583078400,0.56484153,1.53470546
1583092800,0.56762353,1.53495832
1583107200,0.56446718,1.53485947
1583121600,0.56654544,1.53497576
1583136000,0.56334951,1.53431770
1583150400,0.56361057,1.53440827
1583164800,0.56357721,1.53430235
1583179200,0.56557621,1.55240165
1583193600,0.51398720,1.55244301
1583208000,0.51616851,1.55195220
1583222400,0.51603923,1.55157729
1583236800,0.51327835,1.55210871
1583251200,0.51508411,1.55204743
1583265600,0.51114137,1.55197829
1583280000,0.51654746,1.55193901
1583294400,0.52286011,1.55386131
1583308800,0.52251852,1.55375416
1583323200,0.53098996,1.56074383
1583337600,0.52449754,1.56093412
1583352000,0.52773167,1.56099851
1583366400,0.51153078,1.56043900
1583380800,0.52426081,1.56049693
1583395200,0.51344329,1.55858587
1583409600,0.52124301,1.55867020
1583424000,0.50554581,1.55851690
1583438400,0.50546561,1.55919374
1583452800,0.51113066,1.55953212
1583467200,0.52387423,1.55937737
1583481600,0.52529293,1.55933833
1583496000,0.51436108,1.55858570
1583510400,0.51639573,1.55824398
1583524800,0.51575906,1.55818740
1583539200,0.51503935,1.55857855
1583553600,0.52287928,1.56142487
1583568000,0.53595065,1.56177062
1583582400,0.54891359,1.56190139
1583596800,0.51711393,1.56054208
1583611200,0.52725937,1.56088410
1583625600,0.50817305,1.55984375
1583640000,0.52196470,1.56005278
1583654400,0.52012247,1.56005566
1583668800,0.53069618,1.55409692
1583683200,0.52259502,1.55339699
1583697600,0.52694689,1.55020961
1583712000,0.52628978,1.55174629
1583726400,0.51605846,1.55012348
1583740800,0.52483154,1.54953566
1583755200,0.52615827,1.54946609
1583769600,0.53241459,1.54912086
1583784000,0.52785383,1.54884265
1583798400,0.54402058,1.54918287
1583812800,0.56286708,1.54930327
1583827200,0.53121179,1.54910643
1583841600,0.53871154,1.54412650
1583856000,0.53629902,1.54136434
1583870400,0.53109410,1.54094732
1583884800,0.52936453,1.54181010
1583899200,0.52232515,1.54666601
1583913600,0.51389575,1.54663074
1583928000,0.51201841,1.54789147
1583942400,0.51176430,1.54919689
1583956800,0.50895758,1.54866397
1583971200,0.50303366,1.54410875
1583985600,0.50406125,1.53909170
1584000000,0.46825647,1.37354796
1584014400,0.47969942,1.37315581
1584028800,0.47844994,1.37219202
1584043200,0.45622591,1.11155604
1584057600,0.45985907,1.08325436
1584072000,0.46088547,1.07108699
1584086400,0.47247933,1.07111446
1584100800,0.46150596,1.06625022
1584115200,0.46049268,1.06053632
1584129600,0.46010062,1.05928697
1584144000,0.47455178,1.06547052
1584158400,0.46285481,1.06405176
1584172800,0.46776237,1.06480178
1584187200,0.46033757,1.06035513
1584201600,0.46238353,1.05911323
1584216000,0.45903702,1.05098594
1584230400,0.47364535,1.05123708
1584244800,0.46211205,1.05008117
1584259200,0.45993408,1.04505851
1584273600,0.46153339,1.04361642
1584288000,0.46923993,1.04360636
1584302400,0.46408045,1.04336527
1584316800,0.46920732,1.04184084
1584331200,0.46183148,0.98747041
1584345600,0.46423503,0.97453561
1584360000,0.47183875,0.88008905
1584374400,0.47742717,0.86791941
1584388800,0.48223170,0.86810093
1584403200,0.47551509,0.84526803
1584417600,0.48443441,0.85365733
1584432000,0.48038952,0.85430607
1584446400,0.48061916,0.85248443
1584460800,0.48626323,0.85246010
1584475200,0.48126804,0.85179293
1584489600,0.48006511,0.85036064
1584504000,0.47559405,0.83487663
1584518400,0.48969095,0.83496149
1584532800,0.47697604,0.82550362
1584547200,0.48937712,0.82563530
1584561600,0.48124223,0.82477727
1584576000,0.47924672,0.82256755
1584590400,0.47864481,0.81863305
1584604800,0.47604570,0.80768180
1584619200,0.47475112,0.79354313
1584633600,0.47794313,0.77236542
1584648000,0.47821795,0.77215186
1584662400,0.47739313,0.77217364
1584676800,0.48706535,0.76797420
1584691200,0.48063276,0.74591763
1584705600,0.47525362,0.74592758
1584720000,0.47661402,0.71268139
1584734400,0.47383973,0.71264399
1584748800,0.48370289,0.71224583
1584763200,0.48436384,0.70981925
1584777600,0.48423370,0.71742583
1584792000,0.46875090,0.71706443
1584806400,0.45933826,0.73279583
1584820800,0.46807350,0.73323476
1584835200,0.47852583,0.72755811
1584849600,0.47788256,0.72687096
1584864000,0.48320488,0.72367774
1584878400,0.48422040,0.72265998
1584892800,0.48958110,0.71674101
1584907200,0.48685879,0.71504757
1584921600,0.49066362,0.71096527
1584936000,0.48973508,0.70961548
1584950400,0.48594383,0.70951563
1584964800,0.48477908,0.67673192
1584979200,0.48691703,0.67631104
1584993600,0.49372230,0.66789049
1585008000,0.49283805,0.66746383
1585022400,0.49692177,0.66748439
1585036800,0.48817584,0.66265150
1585051200,0.49074582,0.68421628
1585065600,0.48726752,0.68199124
1585080000,0.48753978,0.68153211
1585094400,0.49397668,0.67443585
1585108800,0.49243258,0.67185321
1585123200,0.49358304,0.66719691
1585137600,0.49405580,0.66504985
1585152000,0.48294709,0.66510026
1585166400,0.49178351,0.66433897
1585180800,0.48982550,0.66385303
1585195200,0.49042601,0.66004640
1585209600,0.48119761,0.66006987
1585224000,0.48063494,0.66005273
1585238400,0.48675411,0.65978246
1585252800,0.49205369,0.65841528
1585267200,0.48119643,0.65796081
1585281600,0.48857207,0.65656164
1585296000,0.49269473,0.65720642
1585310400,0.48082676,0.65925189
1585324800,0.48858166,0.66058126
1585339200,0.50036181,0.64197048
1585353600,0.47830281,0.62803411
1585368000,0.47331590,0.62726786
1585382400,0.47841518,0.62662337
1585396800,0.47166270,0.62676002
1585411200,0.44298877,0.62684669
1585425600,0.41119688,0.62755295
1585440000,0.40564478,0.62815293
1585454400,0.41480592,0.62736359
1585468800,0.40232803,0.62741032
1585483200,0.40125397,0.62741052
1585497600,0.47497021,0.61438504
1585512000,0.46111682,0.61430688
1585526400,0.48151149,0.61076374
1585540800,0.48887251,0.59838925
1585555200,0.48915268,0.60024573
1585569600,0.45963011,0.60819650
1585584000,0.47137740,0.62543183
1585598400,0.47163446,0.62574130
1585612800,0.44291374,0.65596246
1585627200,0.38636376,0.65735182
1585641600,0.42367830,0.66937763
1585656000,0.43423998,0.66916314
1585670400,0.42062380,0.66954350
1585684800,0.43602836,0.67450992
1585699200,0.44034006,0.67438200
1585713600,0.43841107,0.67504412
1585728000,0.43424565,0.68049717
1585742400,0.45081478,0.68719212
1585756800,0.43708360,0.68707705
1585771200,0.48395125,0.64610201
1585785600,0.47789303,0.64581297
1585800000,0.48918252,0.64561632
1585814400,0.49600581,0.64543972
1585828800,0.51086778,0.64389767
1585843200,0.41889862,0.64434613
1585857600,0.42876397,0.64539476
1585872000,0.42993448,0.64839222
1585886400,0.47354804,0.64595655
1585900800,0.46122163,0.64535606
1585915200,0.48978334,0.63452408
1585929600,0.48289284,0.63427539
1585944000,0.48304545,0.63413089
1585958400,0.48419811,0.63706188
1585972800,0.48509121,0.63762726
1585987200,0.42926615,0.63743576
1586001600,0.42425943,0.64076583
1586016000,0.41694022,0.64073307
1586030400,0.46122883,0.63832017
1586044800,0.46142569,0.63748854
1586059200,0.44859081,0.64044695
1586073600,0.28438190,0.64361443
1586088000,0.28974247,0.64361441
1586102400,0.26389783,0.64409242
1586116800,0.23787985,0.64553376
1586131200,0.30038326,0.64463747
1586145600,0.35512489,0.63793683
1586160000,0.34890680,0.64663923
1586174400,0.34804518,0.64646549
1586188800,0.36986859,0.64390641
1586203200,0.36327905,0.64401895
1586217600,0.31025956,0.64629187
1586232000,0.33478456,0.64580697
1586246400,0.30591389,0.64590431
1586260800,0.32053642,0.65089567
1586275200,0.29976902,0.66207452
1586289600,0.33386602,0.66235625
1586304000,0.35967698,0.65881646
1586318400,0.34093357,0.66000986
1586332800,0.33895479,0.66060116
1586347200,0.33410376,0.66073337
1586361600,0.33800758,0.66061395
1586376000,0.30463271,0.66204430
1586390400,0.32666948,0.66150049
1586404800,0.32320774,0.66792649
1586419200,0.36819003,0.66458559
1586433600,0.37123831,0.66334197
1586448000,0.34347215,0.66358171
1586462400,0.34654892,0.66746779
1586476800,0.38205340,0.75182356
1586491200,0.38802872,0.74486869
1586505600,0.36275619,0.74547505
1586520000,0.39703421,0.74340456
1586534400,0.40328222,0.74260356
1586548800,0.38800205,0.74799044
1586563200,0.36372068,0.74775710
1586577600,0.36120027,0.74771725
1586592000,0.31883834,0.75451360
1586606400,0.31806284,0.75432397
1586620800,0.31257186,0.75585999
1586635200,0.33853257,0.75879448
1586649600,0.34916710,0.76056351
1586664000,0.33592360,0.76083515
1586678400,0.33618492,0.76288547
1586692800,0.42704274,0.75883554
1586707200,0.42341515,0.75812352
1586721600,0.43526336,0.75102687
1586736000,0.48531660,0.74317393
1586750400,0.47329496,0.74325395
1586764800,0.51222521,0.74470686
1586779200,0.48565557,0.74566866
1586793600,0.77204538,0.74568805
1586808000,0.71447778,0.74725433
1586822400,0.71875358,0.74713042
1586836800,0.71425502,0.74861727
1586851200,0.66722950,0.75124796
1586865600,0.75296147,0.75059791
1586880000,0.69079984,0.75127092
1586894400,0.73135358,0.75231858
1586908800,0.70850692,0.76070666
1586923200,0.72406870,0.76367847
1586937600,0.74423214,0.76312736
1586952000,0.77459487,0.76311258
1586966400,0.73998950,0.76456033
1586980800,0.81225168,0.76250334
1586995200,0.77750669,0.76303281
1587009600,0.88263056,0.75327881
1587024000,0.88629066,0.75033243
1587038400,0.84650507,0.75030791
1587052800,0.85557140,0.75048854
1587067200,0.86919204,0.75058666
1587081600,0.75539448,0.75299798
1587096000,0.67220208,0.75274996
1587110400,0.66347506,0.75267032
1587124800,0.67893136,0.75997156
1587139200,0.68381053,0.75998827
1587153600,0.71244107,0.76044872
1587168000,0.74177193,0.76273347
1587182400,0.66833373,0.76326605
1587196800,0.69421711,0.76493165
1587211200,0.84194360,0.76196988
1587225600,0.79937856,0.76191709
1587240000,0.80078277,0.76181039
1587254400,0.78627714,0.76505098
1587268800,0.85320253,0.76402046
1587283200,0.72659066,0.76664248
1587297600,0.78956422,0.76633762
1587312000,0.77889132,0.76629985
1587326400,0.74973853,0.76773468
1587340800,0.74800468,0.76766180
1587355200,0.73566050,0.76768702
1587369600,0.90417548,0.76027390
1587384000,0.90671548,0.76679992
1587398400,0.95002090,0.75296578
1587412800,0.93001135,0.75240212
1587427200,0.92279733,0.75236194
1587441600,0.89801834,0.75234557
1587456000,0.94709449,0.75147186
1587470400,0.76273417,0.75980518
1587484800,0.75820049,0.75961790
1587499200,0.74868309,0.75952392
1587513600,0.79411208,0.75998915
1587528000,0.82375592,0.75964991
1587542400,0.77269597,0.76035380
1587556800,0.91779191,0.75674632
1587571200,0.86548338,0.75681020
1587585600,0.88507623,0.75656563
1587600000,0.83651065,0.75786913
1587614400,0.89030071,0.75750061
1587628800,0.83025778,0.75726968
1587643200,1.02853202,0.73398404
1587657600,0.88906041,0.73399921
1587672000,0.96360711,0.73387919
1587686400,0.97212668,0.73376710
1587700800,0.98985674,0.73378049
1587715200,0.80274420,0.73486281
1587729600,0.75134083,0.73515406
1587744000,0.76590206,0.73530589
1587758400,0.76603466,0.74459017
1587772800,0.73714602,0.74503468
1587787200,0.72377869,0.74541090
1587801600,0.71920630,0.74671059
1587816000,0.67660753,0.74682345
1587830400,0.69866213,0.74902525
1587844800,0.67735858,0.74911197
1587859200,0.68641417,0.74900703
1587873600,0.67398541,0.74919249
1587888000,0.85639074,0.74806617
1587902400,0.89674320,0.74834817
1587916800,0.91432682,0.74747514
1587931200,0.89652946,0.74738007
1587945600,0.88831278,0.74725128
1587960000,0.86092758,0.74714637
1587974400,0.80355508,0.75641728
1587988800,0.77014395,0.75623114
1588003200,0.73851483,0.75616588
1588017600,0.80963668,0.75563568
1588032000,0.83690369,0.75501173
1588046400,0.76065760,0.75506702
1588060800,0.80340790,0.75624001
1588075200,0.78274941,0.76130110
1588089600,0.73243029,0.76153182
1588104000,0.70275518,0.76278236
1588118400,0.80409212,0.76236242
1588132800,0.89551271,0.76014543
1588147200,0.95522898,0.75741906
1588161600,0.99848347,0.75102847
1588176000,1.04308292,0.73662830
1588190400,0.99409435,0.73623513
1588204800,1.07866724,0.70905749
1588219200,1.03418767,0.70971618
1588233600,1.09443645,0.69794682
1588248000,1.02159241,0.69752535
1588262400,1.02840995,0.69712126
1588276800,1.00055436,0.69410830
1588291200,0.95390522,0.69511620
1588305600,0.90487534,0.69417287
1588320000,0.96887003,0.68860356
1588334400,1.00450922,0.68222685
1588348800,0.85925610,0.68234071
1588363200,0.96156591,0.68171931
1588377600,0.89607442,0.68275391
1588392000,0.89321622,0.68265512
1588406400,0.76373734,0.68281628
1588420800,0.83157884,0.68181541
1588435200,0.80151327,0.68144682
1588449600,0.84491897,0.71350310
1588464000,0.90964213,0.71136598
1588478400,0.92903639,0.70935774
1588492800,0.89275997,0.70908775
1588507200,0.97704918,0.73988600
1588521600,0.93333659,0.73969698
1588536000,0.88618211,0.73966900
1588550400,0.95316356,0.73698682
1588564800,0.93786743,0.73632286
1588579200,0.84012044,0.73713381
1588593600,0.93350316,0.73426044
1588608000,0.86413577,0.73429583
1588622400,0.85962194,0.73477373
1588636800,0.82574610,0.73474090
1588651200,0.92767022,0.73214585
1588665600,0.92018523,0.72941591
1588680000,0.83185261,0.73303908
1588694400,0.90272760,0.73261297
1588708800,0.93552756,0.73131487
1588723200,0.87719359,0.73110945
1588737600,0.82213715,0.73093821
1588752000,0.97862247,0.72308873
1588766400,0.92124483,0.72297633
1588780800,0.90705149,0.72290157
1588795200,0.95059553,0.72301404
1588809600,0.97671957,0.72097848
1588824000,0.81087963,0.72101806
1588838400,0.83341466,0.72156021
1588852800,0.95670641,0.71650372
1588867200,1.01328450,0.70606650
1588881600,0.98637708,0.70460629
1588896000,0.96265787,0.70441062
1588910400,1.00020004,0.70323594
1588924800,0.96832417,0.70316690
1588939200,0.84619375,0.70358771
1588953600,0.77837691,0.71080861
1588968000,0.89461142,0.70911409
1588982400,0.85301979,0.70884305
1588996800,0.96849504,0.70252926
1589011200,0.91647579,0.70245106
1589025600,0.93863061,0.70231840
1589040000,0.92314458,0.70206589
1589054400,0.98713489,0.69899226
1589068800,1.13543717,0.60597684
1589083200,1.11158776,0.60156651
1589097600,1.10115658,0.60084721
1589112000,1.11527746,0.59983125
1589126400,1.13768448,0.59701973
1589140800,0.96560779,0.59009797
1589155200,0.89158418,0.58998767
1589169600,0.88997621,0.58986275
1589184000,0.98848685,0.58116171
1589198400,0.92668462,0.58103881
1589212800,0.93224931,0.57978858
1589227200,0.97335974,0.57480551
1589241600,0.98488778,0.57139128
1589256000,0.91230888,0.57182629
1589270400,0.95648946,0.56899132
1589284800,0.93003948,0.57640313
1589299200,0.90244089,0.58227529
1589313600,0.83277251,0.58219762
1589328000,0.88009932,0.58197129
1589342400,0.81145944,0.58233164
1589356800,0.89524602,0.57935358
1589371200,0.88822951,0.57878504
1589385600,0.84641270,0.57875614
1589400000,0.91974743,0.57601425
1589414400,0.89289969,0.57600504
1589428800,0.91645022,0.57319606
1589443200,0.93847697,0.56992191
1589457600,0.91848299,0.56951116
1589472000,0.91074126,0.56867744
1589486400,0.93649190,0.56739913
1589500800,1.00161218,0.55601433
1589515200,0.99345063,0.55153828
1589529600,0.97386347,0.55078961
1589544000,0.98975531,0.54924199
1589558400,0.99646060,0.54710194
1589572800,0.88264180,0.54741270
1589587200,0.87754019,0.55017440
1589601600,0.82145515,0.55046187
1589616000,0.80807873,0.55040357
1589630400,0.74928969,0.55483276
1589644800,0.77741040,0.55615588
1589659200,0.73792503,0.55585144
1589673600,0.88857683,0.55487613
1589688000,0.81399023,0.55531331
1589702400,0.83882509,0.55527686
1589716800,0.97784879,0.54542522
1589731200,0.93488882,0.54559932
1589745600,0.94273593,0.54457398
1589760000,0.97839383,0.54109049
1589774400,0.96238716,0.54069696
1589788800,0.92914575,0.53844564
1589803200,0.89261446,0.53911491
1589817600,0.88791588,0.54020824
1589832000,0.84013063,0.54342222
1589846400,0.92875555,0.53893825
1589860800,0.86451099,0.53880785
1589875200,0.93839787,0.53501614
1589889600,0.91760698,0.53482415
1589904000,0.91233989,0.53460569
1589918400,0.91540414,0.53253656
1589932800,0.89207407,0.53387094
1589947200,0.83780953,0.53379409
1589961600,0.83230330,0.53464206
1589976000,0.98006258,0.52275978
1589990400,0.95714581,0.52179656
1590004800,0.91837626,0.52173377
1590019200,0.93018445,0.52168092
1590033600,0.92832855,0.52167984
1590048000,0.83599676,0.52122267
1590062400,0.97105249,0.50926266
1590076800,0.91301487,0.50929389
1590091200,0.88457624,0.50992818
1590105600,0.95169456,0.50915726
1590120000,0.95765064,0.50817336
1590134400,0.85153279,0.50708510
1590148800,0.84860996,0.50670023
1590163200,0.84868553,0.50652343
1590177600,0.80261951,0.50687057
1590192000,0.87636264,0.50593013
1590206400,0.82732948,0.50596426
1590220800,0.86231748,0.50519408
1590235200,0.82882725,0.50527296
1590249600,0.81942866,0.50586735
1590264000,0.74226531,0.50784155
1590278400,0.76486601,0.50791206
1590292800,0.75883216,0.50741293
1590307200,0.87566773,0.50472009
1590321600,0.86339172,0.50467638
1590336000,0.86566230,0.50465468
1590350400,0.99653990,0.49082173
1590364800,0.96490022,0.49021984
1590379200,0.96494471,0.49187127
1590393600,0.99006666,0.49435195
1590408000,0.96244725,0.49507199
1590422400,0.93243816,0.49213539
1590436800,0.89368936,0.49201151
1590451200,0.85482541,0.49768831
1590465600,0.87615163,0.49812774
1590480000,0.90149683,0.49807732
1590494400,0.90649374,0.49500465
1590508800,0.90100537,0.49453637
1590523200,0.89761410,0.49434200
1590537600,0.86979753,0.49432135
1590552000,0.85683947,0.49586824
1590566400,0.98856261,0.48185311
1590580800,0.89589830,0.48201407
1590595200,0.91911232,0.48204137
1590609600,0.95412304,0.48177219
1590624000,0.94516967,0.48167917
1590638400,0.73675206,0.48164547
1590652800,0.85938350,0.47972719
1590667200,0.95992863,0.47171243
1590681600,0.93014979,0.47710711
1590696000,0.96423556,0.47561537
1590710400,0.94945207,0.47536831
1590724800,0.88716688,0.47570842
1590739200,0.90480089,0.47371436
1590753600,0.84703799,0.47561282
1590768000,0.80028924,0.47590935
1590782400,0.81286708,0.47587215
1590796800,0.83007961,0.47576785
1590811200,0.87891805,0.47285940
1590825600,0.84765573,0.47275350
1590840000,0.84207460,0.47287568
1590854400,0.81800629,0.47301634
1590868800,0.93166596,0.46970464
1590883200,0.91265368,0.46792236
1590897600,0.86755353,0.46794979
1590912000,0.88408569,0.46787701
1590926400,0.93601377,0.46612409
1590940800,0.87094708,0.46608792
1590955200,0.85814675,0.46554698
1590969600,0.89769473,0.46400853
1590984000,0.86083905,0.46396419
1590998400,0.86288620,0.46354594
1591012800,0.85160255,0.46502108
1591027200,0.83592519,0.46503405
1591041600,1.05534981,0.41250182
1591056000,1.02359154,0.41145377
1591070400,1.00624154,0.41146780
1591084800,0.98327613,0.41149191
1591099200,1.10186935,0.34622492
1591113600,0.97462766,0.34595994
1591128000,0.95905878,0.34611402
1591142400,0.99183429,0.34591932
1591156800,0.97728969,0.34590589
1591171200,0.82954399,0.34404697
1591185600,0.81935952,0.34358775
1591200000,0.80832511,0.34351797
1591214400,0.86051089,0.34222454
1591228800,0.79221707,0.34231296
1591243200,0.79525107,0.34225291
1591257600,0.79327523,0.34218072
1591272000,0.93387566,0.33434569
1591286400,0.84604367,0.33509767
1591300800,0.87668098,0.33500547
1591315200,0.83729909,0.33503248
1591329600,0.87449705,0.33570445
1591344000,0.81929069,0.33460643
1591358400,0.79131951,0.33452504
1591372800,0.77426694,0.33450440
1591387200,0.87532586,0.33288195
1591401600,0.82015612,0.33288366
1591416000,0.82108286,0.33542081
1591430400,0.87495429,0.33416167
1591444800,0.86276689,0.33525231
1591459200,0.79229789,0.33525806
1591473600,0.79904420,0.33588889
1591488000,0.79879766,0.33635411
1591502400,0.76233742,0.33647061
1591516800,0.83217604,0.33526479
1591531200,0.86364679,0.33403921
1591545600,0.98565782,0.31866211
1591560000,0.93589561,0.31850395
1591574400,0.93396231,0.31903240
1591588800,0.90288995,0.31916936
1591603200,0.92132303,0.31926120
1591617600,0.78101033,0.32112804
1591632000,0.73408556,0.32120385
1591646400,0.84520438,0.31973528
1591660800,0.88462749,0.31840732
1591675200,0.81130454,0.31845038
1591689600,0.86429037,0.31813471
1591704000,0.81377486,0.32589284
1591718400,0.81522050,0.32585208
1591732800,0.78140995,0.32564713
1591747200,0.77095647,0.32562528
1591761600,0.74176496,0.32663680
1591776000,0.75211088,0.32661652
1591790400,0.77789727,0.32791400
1591804800,0.86701170,0.32623599
1591819200,0.84194913,0.32664441
1591833600,0.83070639,0.32669969
1591848000,0.91960324,0.32512675
1591862400,0.86453181,0.32598324
1591876800,0.99564319,0.31148458
1591891200,1.01489627,0.29862687
1591905600,0.94002353,0.29879610
1591920000,1.01778107,0.29722305
1591934400,1.01885636,0.29624825
1591948800,0.97948030,0.29538854
1591963200,0.91338991,0.29418301
1591977600,0.87074868,0.29415309
1591992000,0.87882391,0.29541745
1592006400,0.88238737,0.29499551
1592020800,0.85533028,0.29482775
1592035200,0.83736211,0.29480393
1592049600,0.83539671,0.29467864
1592064000,0.83594016,0.29529910
1592078400,0.88114992,0.29398407
1592092800,0.87560638,0.29369298
1592107200,0.84413240,0.29395507
1592121600,0.83862495,0.29456698
1592136000,0.83122347,0.29459388
1592150400,0.79720778,0.29500197
1592164800,0.83786265,0.29429182
1592179200,0.96488173,0.28732085
1592193600,0.94710914,0.28672465
1592208000,0.90898162,0.28674979
1592222400,1.00759364,0.27785912
1592236800,1.00693135,0.27458198
1592251200,0.91566305,0.27462198
1592265600,1.00251289,0.26981314
1592280000,0.99005860,0.27051734
1592294400,0.89031216,0.27102163
1592308800,0.93304853,0.27061464
1592323200,0.94269584,0.26975949
1592337600,0.85187274,0.26972038
1592352000,0.89070793,0.26870502
1592366400,0.90084468,0.26800585
1592380800,0.88203859,0.26791819
1592395200,0.91359262,0.26637032
1592409600,0.94601037,0.26397848
1592424000,0.98219131,0.25706751
1592438400,0.95020327,0.25683925
1592452800,0.91950152,0.25682126
1592467200,0.90436106,0.25699467
1592481600,0.94910943,0.25642005
1592496000,0.80091766,0.25638293
1592510400,0.78374329,0.25636128
1592524800,0.92325637,0.25311541
1592539200,0.89107540,0.25297071
1592553600,0.95187391,0.25112466
1592568000,0.90962815,0.25111765
1592582400,0.97313507,0.25004343
1592596800,0.87555251,0.25066131
1592611200,0.91198708,0.25064235
1592625600,0.86568554,0.25045642
1592640000,0.87132846,0.25056171
1592654400,0.87190802,0.24958810
1592668800,0.87090297,0.24942898
1592683200,0.91887399,0.24812440
1592697600,0.88885381,0.24817006
1592712000,0.87285583,0.25364297
1592726400,0.85289607,0.25373642
1592740800,0.85119444,0.25367007
1592755200,0.76381389,0.25356594
1592769600,0.84749999,0.25316425
1592784000,0.93049667,0.25124461
1592798400,0.92492919,0.25179126
1592812800,0.93834065,0.25187599
1592827200,0.94003169,0.25161935
1592841600,0.96021017,0.25075093
1592856000,0.97974703,0.25233224
1592870400,0.96063843,0.25223996
1592884800,0.93424164,0.25223200
1592899200,0.96351272,0.25210574
1592913600,0.97165241,0.25141027
1592928000,0.88479541,0.25207495
1592942400,0.86705336,0.25201093
1592956800,0.88398658,0.25232245
1592971200,0.98746909,0.24787484
1592985600,1.02324308,0.23875736
1593000000,1.02906814,0.23702298
1593014400,1.03736651,0.23629037
1593028800,1.01070158,0.23666926
1593043200,1.05054610,0.22495232
1593057600,1.01428937,0.22318721
1593072000,1.02496270,0.22087150
1593086400,1.00448016,0.22078527
1593100800,1.03165719,0.22199466
1593115200,0.93148846,0.22192281
1593129600,0.88295153,0.22205944
1593144000,0.93883579,0.21891305
1593158400,0.93791008,0.23632347
1593172800,0.93262406,0.23601986
1593187200,0.92263160,0.23821499
1593201600,0.90541176,0.23925845
1593216000,0.81613874,0.26362823
1593230400,0.79029810,0.26636170
1593244800,0.75713758,0.26917501
1593259200,0.78014708,0.26937867
1593273600,1.02359899,0.30536370
1593288000,1.03483845,0.31409817
1593302400,1.03908078,0.31431383
1593316800,1.05589155,0.31496634
1593331200,1.04913638,0.31637915
1593345600,0.99468140,0.31789612
1593360000,0.97928128,0.32111128
1593374400,0.94598529,0.32230045
1593388800,0.96036065,0.32305977
1593403200,0.94484576,0.32322903
1593417600,0.81703857,0.32437018
1593432000,0.81300154,0.32472361
1593446400,0.84737028,0.32477977
1593460800,0.86953511,0.32611535
1593475200,0.88463035,0.32799110
1593489600,0.88690377,0.32817467
1593504000,0.86105174,0.32819870
1593518400,0.84969880,0.32928096
1593532800,0.85794109,0.33062699
1593547200,0.80848105,0.33066156
1593561600,0.79884136,0.33308645
1593576000,0.79810770,0.33673387
1593590400,0.83186743,0.33759021
1593604800,0.98328093,0.33790491
1593619200,0.97461894,0.33788000
1593633600,0.95611157,0.33793450
1593648000,0.96406496,0.33802753
1593662400,0.99307366,0.34976115
1593676800,0.83909002,0.34975099
1593691200,1.02368042,0.34529289
1593705600,0.99429315,0.34794424
1593720000,1.03068828,0.34788690
1593734400,1.03155587,0.35235320
1593748800,1.04538599,0.40423594
1593763200,0.82879352,0.41051571
1593777600,0.82026754,0.41055024
1593792000,0.81537353,0.41209250
1593806400,0.85562927,0.41411797
1593820800,0.87146807,0.41457476
1593835200,0.86210044,0.41504852
1593849600,0.88181489,0.41512525
1593864000,0.86070107,0.41760143
1593878400,0.97534228,0.41705410
1593892800,0.94775858,0.42069041
1593907200,0.95513027,0.42082538
1593921600,1.01902167,0.42034682
1593936000,1.02047733,0.42340189
1593950400,0.95649728,0.42415916
1593964800,0.95467186,0.42418096
1593979200,1.01791189,0.42392337
1593993600,0.98863131,0.42412997
1594008000,1.15765315,0.42222552
1594022400,1.11473029,0.42493959
1594036800,1.18698543,0.42929640
1594051200,1.11130361,0.42930669
1594065600,1.19144206,0.42975759
1594080000,1.13321024,0.43026163
1594094400,1.13285425,0.43006941
1594108800,1.03728124,0.43045262
1594123200,1.01219873,0.43249987
1594137600,1.06390271,0.43237787
1594152000,0.99996792,0.43336263
1594166400,1.06929218,0.43324021
1594180800,1.05421560,0.43329990
1594195200,1.06911601,0.43326028
1594209600,1.16245446,0.43297707
1594224000,1.11496432,0.43526960
1594238400,1.07204606,0.43639782
1594252800,1.16616889,0.43625887
1594267200,1.11862332,0.43638990
1594281600,0.96331848,0.44002968
1594296000,1.18234593,0.43446583
1594310400,1.07146599,0.43451607
1594324800,1.16353907,0.43466023
1594339200,1.16472940,0.43471678
1594353600,1.23622157,0.43405656
1594368000,0.98856831,0.43406788
1594382400,1.12592826,0.43433511
1594396800,1.06547387,0.43469691
1594411200,1.13867023,0.43455375
1594425600,1.07080432,0.44459734
1594440000,1.02540649,0.44476777
1594454400,1.09422071,0.44913589
1594468800,1.06440985,0.45244808
1594483200,1.03453802,0.45266928
1594497600,1.06184912,0.45260896
1594512000,1.09532973,0.45271154
1594526400,1.01751327,0.45330586
1594540800,0.97911708,0.45332027
1594555200,1.04028235,0.45915701
1594569600,0.96891096,0.45997365
1594584000,1.13897909,0.45899621
1594598400,1.10581239,0.45892416
1594612800,1.05272175,0.45939994
1594627200,1.14415494,0.45917385
1594641600,1.11160148,0.46070999
1594656000,1.11986931,0.46019840
1594670400,1.04006722,0.46019952
1594684800,1.09960946,0.46011390
1594699200,1.11259441,0.46020314
1594713600,1.19186402,0.45991681
1594728000,1.07650557,0.46020755
1594742400,1.17561428,0.45988360
1594756800,1.10309427,0.46667634
1594771200,1.12775253,0.46684852
1594785600,0.99647610,0.46693424
1594800000,1.04454834,0.46736609
1594814400,0.92410675,0.46739739
1594828800,0.99521589,0.46765402
1594843200,0.95482017,0.46781619
1594857600,0.92212170,0.46938127
1594872000,1.21337631,0.46845584
1594886400,1.21366828,0.46837910
1594900800,1.22639551,0.46814908
1594915200,1.12536054,0.46816466
1594929600,1.18211365,0.46816178
1594944000,1.10304623,0.46863666
1594958400,1.02942313,0.46905070
1594972800,1.02464450,0.46994415
1594987200,0.98965781,0.47106668
1595001600,1.03337272,0.47120396
1595016000,0.99635762,0.47191730
1595030400,1.05637156,0.47225096
1595044800,0.93360188,0.47232390
1595059200,1.05746638,0.47306327
1595073600,0.99151498,0.49388822
1595088000,0.98925000,0.49441012
1595102400,0.97300354,0.49453047
1595116800,1.02522123,0.49451141
1595131200,0.89955775,0.49461006
1595145600,1.07849852,0.49523840
1595160000,0.99579937,0.49947150
1595174400,1.17633880,0.49939153
1595188800,1.23115714,0.49917921
1595203200,1.20925937,0.50012287
1595217600,1.14683285,0.50014338
1595232000,1.23852261,0.50005176
1595246400,1.21024809,0.50110313
1595260800,1.11858484,0.50159518
1595275200,1.04036832,0.50242464
1595289600,1.12739308,0.50262370
1595304000,1.34907188,0.49988831
1595318400,1.28576220,0.50086804
1595332800,1.22654969,0.50101568
1595347200,1.30157078,0.50100358
1595361600,1.37125052,0.50085476
1595376000,1.09798507,0.50077731
1595390400,1.20925180,0.50043519
1595404800,1.23238619,0.50126999
1595419200,1.16920400,0.50125745
1595433600,0.89228228,0.50136565
1595448000,1.04384533,0.50038122
1595462400,0.96682811,0.50054188
1595476800,0.90772222,0.50146439
1595491200,0.95447285,0.50147960
1595505600,0.96804776,0.50149968
1595520000,0.87250310,0.50089961
1595534400,0.80926968,0.50140422
1595548800,0.88607669,0.50156038
1595563200,0.92082253,0.50120476
1595577600,0.89539012,0.50175549
1595592000,0.84356052,0.50317345
1595606400,0.86014513,0.50315740
1595620800,0.86720146,0.50307820
1595635200,0.84892037,0.50298673
1595649600,0.79716103,0.50348460
1595664000,0.78550492,0.50357143
1595678400,0.79899382,0.50361081
1595692800,0.93024305,0.50281979
1595707200,0.88636131,0.50271238
1595721600,0.88684340,0.50316536
1595736000,0.92378113,0.50370076
1595750400,1.12192056,0.49559789
1595764800,0.99797489,0.49892901
1595779200,1.10930452,0.49954035
1595793600,1.10443602,0.49911280
1595808000,1.17608932,0.48685917
1595822400,1.10037924,0.48536348
1595836800,1.12131663,0.48390610
1595851200,1.08052325,0.48457507
1595865600,1.18872607,0.45680589
1595880000,1.14379576,0.45007854
1595894400,1.09175789,0.45030657
1595908800,1.12250168,0.44952056
1595923200,1.14040220,0.44925135
1595937600,1.02682781,0.44616665
1595952000,0.97744820,0.44433598
1595966400,0.96936040,0.44428223
1595980800,0.96466327,0.44396467
1595995200,0.92779430,0.44384173
1596009600,0.93001389,0.44387874
1596024000,0.86577230,0.44380255
1596038400,0.83078534,0.44368065
1596052800,0.88386117,0.44258893
1596067200,0.92793750,0.44112552
1596081600,0.87655376,0.44130865
1596096000,0.83829352,0.44256736
1596110400,0.91583023,0.44198226
1596124800,0.92088361,0.44090011
1596139200,0.81046686,0.44118426
1596153600,0.70898856,0.44145320
1596168000,0.75422750,0.43870659
1596182400,0.73193607,0.43798303
1596196800,0.75568282,0.43602547
1596211200,0.70913126,0.43600173
1596225600,0.68130905,0.43652082
1596240000,0.64624639,0.43656930
1596254400,0.82267862,0.42745327
1596268800,0.71530481,0.42772637
1596283200,0.71701939,0.42815402
1596297600,0.79144660,0.42602311
1596312000,0.74478030,0.42648264
1596326400,0.75262551,0.42294980
1596340800,1.02127770,0.37977359
1596355200,0.98228528,0.37328206
1596369600,0.87832392,0.37672247
1596384000,0.94178431,0.37577592
1596398400,0.94212016,0.37359663
1596412800,0.78008583,0.37386693
1596427200,0.72159585,0.37479559
1596441600,0.70059675,0.38648669
1596456000,0.75652781,0.38449259
1596470400,0.67521351,0.38482267
1596484800,0.77491410,0.38082766
1596499200,0.72320367,0.38078020
1596513600,0.71694238,0.38093611
1596528000,0.77508865,0.38182320
1596542400,0.75867894,0.41999453
1596556800,0.66927962,0.42006552
1596571200,0.68521481,0.45587208
1596585600,0.69670958,0.45725823
1596600000,0.62241724,0.45717638
1596614400,0.71654598,0.45647955
1596628800,0.79953024,0.45133343
1596643200,0.72069505,0.45390576
1596657600,0.77394475,0.45462253
1596672000,0.77713083,0.45406545
1596686400,0.70650813,0.45404105
1596700800,0.66587947,0.45788640
1596715200,0.72963470,0.45623478
1596729600,0.67043807,0.46890704
1596744000,0.70612997,0.47336655
1596758400,0.69652854,0.47304835
1596772800,0.68144603,0.47324516
1596787200,0.62404387,0.47334382
1596801600,0.69628377,0.47316958
1596816000,0.73007359,0.47187928
1596830400,0.73035988,0.47084333
1596844800,0.70946334,0.47081976
1596859200,0.70324009,0.47163166
1596873600,0.58683812,0.46933759
1596888000,0.55059587,0.47093045
1596902400,0.53350950,0.47088830
1596916800,0.53967956,0.47677310
1596931200,0.53213390,0.47728674
1596945600,0.47578098,0.47734147
1596960000,0.46084157,0.48707515
1596974400,0.51987705,0.48754819
1596988800,0.51292376,0.48866657
1597003200,0.51274102,0.49070102
1597017600,0.62574196,0.48278877
1597032000,0.58827388,0.48578514
1597046400,0.63034660,0.48126955
1597060800,0.63657362,0.47820258
1597075200,0.61179301,0.47802210
1597089600,0.57071476,0.47832951
1597104000,0.57826705,0.48077593
1597118400,0.55915873,0.48133534
1597132800,0.49910604,0.48136049
1597147200,0.60146581,0.47754887
1597161600,0.58678998,0.47937524
1597176000,0.54826779,0.47995673
1597190400,0.55300034,0.48165653
1597204800,0.57007310,0.48138838
1597219200,0.49353115,0.48138020
1597233600,0.53633604,0.48025415
1597248000,0.50494201,0.48025296
1597262400,0.50361007,0.48074860
1597276800,0.49096606,0.48095487
1597291200,0.51452860,0.48067915
1597305600,0.46713631,0.48055836
1597320000,0.48613701,0.48031132
1597334400,0.47120511,0.48145783
1597348800,0.59922262,0.47491254
1597363200,0.57029886,0.47614813
1597377600,0.55930749,0.47607236
1597392000,0.56771240,0.48101797
1597406400,0.55154762,0.48122076
1597420800,0.50289971,0.48097298
1597435200,0.49702489,0.48083659
1597449600,0.53795483,0.47934031
1597464000,0.49591459,0.47973054
1597478400,0.51826730,0.47996803
1597492800,0.50022319,0.48584882
1597507200,0.49459921,0.48592091
1597521600,0.44018520,0.48592037
1597536000,0.48589978,0.48606366
1597550400,0.49183173,0.48566714
1597564800,0.51901808,0.48541366
1597579200,0.53556372,0.48446440
1597593600,0.45318898,0.48428864
1597608000,0.45923116,0.48358699
1597622400,0.45580852,0.48320597
1597636800,0.44597604,0.48519637
1597651200,0.45596816,0.48441398
1597665600,0.55429977,0.46419980
1597680000,0.51805176,0.46368386
1597694400,0.50144176,0.46359875
1597708800,0.48558379,0.46433022
1597723200,0.48791875,0.46424060
1597737600,0.48087547,0.46343459
1597752000,0.50590786,0.45904410
1597766400,0.48544653,0.45956127
1597780800,0.47893959,0.45951432
1597795200,0.48907952,0.45841836
1597809600,0.47079823,0.45845652
1597824000,0.46208016,0.45846210
1597838400,0.47940831,0.45783631
1597852800,0.47564456,0.45739187
1597867200,0.47715517,0.45701207
1597881600,0.47036357,0.45690284
1597896000,0.45532823,0.45743744
1597910400,0.47501644,0.46219703
1597924800,0.46414945,0.46226099
1597939200,0.45066610,0.46240266
1597953600,0.44813507,0.46247187
1597968000,0.44574455,0.46428621
1597982400,0.44556603,0.46419347
1597996800,0.46404428,0.46302548
1598011200,0.44214267,0.46444821
1598025600,0.45662926,0.46426393
1598040000,0.47347196,0.46255812
1598054400,0.46265638,0.46252494
1598068800,0.46901214,0.46192298
1598083200,0.45440611,0.47021317
1598097600,0.45423260,0.47528970
1598112000,0.43895335,0.47589727
1598126400,0.45692009,0.47607059
1598140800,0.45325849,0.47578534
1598155200,0.43834937,0.47642652
1598169600,0.45590973,0.47639703
1598184000,0.46699874,0.47484764
1598198400,0.45148636,0.47493758
1598212800,0.45059953,0.47496101
1598227200,0.44978443,0.47514582
1598241600,0.45541688,0.47491350
1598256000,0.44308050,0.47508017
1598270400,0.44045187,0.47506064
1598284800,0.43735498,0.47799263
1598299200,0.42832206,0.47838895
1598313600,0.48205598,0.47834455
1598328000,0.48805234,0.47780631
1598342400,0.47835433,0.47820512
1598356800,0.51210716,0.47678637
1598371200,0.51148628,0.47644327
1598385600,0.49116972,0.47709877
1598400000,0.49309679,0.47743421
1598414400,0.48467021,0.47742337
1598428800,0.48356064,0.47764345
1598443200,0.48982279,0.47679322
1598457600,0.46983775,0.47736880
1598472000,0.45954745,0.47749237
1598486400,0.48524967,0.47699037
1598500800,0.46749001,0.47696296
1598515200,0.48341359,0.47621528
1598529600,0.46311734,0.47622782
1598544000,0.48507839,0.47548488
1598558400,0.48162617,0.47473391
1598572800,0.47418776,0.47484529
1598587200,0.45122752,0.47617975
1598601600,0.47999369,0.47560386
1598616000,0.47387854,0.47710349
1598630400,0.46211242,0.47708933
1598644800,0.45775590,0.47723410
1598659200,0.45656503,0.47854903
1598673600,0.46426315,0.47830962
1598688000,0.47764205,0.47718166
1598702400,0.46851072,0.47700855
1598716800,0.46046595,0.47708385
1598731200,0.46830476,0.47996417
1598745600,0.48708922,0.47803773
1598760000,0.46163873,0.47813983
1598774400,0.45526064,0.47824572
1598788800,0.45488378,0.47838369
1598803200,0.45863925,0.47837348
1598817600,0.46358878,0.47896053
1598832000,0.45617955,0.47989130
1598846400,0.46248958,0.47973926
1598860800,0.46190702,0.47951862
1598875200,0.46555823,0.48004887
1598889600,0.44966616,0.48049521
1598904000,0.46540106,0.48050766
1598918400,0.45781668,0.48039198
1598932800,0.50186498,0.47564503
1598947200,0.47919295,0.47603307
1598961600,0.50025334,0.47696788
1598976000,0.48947925,0.47745860
1598990400,0.47740461,0.47734378
1599004800,0.48208083,0.47675671
1599019200,0.48689177,0.47834769
1599033600,0.52386660,0.46925955
1599048000,0.49753335,0.46937318
1599062400,0.48894538,0.46904462
1599076800,0.46464411,0.46944284
1599091200,0.47382589,0.46937282
1599105600,0.46748343,0.46919784
1599120000,0.49749865,0.46558889
1599134400,0.59731519,0.43072891
1599148800,0.54030470,0.43081156
1599163200,0.62488405,0.39284121
1599177600,0.58673525,0.39098367
1599192000,0.55840791,0.39145378
1599206400,0.56681058,0.38924506
1599220800,0.52608447,0.38925333
1599235200,0.55190339,0.38713948
1599249600,0.54640982,0.38522172
1599264000,0.53208678,0.38487837
1599278400,0.50734984,0.38492025
1599292800,0.54924820,0.37992574
1599307200,0.52754722,0.38002004
1599321600,0.57548408,0.36417912
1599336000,0.57152437,0.35768035
1599350400,0.53018121,0.35779077
1599364800,0.54079646,0.35768811
1599379200,0.53243310,0.35752564
1599393600,0.53717188,0.35635790
1599408000,0.52968185,0.35938111
1599422400,0.50486239,0.35952897
1599436800,0.51591189,0.35933750
1599451200,0.52466061,0.35832288
1599465600,0.52507161,0.35692970
1599480000,0.52962799,0.35477572
1599494400,0.49774885,0.35482726
1599508800,0.54883814,0.34664776
1599523200,0.53055634,0.34594040
1599537600,0.51910852,0.34619063
1599552000,0.56460175,0.33238035
1599566400,0.54924647,0.34242087
1599580800,0.54438564,0.34034439
1599595200,0.54766227,0.33734034
1599609600,0.54185602,0.33579857
1599624000,0.54799973,0.33122228
1599638400,0.52393760,0.33471349
1599652800,0.52012488,0.33478455
1599667200,0.51381182,0.33509128
1599681600,0.51903710,0.33465063
1599696000,0.53399035,0.34787123
1599710400,0.52828366,0.34631926
1599724800,0.50805833,0.34671752
1599739200,0.53012334,0.34425522
1599753600,0.53681396,0.34061235
1599768000,0.52377772,0.34032667
1599782400,0.53117098,0.33808499
1599796800,0.51577287,0.33788394
1599811200,0.49155489,0.33793278
1599825600,0.51071168,0.33752924
1599840000,0.48757760,0.33812884
1599854400,0.50435241,0.33755000
1599868800,0.49853818,0.33728793
1599883200,0.47847955,0.33729328
1599897600,0.47431931,0.33965695
1599912000,0.48626129,0.35177211
1599926400,0.50587559,0.35017973
1599940800,0.48800949,0.35012242
1599955200,0.51083218,0.34889143
1599969600,0.48423799,0.34887845
1599984000,0.53554320,0.34153324
1599998400,0.51215948,0.34268724
1600012800,0.50279824,0.34258062
1600027200,0.49698470,0.34265680
1600041600,0.49227011,0.34273427
1600056000,0.49457651,0.34228508
1600070400,0.49579777,0.34201431
1600084800,0.53579964,0.33392753
1600099200,0.50627249,0.33387129
1600113600,0.49297585,0.33469838
1600128000,0.51128812,0.33399327
1600142400,0.49088235,0.33401170
1600156800,0.50219059,0.33390351
1600171200,0.49263886,0.33472736
1600185600,0.47589589,0.33670252
1600200000,0.47189995,0.33674114
1600214400,0.47149766,0.33673736
1600228800,0.50846156,0.33876190
1600243200,0.48441690,0.33910617
1600257600,0.50393596,0.33790832
1600272000,0.48605657,0.33786367
1600286400,0.48501422,0.33778895
1600300800,0.49621062,0.33704008
1600315200,0.47626861,0.33705975
1600329600,0.46844065,0.33705056
1600344000,0.48167469,0.33682408
1600358400,0.48891490,0.33588960
1600372800,0.47305307,0.33583646
1600387200,0.46464319,0.33583038
1600401600,0.47155607,0.33672415
1600416000,0.46862516,0.33679134
1600430400,0.48151512,0.33604212
1600444800,0.47242711,0.33589205
1600459200,0.48173707,0.33583019
1600473600,0.47310313,0.33671113
1600488000,0.48206166,0.33625054
1600502400,0.51825800,0.32811603
1600516800,0.49908323,0.34201331
1600531200,0.49483789,0.34348480
1600545600,0.49046781,0.34389695
1600560000,0.50957904,0.34144435
1600574400,0.47086552,0.34143005
1600588800,0.46854693,0.34165468
1600603200,0.49641100,0.34252430
1600617600,0.48411501,0.34234727
1600632000,0.47928128,0.34202136
1600646400,0.47917697,0.35086635
1600660800,0.48394059,0.35034663
1600675200,0.52787237,0.34135778
1600689600,0.53389101,0.35220441
1600704000,0.51974395,0.35170502
1600718400,0.51931631,0.35211536
1600732800,0.50911183,0.35237362
1600747200,0.50719082,0.35160058
1600761600,0.49488227,0.35542632
1600776000,0.47195368,0.35554417
1600790400,0.47995243,0.35726749
1600804800,0.47850254,0.35805008
1600819200,0.47907100,0.35764730
1600833600,0.47525983,0.35778312
1600848000,0.47684584,0.35812151
1600862400,0.46740245,0.35821389
1600876800,0.50566046,0.35423778
1600891200,0.49464441,0.35369914
1600905600,0.49577776,0.35321399
1600920000,0.49042566,0.35318979
1600934400,0.49600146,0.35296704
1600948800,0.50252032,0.35136636
1600963200,0.50420330,0.34944545
1600977600,0.50081437,0.34844551
1600992000,0.49927869,0.35111922
1601006400,0.48449503,0.35844779
1601020800,0.48945678,0.35838007
1601035200,0.47013731,0.35835502
1601049600,0.48285317,0.35839291
1601064000,0.47134603,0.35823220
1601078400,0.46553236,0.35861212
1601092800,0.44976059,0.35900414
1601107200,0.44798114,0.36022624
1601121600,0.44323220,0.36279259
1601136000,0.42362942,0.36282853
1601150400,0.42080980,0.36310019
1601164800,0.46108369,0.36270486
1601179200,0.48552640,0.36133611
1601193600,0.46585146,0.36965892
1601208000,0.48758726,0.36936686
1601222400,0.47133760,0.36956974
1601236800,0.47599797,0.36936345
1601251200,0.48553097,0.36961499
1601265600,0.47302136,0.37067455
1601280000,0.45877104,0.38105114
1601294400,0.45814940,0.38179011
1601308800,0.46093478,0.38200330
1601323200,0.48937639,0.37913000
1601337600,0.45957713,0.37912700
1601352000,0.47386973,0.38113965
1601366400,0.47341416,0.38147026
1601380800,0.47452727,0.39384072
1601395200,0.43434431,0.39412760
1601409600,0.46879464,0.39294635
1601424000,0.47698327,0.39173747
1601438400,0.46886378,0.39533907
1601452800,0.46201641,0.39694075
1601467200,0.48147882,0.39907355
1601481600,0.47456905,0.39851621
1601496000,0.47110601,0.39794528
1601510400,0.45682637,0.39826111
1601524800,0.46190557,0.39876448
1601539200,0.46798433,0.40829527
1601553600,0.49631593,0.40461507
1601568000,0.49263805,0.40366198
1601582400,0.46623568,0.40366923
1601596800,0.47996667,0.40436587
1601611200,0.50306465,0.40195830
1601625600,0.48322261,0.40216641
1601640000,0.48346545,0.40215198
1601654400,0.45704342,0.40216843
1601668800,0.48189558,0.40181703
1601683200,0.45262663,0.40199067
1601697600,0.45004121,0.40207398
1601712000,0.42634498,0.41108729
1601726400,0.42862455,0.41169563
1601740800,0.42934101,0.41177605
1601755200,0.43730701,0.41157224
1601769600,0.41809857,0.41386438
1601784000,0.45330470,0.41348726
1601798400,0.43845880,0.41419508
1601812800,0.43333813,0.41672514
1601827200,0.46091381,0.41586797
1601841600,0.43963151,0.42266742
1601856000,0.42691147,0.42370617
1601870400,0.43902270,0.43059278
1601884800,0.43920641,0.43178800
1601899200,0.43764914,0.43393923
1601913600,0.41648666,0.43644739
1601928000,0.44089855,0.43608900
1601942400,0.43785490,0.43799497
1601956800,0.44560110,0.43954749
1601971200,0.43384767,0.44315345
1601985600,0.44278525,0.45132704
1602000000,0.47431627,0.44805635
1602014400,0.46560776,0.46095765
1602028800,0.46360693,0.46185535
1602043200,0.46819916,0.46584113
1602057600,0.46249835,0.46719856
1602072000,0.42727450,0.46846418
1602086400,0.42185098,0.46844037
1602100800,0.42149404,0.46958893
1602115200,0.41848763,0.46953932
1602129600,0.43503672,0.46978312
1602144000,0.42663602,0.47006560
1602158400,0.49257481,0.46297364
1602172800,0.47398621,0.49074715
1602187200,0.48486799,0.49238031
1602201600,0.48399686,0.49342106
1602216000,0.47146872,0.49347016
1602230400,0.46742453,0.49400405
1602244800,0.46113897,0.49558421
1602259200,0.46421234,0.49530001
1602273600,0.45892526,0.49610175
1602288000,0.50129110,0.48425739
1602302400,0.48248427,0.48521814
1602316800,0.49029818,0.49713011
1602331200,0.48681961,0.52741722
1602345600,0.47822056,0.53355428
1602360000,0.43703500,0.53330266
1602374400,0.43631627,0.53319887
1602388800,0.42649757,0.53330978
1602403200,0.42442817,0.53327904
1602417600,0.43017378,0.53383507
1602432000,0.43623981,0.53439209
1602446400,0.43090319,0.53430529
1602460800,0.42679143,0.53480968
1602475200,0.42211495,0.53480814
1602489600,0.46231560,0.53479238
1602504000,0.49391951,0.52726010
1602518400,0.46909094,0.52812931
1602532800,0.47614851,0.52877922
1602547200,0.49069436,0.52835984
1602561600,0.46765769,0.53075384
1602576000,0.42846422,0.53110823
1602590400,0.45438054,0.53579219
1602604800,0.43892657,0.53597890
1602619200,0.44206867,0.53824118
1602633600,0.43420037,0.53888089
1602648000,0.43440352,0.53995539
1602662400,0.42542886,0.53977309
1602676800,0.43106999,0.54012947
1602691200,0.42699284,0.54142556
1602705600,0.43953533,0.54094572
1602720000,0.43787186,0.54153730
1602734400,0.43223764,0.54188532
1602748800,0.44333586,0.54237899
1602763200,0.44783962,0.54174496
1602777600,0.45136473,0.54070776
1602792000,0.44349252,0.54197093
1602806400,0.43963997,0.54273594
1602820800,0.45694098,0.54008335
1602835200,0.45293741,0.53993148
1602849600,0.45019757,0.53987062
1602864000,0.44556181,0.54104454
1602878400,0.44072102,0.54134809
1602892800,0.42962272,0.54140963
1602907200,0.41956218,0.54370047
1602921600,0.40619705,0.54370472
1602936000,0.41191441,0.54533857
1602950400,0.41367061,0.54996730
1602964800,0.40033279,0.55013137
1602979200,0.39378060,0.55084520
1602993600,0.43763248,0.55139325
1603008000,0.43514699,0.55385668
1603022400,0.43668664,0.55758940
1603036800,0.43378032,0.56186700
1603051200,0.44658453,0.56148383
1603065600,0.44656660,0.56519449
1603080000,0.44505501,0.56511869
1603094400,0.44063183,0.56617429
1603108800,0.45681699,0.56229288
1603123200,0.45807908,0.56313114
1603137600,0.45890818,0.56346611
1603152000,0.45247503,0.56441034
1603166400,0.45340887,0.56698920
1603180800,0.43782244,0.56716401
1603195200,0.44522472,0.56804490
1603209600,0.43046448,0.56832746
1603224000,0.43396816,0.56906082
1603238400,0.45492263,0.56415962
1603252800,0.44181580,0.56631392
1603267200,0.45637138,0.56505563
1603281600,0.45488101,0.55905164
1603296000,0.45245025,0.55890480
1603310400,0.45526306,0.55808614
1603324800,0.45581045,0.55779730
1603339200,0.45324487,0.55773054
1603353600,0.41937022,0.55531769
1603368000,0.42188032,0.55732021
1603382400,0.42722535,0.55643947
1603396800,0.43037437,0.55584051
1603411200,0.42840583,0.55650504
1603425600,0.42309388,0.55627610
1603440000,0.42723899,0.56885301
1603454400,0.41830465,0.57499729
1603468800,0.40724120,0.57723307
1603483200,0.40768404,0.57796429
1603497600,0.41170866,0.57792701
1603512000,0.40413242,0.57799189
1603526400,0.41236319,0.57819033
1603540800,0.42488310,0.58036161
1603555200,0.42297093,0.58139467
1603569600,0.42002482,0.58160986
1603584000,0.43498478,0.57958227
1603598400,0.43111399,0.57505547
1603612800,0.43632989,0.58909880
1603627200,0.43772301,0.59145202
1603641600,0.44795696,0.59195041
1603656000,0.43819249,0.59194743
1603670400,0.41815790,0.59450996
1603684800,0.41937353,0.59488754
1603699200,0.42825118,0.59657114
1603713600,0.43077795,0.59564153
1603728000,0.43054084,0.59621372
1603742400,0.43650311,0.59782111
1603756800,0.43600273,0.61622533
1603771200,0.43568958,0.61893999
1603785600,0.42674091,0.62333548
1603800000,0.43378556,0.62357896
1603814400,0.43850568,0.62803032
1603828800,0.44077861,0.64086237
1603843200,0.44601753,0.63978007
1603857600,0.43093616,0.63909731
1603872000,0.42194975,0.63606514
1603886400,0.43000233,0.63785728
1603900800,0.43648731,0.64045848
1603915200,0.43927439,0.64340049
1603929600,0.43286315,0.64406974
1603944000,0.42144956,0.64279616
1603958400,0.42178965,0.64330068
1603972800,0.41787559,0.63940435
1603987200,0.42464707,0.64191542
1604001600,0.43128125,0.64201749
1604016000,0.43304285,0.64260606
1604030400,0.43508800,0.64032815
1604044800,0.41779125,0.64134024
1604059200,0.42178308,0.63931567
1604073600,0.40583625,0.63944035
1604088000,0.41432880,0.63992889
1604102400,0.41130076,0.64437401
1604116800,0.40964147,0.64404550
1604131200,0.39560503,0.63757742
1604145600,0.40567046,0.64981921
1604160000,0.41328248,0.64973405
1604174400,0.41340888,0.65501081
1604188800,0.42282716,0.65596492
1604203200,0.39519207,0.65566158
1604217600,0.39715696,0.65569080
1604232000,0.40123303,0.65558055
1604246400,0.40012587,0.65668489
1604260800,0.40190252,0.65904796
1604275200,0.39932464,0.65948667
1604289600,0.39439026,0.66612566
1604304000,0.40114178,0.66060609
1604318400,0.41064362,0.66199325
1604332800,0.41723583,0.66319945
1604347200,0.41696502,0.66351017
1604361600,0.42367695,0.66251417
1604376000,0.40136552,0.66269880
1604390400,0.40551861,0.66325779
1604404800,0.40937713,0.66194481
1604419200,0.40486170,0.66219700
1604433600,0.40396538,0.65788317
1604448000,0.41130311,0.65888236
1604462400,0.40412783,0.65474284
1604476800,0.40913716,0.65979001
1604491200,0.41251300,0.65869313
1604505600,0.40710675,0.65721840
1604520000,0.40948571,0.66097943
1604534400,0.40343564,0.66039312
1604548800,0.40430874,0.65969533
1604563200,0.40041514,0.65728846
1604577600,0.39105729,0.65177519
1604592000,0.39706070,0.65182568
1604606400,0.38522517,0.64298859
1604620800,0.39459474,0.64232217
1604635200,0.39528445,0.63934517
1604649600,0.39467534,0.63892348
1604664000,0.39985590,0.63797853
1604678400,0.38264142,0.63797067
1604692800,0.39115221,0.63838324
1604707200,0.37854793,0.63851368
1604721600,0.38085989,0.63828731
1604736000,0.37592045,0.63981817
1604750400,0.38599542,0.63871848
1604764800,0.36240800,0.61935141
1604779200,0.37685336,0.61907320
1604793600,0.37081633,0.61814787
1604808000,0.37358219,0.61810788
1604822400,0.38349740,0.61922933
1604836800,0.35807174,0.61785321
1604851200,0.34559761,0.61785968
1604865600,0.36254077,0.62363814
1604880000,0.36138274,0.62360020
1604894400,0.36137855,0.62720004
1604908800,0.35497480,0.62064206
1604923200,0.32866579,0.59539968
1604937600,0.34035707,0.59018812
1604952000,0.34680028,0.59275551
1604966400,0.35470188,0.59345123
1604980800,0.36345471,0.59341981
1604995200,0.32719132,0.59404703
1605009600,0.31291050,0.59360626
1605024000,0.32704500,0.59495225
1605038400,0.31623783,0.59572677
1605052800,0.33661463,0.59721857
1605067200,0.32872036,0.59805822
1605081600,0.34749544,0.59766278
1605096000,0.34429624,0.60363795
1605110400,0.35258225,0.60339691
1605124800,0.35456216,0.60288118
1605139200,0.35406413,0.60488855
1605153600,0.35983526,0.60309691
1605168000,0.36033251,0.60320691
1605182400,0.36239614,0.59852748
1605196800,0.36388624,0.60302810
1605211200,0.37189210,0.60092496
1605225600,0.37074262,0.60029079
1605240000,0.37474586,0.60540365
1605254400,0.35653417,0.60542574
1605268800,0.36668593,0.60511899
1605283200,0.36262070,0.60395131
1605297600,0.35502043,0.60391735
1605312000,0.36043056,0.60352450
1605326400,0.36330320,0.60352391
1605340800,0.36739316,0.60262425
1605355200,0.35148467,0.60282641
1605369600,0.36245291,0.60266235
1605384000,0.36771741,0.60176630
1605398400,0.36969936,0.60220029
1605412800,0.36663605,0.60409924
1605427200,0.36646890,0.60431979
1605441600,0.36828529,0.60459591
1605456000,0.37056163,0.60392906
1605470400,0.36623459,0.60395680
1605484800,0.36575268,0.60385648
1605499200,0.37658922,0.60187552
1605513600,0.36527213,0.60444353
1605528000,0.37180366,0.62325139
1605542400,0.37425539,0.61932448
1605556800,0.37520552,0.62696354
1605571200,0.37518111,0.62996723
1605585600,0.37807564,0.63904617
1605600000,0.37682227,0.63839438
1605614400,0.36979027,0.64061618
1605628800,0.37083648,0.63960955
1605643200,0.36883462,0.63983039
1605657600,0.37285273,0.63597575
1605672000,0.37074279,0.63669736
1605686400,0.37109721,0.63620789
1605700800,0.36539578,0.63376394
1605715200,0.36814996,0.63277198
1605729600,0.36408720,0.63439637
1605744000,0.36755724,0.63354943
1605758400,0.36828800,0.63230897
1605772800,0.36116652,0.63203326
1605787200,0.36213039,0.63752821
1605801600,0.36358834,0.63826868
1605816000,0.36565424,0.63762300
1605830400,0.36127901,0.64100380
1605844800,0.36512270,0.64056573
1605859200,0.35726730,0.64052909
1605873600,0.36418391,0.63759031
1605888000,0.36303201,0.63761328
1605902400,0.36495953,0.64090710
1605916800,0.35727692,0.64469553
1605931200,0.36079122,0.64469692
1605945600,0.33675702,0.67483345
1605960000,0.35618864,0.67689239
1605974400,0.36012085,0.67792967
1605988800,0.35948235,0.67810928
1606003200,0.36698594,0.67781348
1606017600,0.36480634,0.67827265
1606032000,0.36277572,0.67119580
1606046400,0.36371700,0.66668570
1606060800,0.36793808,0.66480244
1606075200,0.37175303,0.66686167
1606089600,0.37389308,0.66695968
1606104000,0.36468332,0.66702474
1606118400,0.35310086,0.67064028
1606132800,0.35344513,0.67088429
1606147200,0.35499471,0.67003459
1606161600,0.35654686,0.67153530
1606176000,0.35548015,0.67364701
1606190400,0.35531983,0.67518497
1606204800,0.35365897,0.66276437
1606219200,0.35782707,0.66067950
1606233600,0.42227705,0.65980124
1606248000,0.42648527,0.66318582
1606262400,0.42108371,0.66167778
1606276800,0.42197439,0.66158543
1606291200,0.42060052,0.67253794
1606305600,0.42121285,0.67639678
1606320000,0.42130318,0.67853922
1606334400,0.42016999,0.67783661
1606348800,0.41772556,0.66183130
1606363200,0.41948593,0.65935255
1606377600,0.41722243,0.65044159
1606392000,0.41817069,0.65778248
1606406400,0.41659969,0.65464308
1606420800,0.41365379,0.64593346
1606435200,0.41672610,0.64614664
1606449600,0.41826155,0.65979460
1606464000,0.41448255,0.65675878
1606478400,0.41428825,0.65550823
1606492800,0.41343777,0.65363147
1606507200,0.41285953,0.65834496
1606521600,0.41588593,0.67026923
1606536000,0.41848224,0.67120068
1606550400,0.41604848,0.67073226
1606564800,0.41450906,0.66722922
1606579200,0.41463547,0.66470240
1606593600,0.41622766,0.66459523
1606608000,0.41585826,0.66896507
1606622400,0.41735076,0.66891696
1606636800,0.41487697,0.66943330
1606651200,0.41823144,0.67016616
1606665600,0.42017625,0.67111385
1606680000,0.41991372,0.67312503
1606694400,0.42013750,0.67408546
1606708800,0.42319216,0.67532360
1606723200,0.42559483,0.67860906
1606737600,0.42160426,0.66759278
1606752000,0.42429067,0.67181158
1606766400,0.42050316,0.66679807
1606780800,0.42177460,0.66559334
1606795200,0.42354536,0.66557896
1606809600,0.42350655,0.66575643
1606824000,0.42473786,0.66559346
1606838400,0.42362718,0.66461614
1606852800,0.42240120,0.66221031
1606867200,0.42337283,0.66309699
1606881600,0.42114155,0.65677766
1606896000,0.42603788,0.65730539
1606910400,0.42228801,0.65565621
1606924800,0.42216718,0.65453921
1606939200,0.42296050,0.65514419
1606953600,0.39128225,0.65470868
1606968000,0.39350551,0.65617105
1606982400,0.39153272,0.65514991
1606996800,0.38610813,0.69085977
1607011200,0.38680259,0.70538044
1607025600,0.38144111,0.71103585
1607040000,0.39414946,0.71080765
1607054400,0.39037778,0.73607683
1607068800,0.40363079,0.73083195
1607083200,0.40495542,0.73572089
1607097600,0.40672394,0.74016701
1607112000,0.40901319,0.73723391
1607126400,0.41052930,0.73831200
1607140800,0.40102233,0.75332241
1607155200,0.39927381,0.76770740
1607169600,0.40260488,0.77549322
1607184000,0.38368685,0.77547578
1607198400,0.38088881,0.77618738
1607212800,0.37103266,0.78122214
1607227200,0.37289345,0.78239684
1607241600,0.38232253,0.78913600
1607256000,0.38086377,0.78994428
1607270400,0.37509178,0.80842163
1607284800,0.39485959,0.80774241
1607299200,0.39613543,0.80779237
1607313600,0.39401800,0.80958118
1607328000,0.40573691,0.80864564
1607342400,0.40678110,0.80922607
1607356800,0.40849548,0.80844841
1607371200,0.41154518,0.82822058
1607385600,0.40793033,0.83075720
1607400000,0.39950035,0.83275843
1607414400,0.41405975,0.83527066
1607428800,0.40599588,0.84107692
1607443200,0.40240514,0.84113249
1607457600,0.41889257,0.83714899
1607472000,0.41667068,0.84268814
1607486400,0.41910622,0.84090134
1607500800,0.42141416,0.86364842
1607515200,0.42327221,0.86444628
1607529600,0.41574004,0.86497701
1607544000,0.42018899,0.86339853
1607558400,0.41316087,0.86351156
1607572800,0.40370873,0.86496806
1607587200,0.40757042,0.86812846
1607601600,0.40829367,0.86803870
1607616000,0.41040537,0.86660501
1607630400,0.41138364,0.86753323
1607644800,0.41740455,0.86646402
1607659200,0.41818638,0.86755631
1607673600,0.45642354,0.88098871
1607688000,0.45928529,0.87777299
1607702400,0.46017799,0.90042720
1607716800,0.45691152,0.90299550
1607731200,0.46133956,0.93914981
1607745600,0.46036969,0.94466795
1607760000,0.44141478,0.94444284
1607774400,0.44122533,0.98492481
1607788800,0.45503756,0.98470312
1607803200,0.44443905,1.03787388
1607817600,0.44785109,1.03884699
1607832000,0.45937521,1.04482540
1607846400,0.45900739,1.04970313
1607860800,0.45122853,1.06123786
1607875200,0.45209045,1.06478131
1607889600,0.45165588,1.06662109
1607904000,0.40805631,1.06681594
1607918400,0.41651154,1.07304294
1607932800,0.41292390,1.07451740
1607947200,0.41899301,1.07478051
1607961600,0.41742760,1.08260805
1607976000,0.42106260,1.09039740
1607990400,0.43363187,1.09022576
1608004800,0.44866164,1.09470822
1608019200,0.44910317,1.09459852
1608033600,0.45205379,1.09911684
1608048000,0.45342485,1.09936064
1608062400,0.44970240,1.10096502
1608076800,0.43127174,1.10164990
1608091200,0.42920647,1.10181938
1608105600,0.44846885,1.10086616
1608120000,0.45983319,1.11464797
1608134400,0.46453621,1.11514973
1608148800,0.46784536,1.12011848
1608163200,0.47055103,1.11822207
1608177600,0.46703003,1.11249135
1608192000,0.45789450,1.11619530
1608206400,0.46070048,1.11319902
1608220800,0.45769629,1.11614274
1608235200,0.45662866,1.11659503
1608249600,0.44157098,1.11673547
1608264000,0.44631217,1.12511965
1608278400,0.43165939,1.12596694
1608292800,0.42632859,1.12588720
1608307200,0.42977971,1.12554878
1608321600,0.43966959,1.12451216
1608336000,0.43239086,1.12702486
1608350400,0.44147176,1.13098272
1608364800,0.43270923,1.13137710
1608379200,0.44923163,1.12699882
1608393600,0.48478129,1.12716451
1608408000,0.47864316,1.12881710
1608422400,0.49280002,1.12666048
1608436800,0.49440566,1.12781363
1608451200,0.47396767,1.12781193
1608465600,0.48222026,1.12698459
1608480000,0.47817252,1.13103174
1608494400,0.48077354,1.12979672
1608508800,0.48469696,1.13052194
1608523200,0.47259863,1.13211559
1608537600,0.49030644,1.12117277
1608552000,0.49516392,1.11911180
1608566400,0.49760163,1.12269812
1608580800,0.49602915,1.12294150
1608595200,0.50015416,1.12636281
1608609600,0.46699738,1.12603645
1608624000,0.46855930,1.15222116
1608638400,0.46594639,1.15485032
1608652800,0.46222232,1.16060299
1608667200,0.47655330,1.17308195
1608681600,0.47210915,1.17305958
1608696000,0.46175390,1.17298726
1608710400,0.47573799,1.17490174
1608724800,0.48149793,1.17583736
1608739200,0.47023985,1.18189801
1608753600,0.48134160,1.18264500
1608768000,0.48528280,1.18316673
1608782400,0.47948210,1.18369876
1608796800,0.46431543,1.19172776
1608811200,0.46601154,1.19197784
1608825600,0.45989340,1.19312387
1608840000,0.47273582,1.19160262
1608854400,0.46901728,1.19179818
1608868800,0.47076618,1.19195962
1608883200,0.48877829,1.18461323
1608897600,0.49288073,1.18598392
1608912000,0.49310732,1.18648109
1608926400,0.49368518,1.19025413
1608940800,0.49578664,1.19819237
1608955200,0.47719266,1.19821645
1608969600,0.46269384,1.19833763
1608984000,0.47978103,1.20072716
1608998400,0.47976623,1.20459849
1609012800,0.48577742,1.20863881
1609027200,0.48357728,1.21125805
1609041600,0.49301557,1.20395700
1609056000,0.47088437,1.20406813
1609070400,0.48885347,1.20356789
1609084800,0.48708431,1.20418089
1609099200,0.49312021,1.20008128
1609113600,0.55373969,1.19541324
1609128000,0.55055421,1.19488800
1609142400,0.54807856,1.20156813
1609156800,0.54402757,1.20206280
1609171200,0.53537285,1.20284141
1609185600,0.48741480,1.20346280
1609200000,0.52143805,1.20667140
1609214400,0.50982737,1.20702906
1609228800,0.52765615,1.20604161
1609243200,0.52755930,1.20681241
1609257600,0.53074092,1.20831960
1609272000,0.52536229,1.20971781
1609286400,0.53937380,1.20741593
1609300800,0.53482925,1.21683584
1609315200,0.54105814,1.30580006
1609329600,0.53925192,1.30526489
1609344000,0.54430540,1.33119988
1609358400,0.52928255,1.33113605
1609372800,0.52773786,1.33487362
1609387200,0.51849341,1.33724378
1609401600,0.51870454,1.33767326
1609416000,0.48765337,1.33899734
1609430400,0.48682970,1.33896957
1609444800,0.47958542,1.33896927
1609459200,0.50243429,1.33874730
1609473600,0.49891492,1.33904261
1609488000,0.50218184,1.33878065
1609502400,0.50017285,1.34053347
1609516800,0.50328018,1.34043820
1609531200,0.50080999,1.34035395
1609545600,0.48730152,1.34122168
1609560000,0.50800345,1.34057169
1609574400,0.49571148,1.34114764
1609588800,0.56780308,1.32694475
1609603200,0.57367354,1.32086660
1609617600,0.57476567,1.31817982
1609632000,0.57235115,1.31747286
1609646400,0.58593239,1.30522451
1609660800,0.55814177,1.30594429
1609675200,0.56581389,1.30291192
1609689600,0.56508299,1.30442026
1609704000,0.56085456,1.30437844
1609718400,0.53873049,1.30641937
1609732800,0.56069948,1.29760143
1609747200,0.56713734,1.28950050
1609761600,0.56838663,1.28749800
1609776000,0.55979285,1.28747017
1609790400,0.56454541,1.28925812
1609804800,0.56041278,1.28626501
1609819200,0.54401771,1.28597576
1609833600,0.65157366,1.28234798
1609848000,0.64486512,1.28408708
1609862400,0.68421633,1.27539203
1609876800,0.66644180,1.27603808
1609891200,0.65860064,1.27645266
1609905600,0.65461123,1.27550900
1609920000,0.64903528,1.27523093
1609934400,0.61500938,1.27495347
1609948800,0.61313523,1.27504327
1609963200,0.67868593,1.26308538
1609977600,0.66883821,1.26546180
1609992000,0.66519563,1.26414806
1610006400,0.67092373,1.26275634
1610020800,0.67633713,1.26010942
1610035200,0.64940729,1.26132527
1610049600,0.64567937,1.26366309
1610064000,0.65663718,1.26038257
1610078400,0.64747533,1.25951715
1610092800,0.69806635,1.24248574
1610107200,0.68334256,1.24588894
1610121600,0.67614147,1.24546040
1610136000,0.66659758,1.24710689
1610150400,0.66313070,1.24841435
1610164800,0.62703593,1.25201935
1610179200,0.63845363,1.24958151
1610193600,0.62538450,1.30005048
1610208000,0.62476752,1.30109923
1610222400,0.62943830,1.32606205
1610236800,0.62170357,1.32599475
1610251200,0.61552737,1.32668648
1610265600,0.66757461,1.32004575
1610280000,0.65867984,1.31962886
1610294400,0.70428435,1.30428642
1610308800,0.69335123,1.30345696
1610323200,0.74588977,1.27677482
1610337600,0.73031076,1.27278122
1610352000,0.71481427,1.27271605
1610366400,0.76282911,1.25337892
1610380800,0.74493928,1.25308494
1610395200,0.79108961,1.20977619
1610409600,0.76675132,1.20983739
1610424000,0.76848750,1.20283181
1610438400,0.75328779,1.20289566
1610452800,0.75990000,1.20111800
1610467200,0.73201902,1.19802398
1610481600,0.72621630,1.19645009
1610496000,0.71173299,1.19651772
1610510400,0.71827867,1.19089645
1610524800,0.70083946,1.18969062
1610539200,0.68978067,1.19011265
1610553600,0.90167214,1.18313149
1610568000,0.91373236,1.17583754
1610582400,0.90093093,1.17594011
1610596800,0.90330909,1.17208071
1610611200,0.89948754,1.17244194
1610625600,0.89246353,1.16863718
1610640000,0.88061410,1.16833561
1610654400,0.87561499,1.16686179
1610668800,0.86497579,1.16618030
1610683200,0.86088202,1.17068452
1610697600,0.84523663,1.17053979
1610712000,0.92978649,1.14721084
1610726400,0.91151543,1.14670499
1610740800,0.92081212,1.13763011
1610755200,0.91181504,1.14240290
1610769600,0.90797107,1.14244970
1610784000,0.88671721,1.13854856
1610798400,0.88221331,1.13846330
1610812800,0.87472089,1.13514269
1610827200,0.87038472,1.13579439
1610841600,0.86529885,1.14199403
1610856000,0.88236730,1.13368998
1610870400,0.87587053,1.13272827
1610884800,0.86584873,1.13191002
1610899200,0.86380745,1.13224203
1610913600,0.85422977,1.13290201
1610928000,0.84216142,1.13089270
1610942400,0.85544786,1.13073179
1610956800,0.85080100,1.13040897
1610971200,0.85369718,1.13043951
1610985600,0.84009267,1.13153606
1611000000,0.83758331,1.12987995
1611014400,0.82641160,1.12980373
1611028800,0.82772274,1.12783329
1611043200,0.82979454,1.12838405
1611057600,0.82523970,1.12845051
1611072000,0.82973134,1.12445279
1611086400,0.82833467,1.12387607
1611100800,0.83138085,1.12121112
1611115200,0.83232173,1.12014716
1611129600,0.85380490,1.11483255
1611144000,0.84542515,1.11716298
1611158400,0.85009790,1.11509978
1611172800,0.84377637,1.11618837
1611187200,0.84617148,1.11268046
1611201600,0.84134392,1.11304173
1611216000,0.92802038,1.08588857
1611230400,0.90759904,1.08266167
1611244800,0.90663305,1.07772666
1611259200,0.93251599,1.06452825
1611273600,1.23010639,1.06515958
1611288000,1.19204447,1.06537862
1611302400,1.18618204,1.06323277
1611316800,1.17772875,1.06046268
1611331200,1.18150636,1.05462086
1611345600,1.17342547,1.05339794
1611360000,1.16632046,1.05583816
1611374400,1.15550790,1.05495555
1611388800,1.18682028,1.05304019
1611403200,1.16707911,1.05584531
1611417600,1.15233190,1.05476559
1611432000,1.14211783,1.05487340
1611446400,1.13175789,1.06387557
1611460800,1.10390033,1.07484898
1611475200,1.10227705,1.09926614
1611489600,1.11317521,1.10626653
1611504000,1.11736962,1.12777439
1611518400,1.13391241,1.15079143
1611532800,1.17203281,1.15055246
1611547200,1.15920977,1.15168516
1611561600,1.14107403,1.15165523
1611576000,1.16318982,1.14478264
1611590400,1.16847291,1.14152712
1611604800,1.17877093,1.13621359
1611619200,1.17512786,1.13384756
1611633600,1.16615955,1.13382274
1611648000,1.14499279,1.13373162
1611662400,1.13188030,1.13436913
1611676800,1.10351581,1.13731856
1611691200,1.08463570,1.14986022
1611705600,1.09780727,1.14760742
1611720000,1.10331830,1.16352056
1611734400,1.13023371,1.16290056
1611748800,1.12043631,1.16588809
1611763200,1.11208677,1.16622418
1611777600,1.10315057,1.16636081
1611792000,1.13096572,1.16316782
1611806400,1.11088008,1.16298209
1611820800,1.10063503,1.16262952
1611835200,1.09580183,1.16275365
1611849600,1.09997320,1.16251832
1611864000,1.09877019,1.16370817
1611878400,1.09442553,1.16871789
1611892800,1.15147764,1.15823702
1611907200,1.57444411,1.05669558
1611921600,1.48542852,1.06666112
1611936000,1.52315147,1.03434354
1611950400,1.48274857,1.03604465
1611964800,1.42990417,1.03488230
1611979200,1.38014475,1.03169941
1611993600,1.75685770,1.03664028
1612008000,1.70656779,1.03992576
1612022400,1.69748520,1.04213853
1612036800,1.67425989,1.04662581
1612051200,1.61601791,1.04697602
1612065600,1.59690503,1.04713173
1612080000,1.60489266,1.04762088
1612094400,1.56783788,1.04535784
1612108800,1.57272147,1.04913332
1612123200,1.54335539,1.05108418
1612137600,1.53143335,1.05017656
1612152000,1.52633578,1.05251536
1612166400,1.50626217,1.06004133
1612180800,1.52853866,1.05683516
1612195200,1.52826547,1.05471203
1612209600,1.51963655,1.05475577
1612224000,1.53128539,1.05626304
1612238400,1.49866050,1.05397151
1612252800,1.48852817,1.05341846
1612267200,1.50357494,1.05343551
1612281600,1.48459129,1.05339735
1612296000,1.47769834,1.05347642
1612310400,1.47583654,1.05255460
1612324800,1.47882222,1.05251969
1612339200,1.44786302,1.05208201
1612353600,1.44824005,1.04914559
1612368000,1.46213391,1.05377504
1612382400,1.43562837,1.05164409
1612396800,1.43933644,1.05159436
1612411200,1.41885779,1.05114413
1612425600,1.40244661,1.05120950
1612440000,1.40670373,1.05050225
1612454400,1.41516303,1.05007037
1612468800,1.41125566,1.04968905
1612483200,1.40289350,1.05010172
1612497600,1.39315479,1.05035735
1612512000,1.39487838,1.05125413
1612526400,1.36083071,1.05100267
1612540800,1.35022321,1.05054496
1612555200,1.34605455,1.04959354
1612569600,1.37788831,1.04501996
1612584000,1.39647186,1.04652555
1612598400,1.36851006,1.04523801
1612612800,1.36788869,1.04450130
1612627200,1.36489052,1.04313856
1612641600,1.37324514,1.04228419
1612656000,1.36140108,1.04616735
1612670400,1.35156489,1.04623098
1612684800,1.36293786,1.04724207
1612699200,1.35382675,1.04236478
1612713600,1.54048715,1.04227509
1612728000,1.51928168,1.04134131
1612742400,1.52448577,1.04324244
1612756800,1.55841868,1.03857982
1612771200,1.56465703,1.03945868
1612785600,2.08570023,0.98016411
1612800000,1.95911621,0.97894872
1612814400,2.12337986,0.94496149
1612828800,2.05016358,0.94483417
1612843200,1.95378263,0.94416461
1612857600,1.90493605,0.94324105
1612872000,1.87709387,0.94281441
1612886400,1.81774739,0.94295977
1612900800,1.78211879,0.94344654
1612915200,1.77204579,0.94418997
1612929600,1.72986572,0.94419171
1612944000,1.74904708,0.94427797
1612958400,1.80191581,0.92891434
1612972800,1.78385903,0.92652371
1612987200,1.75406004,0.92621926
1613001600,1.72343677,0.92567044
1613016000,1.69002450,0.92491357
1613030400,1.69179520,0.93084786
1613044800,1.75445624,0.91989187
1613059200,1.73391862,0.92188554
1613073600,1.69791827,0.92214258
1613088000,1.62714085,0.92171712
1613102400,1.61236121,0.92280321
1613116800,1.55972438,0.92269188
1613131200,1.54099587,0.92235441
1613145600,1.53526868,0.92227211
1613160000,1.53573469,0.92383434
1613174400,1.49735990,0.92657690
1613188800,1.49855215,0.93648911
1613203200,1.49265369,0.94142028
1613217600,1.48239795,0.94066250
1613232000,1.48392042,0.94075052
1613246400,1.46366573,0.94234441
1613260800,1.45938879,0.94627324
1613275200,1.47555285,0.94235677
1613289600,1.47255699,0.94211926
1613304000,1.45575343,0.94169504
1613318400,1.45672287,0.94162689
1613332800,1.44849656,0.94433164
1613347200,1.45658568,0.94225320
1613361600,1.46950032,0.94237536
1613376000,1.43601114,0.94381123
1613390400,1.43857867,0.94374157
1613404800,1.40124794,0.95951707
1613419200,1.39300793,0.96007273
1613433600,1.33703856,0.95257796
1613448000,1.33604534,0.95236465
1613462400,1.32799846,0.95224493
1613476800,1.34646912,0.95541280
1613491200,1.29113851,0.96375335
1613505600,1.26331707,0.96296280
1613520000,1.26237455,0.96241033
1613534400,1.29412898,0.95724264
1613548800,1.30421757,0.95904641
1613563200,1.29624858,0.95905369
1613577600,1.26928219,0.95693227
1613592000,1.32192178,0.95810475
1613606400,1.26845382,0.95827615
1613620800,1.26346515,0.95826360
1613635200,1.22750603,0.95883327
1613649600,1.22377691,0.95874279
1613664000,1.21636860,0.95862542
1613678400,1.21236121,0.96100588
1613692800,1.20047419,0.96087754
1613707200,1.19226300,0.96146226
1613721600,1.20370354,0.96053616
1613736000,1.22479753,0.95922355
1613750400,1.23938171,0.95672258
1613764800,1.24046020,0.95507130
1613779200,1.24760411,0.95505101
1613793600,1.22391378,0.95461769
1613808000,1.22259313,0.95201788
1613822400,1.22814955,0.95287326
1613836800,1.20604483,0.95566324
1613851200,1.21381825,0.95816510
1613865600,1.21505740,0.95809049
1613880000,1.20631283,0.95825181
1613894400,1.21025067,0.95546532
1613908800,1.23505838,0.95733313
1613923200,1.17633490,0.95632739
1613937600,1.17103963,0.95642801
1613952000,1.19259604,0.95158636
1613966400,1.18950355,0.95360463
1613980800,1.24189927,0.94814523
1613995200,1.24645085,0.94485764
1614009600,1.23979053,0.94952751
1614024000,1.21078892,0.96235322
1614038400,1.28439940,0.95148664
1614052800,1.36004308,0.93855194
1614067200,1.53749777,0.90982388
1614081600,1.54821647,0.89961498
1614096000,1.67396394,0.87326825
1614110400,1.79814201,0.83852880
1614124800,1.75644806,0.83025181
1614139200,1.69361604,0.83184493
1614153600,1.49147195,0.83370658
1614168000,1.42805494,0.83378017
1614182400,1.41524616,0.83225723
1614196800,1.41533965,0.83457569
1614211200,1.39704215,0.83392099
1614225600,1.39726332,0.83392022
1614240000,1.38663441,0.83452640
1614254400,1.32907034,0.83428777
1614268800,1.31473707,0.83026263
1614283200,1.39644517,0.81223404
1614297600,1.38062159,0.81211936
1614312000,1.44259639,0.78919152
1614326400,1.42992058,0.78008272
1614340800,1.40302247,0.77557511
1614355200,1.38172815,0.77699963
1614369600,1.35031108,0.77656798
1614384000,1.34946527,0.77250429
1614398400,1.36594137,0.77295487
1614412800,1.37282164,0.78177733
1614427200,1.30993968,0.77982545
1614441600,1.30076847,0.77691464
1614456000,1.31437218,0.77076412
1614470400,1.33310634,0.76246693
1614484800,1.34317434,0.76429347
1614499200,1.28597470,0.76464010
1614513600,1.34460187,0.75170379
1614528000,1.33349271,0.74806560
1614542400,1.31871942,0.74590077
1614556800,1.30884041,0.74066448
1614571200,1.36138161,0.74120609
1614585600,1.31097687,0.73297179
1614600000,1.29498238,0.72979575
1614614400,1.28158461,0.72784060
1614628800,1.27644575,0.72142414
1614643200,1.26030763,0.72032100
1614657600,1.24441881,0.71935451
1614672000,1.23779158,0.71876338
1614686400,1.24923843,0.71903411
1614700800,1.22959890,0.71345241
1614715200,1.22912550,0.70999227
1614729600,1.23377973,0.71281631
1614744000,1.20563612,0.70929433
1614758400,1.25836703,0.69689795
1614772800,1.24556973,0.69420508
1614787200,1.27526702,0.69514706
1614801600,1.20344367,0.69444599
1614816000,1.18873436,0.69228031
1614830400,1.24119640,0.69223990
1614844800,1.20710257,0.69172177
1614859200,1.22966083,0.69222153
1614873600,1.14828774,0.68459504
1614888000,1.14088864,0.69032678
1614902400,1.13270117,0.68663952
1614916800,1.13492577,0.68660703
1614931200,1.11867595,0.68691723
1614945600,1.11792031,0.68746776
1614960000,1.12771740,0.68033862
1614974400,1.12385615,0.67930720
1614988800,1.12169153,0.68063617
1615003200,1.10119386,0.68059787
1615017600,1.08780137,0.67958894
1615032000,1.10910424,0.68053529
1615046400,1.11161646,0.67583430
1615060800,1.09974303,0.67481274
1615075200,1.08795539,0.67371497
1615089600,1.08282203,0.67277668
1615104000,1.08190502,0.67135287
1615118400,1.10050258,0.67252215
1615132800,1.09236721,0.67277563
1615147200,1.08266760,0.67182116
1615161600,1.08313117,0.67135965
1615176000,1.07837542,0.66900853
1615190400,1.07064093,0.67389944
1615204800,1.06317310,0.67279888
1615219200,1.06321506,0.67285890
1615233600,1.06095830,0.66887284
1615248000,1.08277467,0.66313222
1615262400,1.07094054,0.66341922
1615276800,1.05681163,0.66283370
1615291200,1.05659656,0.66766713
1615305600,1.07017522,0.66767370
1615320000,1.06396835,0.66609289
1615334400,1.07136966,0.65987096
1615348800,1.06303489,0.65839845
1615363200,1.05206877,0.65755707
1615377600,1.06954544,0.65099567
1615392000,1.05762170,0.65069087
1615406400,1.05489207,0.64874197
1615420800,1.05775274,0.65187535
1615435200,1.04398402,0.65313066
1615449600,1.06229484,0.64912776
1615464000,1.06351529,0.64932365
1615478400,1.02251163,0.64980079
1615492800,1.01847352,0.64722610
1615507200,1.00678665,0.64655913
1615521600,1.01294214,0.64709503
1615536000,1.00624432,0.64697996
1615550400,0.99347981,0.64631522
1615564800,1.02416630,0.64631399
1615579200,1.01226976,0.64634345
1615593600,0.98803194,0.64577149
1615608000,0.97324771,0.64484149
1615622400,1.03567028,0.62851605
1615636800,1.00855997,0.62866078
1615651200,0.97100827,0.62563921
1615665600,0.95667197,0.62527124
1615680000,0.94959398,0.62619296
1615694400,0.98414419,0.62513436
1615708800,0.98066336,0.63453528
1615723200,0.98199269,0.63397095
1615737600,0.98114733,0.63413469
1615752000,0.96031503,0.63258861
1615766400,0.97334977,0.62767019
1615780800,1.04546700,0.61062595
1615795200,1.03596478,0.60232799
1615809600,1.02379824,0.60786671
1615824000,0.97332108,0.60937213
1615838400,0.96680640,0.60812886
1615852800,1.00808838,0.60197718
1615867200,1.01493187,0.59905127
1615881600,1.00138276,0.59938438
1615896000,0.97947250,0.59921187
1615910400,0.98896998,0.60026071
1615924800,0.99546253,0.59607033
1615939200,1.00975337,0.59006298
1615953600,0.99443607,0.59561562
1615968000,0.97994714,0.59313540
1615982400,0.97845480,0.59462825
1615996800,1.09401384,0.56663348
1616011200,1.05122752,0.56352664
1616025600,1.02665520,0.56597867
1616040000,0.99300919,0.56564483
1616054400,0.98136942,0.56994004
1616068800,1.03032761,0.56576926
1616083200,1.07150452,0.55119417
1616097600,1.03917626,0.55221990
1616112000,1.02246530,0.62388823
1616126400,1.01049350,0.62665031
1616140800,0.98804240,0.64964711
1616155200,1.04975485,0.66421139
1616169600,1.03996384,0.66438873
1616184000,1.00548879,0.66326720
1616198400,0.99911720,0.66514683
1616212800,1.04179101,0.66540995
1616227200,0.99217155,0.66377522
1616241600,1.01166925,0.68258998
1616256000,1.02500568,0.68822913
1616270400,0.97966222,0.68507590
1616284800,0.97408031,0.68825701
1616299200,0.96831027,0.68664768
1616313600,0.96145988,0.69577870
1616328000,0.96051801,0.69603382
1616342400,0.96324457,0.70002603
1616356800,0.95992224,0.69999134
1616371200,0.95615101,0.70430048
1616385600,0.97251982,0.70432579
1616400000,0.98376635,0.70581665
1616414400,0.96005719,0.71151715
1616428800,0.96623229,0.70705871
1616443200,0.98172858,0.70890760
1616457600,0.96464837,0.70822939
1616472000,0.95199841,0.70886115
1616486400,0.95690566,0.71044633
1616500800,0.95028963,0.70806166
1616515200,0.96617041,0.71654116
1616529600,0.95410025,0.72009351
1616544000,0.96684782,0.72627574
1616558400,0.95326489,0.74049310
1616572800,0.96164555,0.75153383
1616587200,0.95224162,0.75159742
1616601600,0.97229513,0.74900625
1616616000,1.04888337,0.73194236
1616630400,1.01885845,0.73527770
1616644800,0.99806123,0.73552845
1616659200,0.97803049,0.73739983
1616673600,0.97640846,0.73755279
1616688000,1.00328727,0.73403729
1616702400,0.99267385,0.73327073
1616716800,0.99276659,0.72999102
1616731200,0.99120024,0.72609991
1616745600,0.98503290,0.72377276
1616760000,0.97173304,0.72421224
1616774400,0.96038533,0.72627878
1616788800,0.96802963,0.72198145
1616803200,0.95556127,0.75671119
1616817600,0.94556203,0.75712430
1616832000,0.93356281,0.75821840
1616846400,0.92851158,0.75749360
1616860800,0.94087280,0.75634065
1616875200,0.94379733,0.75632728
1616889600,0.92708821,0.75706900
1616904000,0.92581913,0.76022379
1616918400,0.91743551,0.76068825
1616932800,0.92527074,0.75994703
1616947200,0.92403042,0.75680353
1616961600,0.91434190,0.75614087
1616976000,0.90122312,0.75587196
1616990400,0.89544497,0.75573446
1617004800,0.94485316,0.74737699
1617019200,0.92736517,0.74805873
1617033600,0.92138343,0.75107805
1617048000,0.90983958,0.75191782
1617062400,0.88567593,0.75234779
1617076800,0.91355460,0.75044802
1617091200,0.91217522,0.74748399
1617105600,0.90435596,0.74734671
1617120000,0.89595393,0.74892857
1617134400,0.89070105,0.75011861
1617148800,0.89289686,0.75012055
1617163200,0.89152113,0.75072016
1617177600,0.90460230,0.75072062
1617192000,0.89779576,0.76928760
1617206400,0.88831015,0.76862112
1617220800,0.88508060,0.77084112
1617235200,0.87198322,0.77116530
1617249600,0.86566081,0.77141342
1617264000,0.88103789,0.77130434
1617278400,0.88290814,0.77143290
1617292800,0.89086151,0.77183770
1617307200,0.87906682,0.77173978
1617321600,0.86782597,0.77278384
1617336000,0.86216860,0.77250797
1617350400,0.86688298,0.77296352
1617364800,0.86086043,0.77356442
1617379200,0.84410404,0.77286814
1617393600,0.86751237,0.77300668
1617408000,0.85973637,0.77738471
1617422400,0.86145038,0.77897269
1617436800,0.86223082,0.77901572
1617451200,0.85058026,0.78134075
1617465600,0.84912156,0.78123564
1617480000,0.86277739,0.77604686
1617494400,0.84881679,0.78263442
1617508800,0.84876731,0.78317320
1617523200,0.82928440,0.78298338
1617537600,0.82758593,0.79573430
1617552000,0.85978488,0.79718745
1617566400,0.84239037,0.80154062
1617580800,0.83466060,0.80662401
1617595200,0.83446160,0.80653015
1617609600,0.83244957,0.80623977
1617624000,0.84623175,0.81719178
1617638400,0.85022701,0.81771297
1617652800,0.83660978,0.81792297
1617667200,0.82016402,0.81832811
1617681600,0.82638072,0.81831429
1617696000,0.85929953,0.82124687
1617710400,0.83033020,0.82184417
1617724800,0.82565743,0.82362389
1617739200,0.82494947,0.82363576
1617753600,0.83255031,0.82474869
1617768000,0.83340500,0.82476182
1617782400,0.85789188,0.82042341
1617796800,0.85277172,0.82270041
1617811200,0.83782258,0.82249059
1617825600,0.83471647,0.82260861
1617840000,0.82948069,0.82306231
1617854400,0.83457451,0.82286726
1617868800,0.83259515,0.82206567
1617883200,0.85542730,0.81998522
1617897600,0.85703607,0.82374976
1617912000,0.83820467,0.82353266
1617926400,0.83931777,0.82357000
1617940800,0.83526668,0.82448076
1617955200,0.82991030,0.82397392
1617969600,0.82783123,0.82442832
1617984000,0.82940093,0.82441610
1617998400,0.82281597,0.82637809
1618012800,0.83184750,0.82623588
1618027200,0.84661193,0.82490156
1618041600,0.84276968,0.82504779
1618056000,0.82947714,0.82490584
1618070400,0.82529627,0.83778881
1618084800,0.82686601,0.83772189
1618099200,0.82386841,0.83838951
1618113600,0.82314312,0.83831893
1618128000,0.82768558,0.83878782
1618142400,0.82392116,0.84027746
1618156800,0.82421418,0.84107418
1618171200,0.81112808,0.84087525
1618185600,0.81213556,0.84314962
1618200000,0.80936421,0.84381931
1618214400,0.80629406,0.84447904
1618228800,0.80582561,0.84635968
1618243200,0.80861155,0.84905129
1618257600,0.80218855,0.90924855
1618272000,0.80089594,0.91054499
1618286400,0.80249774,0.91045555
1618300800,0.85946521,0.90677233
1618315200,0.83971612,0.90655496
1618329600,0.82716905,0.90969676
1618344000,0.81957736,0.91270543
1618358400,0.81779022,0.91334406
1618372800,0.81721293,0.91465686
1618387200,0.81601534,0.91533417
1618401600,0.83925952,0.91292152
1618416000,0.83664230,0.91476257
1618430400,0.83360477,0.91394921
1618444800,0.83367185,0.91404740
1618459200,0.82002129,0.91745875
1618473600,0.82690534,0.91770994
1618488000,0.82009271,0.91752698
1618502400,0.81591921,0.91913309
1618516800,0.81856624,0.92384582
1618531200,0.81465754,0.93116130
1618545600,0.84772438,0.93012492
1618560000,0.84370091,0.92987119
1618574400,0.84145018,0.93355726
1618588800,0.84599588,0.94649381
1618603200,0.83244112,0.94803701
1618617600,0.83142857,0.98379357
1618632000,0.83167259,0.99858678
1618646400,0.84443239,0.99723750
1618660800,0.84286190,1.01415090
1618675200,0.83872137,1.01609030
1618689600,0.83035625,1.01667076
1618704000,1.06952166,0.97923266
1618718400,1.02994587,0.97790638
1618732800,1.05526578,0.96097476
1618747200,1.05565655,0.96862301
1618761600,1.04239023,0.96871111
1618776000,1.00577911,0.96883011
1618790400,0.98861233,0.98613795
1618804800,0.97573652,0.98610698
1618819200,0.95031654,0.99746815
1618833600,1.00117564,0.99288614
1618848000,0.99797281,1.00533570
1618862400,0.99028726,1.03345137
1618876800,0.97672746,1.04312308
1618891200,0.97932507,1.05296130
1618905600,0.98249773,1.04693457
1618920000,0.97506035,1.04832357
1618934400,0.97473819,1.05052445
1618948800,0.98146926,1.05076304
1618963200,0.96538946,1.04793713
1618977600,0.96998432,1.05063491
1618992000,0.94551088,1.05592921
1619006400,0.96012193,1.12103866
1619020800,0.95665655,1.12264965
1619035200,0.97164609,1.12342545
1619049600,0.96938101,1.12362756
1619064000,0.95501513,1.12470366
1619078400,0.94707441,1.13743089
1619092800,0.94856762,1.13735108
1619107200,0.95849412,1.13497474
1619121600,0.96442318,1.13209615
1619136000,0.97303591,1.12813980
1619150400,1.01849229,1.12588605
1619164800,1.03676329,1.11749671
1619179200,1.02548247,1.13773620
1619193600,1.00519039,1.13560979
1619208000,0.99123487,1.14701852
1619222400,0.98724599,1.14648589
1619236800,0.96806172,1.15423119
1619251200,0.96789427,1.15660735
1619265600,0.97421533,1.15384456
1619280000,0.96570354,1.16790405
1619294400,0.96026304,1.16911865
1619308800,0.95396199,1.16960296
1619323200,0.94629431,1.17110457
1619337600,0.93273176,1.19253497
1619352000,0.93650616,1.20315428
1619366400,0.94402828,1.20519112
1619380800,0.93590592,1.20883211
1619395200,1.04570165,1.19200291
1619409600,1.01395125,1.19470220
1619424000,1.00150401,1.19483555
1619438400,0.98850697,1.19878025
1619452800,0.98083785,1.19870158
1619467200,0.95102976,1.20071729
1619481600,0.94820421,1.20937582
1619496000,0.95685001,1.20897451
1619510400,0.95266893,1.21527427
1619524800,0.94518965,1.21525815
1619539200,0.94068563,1.21774246
1619553600,0.93562761,1.21789808
1619568000,0.92240393,1.21801002
1619582400,0.91939987,1.22335279
1619596800,0.92343955,1.23266959
1619611200,0.92439727,1.23942303
1619625600,0.93927387,1.24104070
1619640000,0.93546342,1.24057910
1619654400,0.93346046,1.24241794
1619668800,0.92725112,1.24272366
1619683200,0.92225791,1.24468637
1619697600,0.91751650,1.24861213
1619712000,0.92638590,1.24781340
1619726400,0.92682822,1.24825378
1619740800,0.92068324,1.24831987
1619755200,0.92347167,1.25364219
1619769600,0.91699687,1.25407515
1619784000,1.00830077,1.24305478
1619798400,0.98106287,1.24405154
1619812800,0.97505589,1.24332006
1619827200,0.96510523,1.24813757
1619841600,0.95820401,1.25476607
1619856000,0.93498184,1.25840412
1619870400,0.93112965,1.25818073
1619884800,0.92192867,1.25797750
1619899200,0.91448531,1.25856335
1619913600,0.94533481,1.25730557
1619928000,0.93428366,1.25733758
1619942400,0.93577412,1.25722122
1619956800,0.93612060,1.25735111
1619971200,0.93324371,1.25750633
1619985600,0.90036549,1.25931111
1620000000,0.94901936,1.25672213
1620014400,0.95025846,1.25776981
1620028800,0.93914849,1.25774902
1620043200,0.95761792,1.25853257
1620057600,0.94359597,1.25860748
1620072000,0.93234162,1.25869200
1620086400,0.97067609,1.25426665
1620100800,0.96161492,1.25720437
1620115200,0.94805071,1.25721581
1620129600,1.00643847,1.24867390
1620144000,0.99539656,1.24775146
1620158400,0.99593686,1.24618974
1620172800,1.00746664,1.24785597
1620187200,0.98875524,1.25373268
1620201600,0.96990324,1.25360374
1620216000,1.01808602,1.24475197
1620230400,0.99791003,1.24450220
1620244800,0.98194556,1.24435946
1620259200,0.98250700,1.24493006
1620273600,0.97047157,1.24506095
1620288000,0.95093002,1.25364170
1620302400,0.95437889,1.25323340
1620316800,0.96225154,1.25288593
1620331200,0.95176820,1.25308470
1620345600,0.95821943,1.25328123
1620360000,0.93776560,1.25333406
1620374400,0.94050893,1.25289360
1620388800,0.94556783,1.25171967
1620403200,0.93559549,1.25236618
1620417600,0.92970441,1.25225134
1620432000,0.94173577,1.25267147
1620446400,0.93330881,1.25270697
1620460800,0.90785936,1.25291409
1620475200,0.93377647,1.25214685
1620489600,0.95790050,1.25024023
1620504000,0.94190845,1.26759874
1620518400,0.93771768,1.26998559
1620532800,0.94538573,1.26950722
1620547200,0.92809904,1.26956656
1620561600,0.90826239,1.27787988
1620576000,0.90174484,1.28420262
1620590400,0.93105825,1.28392094
1620604800,0.94248167,1.28356758
1620619200,0.94975505,1.28951498
1620633600,0.95485963,1.29192759
1620648000,0.94990935,1.29894379
1620662400,1.01400773,1.29009813
1620676800,0.98395962,1.29426504
1620691200,0.99230939,1.29406194
1620705600,0.98993820,1.29361292
1620720000,0.98808634,1.29587717
1620734400,0.94925729,1.29776447
1620748800,0.95208795,1.29743223
1620763200,0.93228548,1.29743079
1620777600,0.95984102,1.29584261
1620792000,0.95803007,1.29571278
1620806400,0.95579544,1.29524156
1620820800,0.96484640,1.29491021
1620835200,0.97774356,1.29372048
1620849600,1.09470946,1.25208865
1620864000,1.07323754,1.26135376
1620878400,1.06147077,1.26139786
1620892800,1.06423734,1.25963562
1620907200,1.04778442,1.25974764
1620921600,0.99669292,1.25776257
1620936000,1.00164821,1.25535177
1620950400,0.99511446,1.25626012
1620964800,0.99322611,1.25549773
1620979200,0.99136939,1.25634312
1620993600,0.98471333,1.25549501
1621008000,0.98673511,1.26261957
1621022400,0.97588394,1.26869260
1621036800,0.96416273,1.26862090
1621051200,0.98733756,1.26710889
1621065600,0.97807042,1.26711425
1621080000,0.94748951,1.27392703
1621094400,0.97654594,1.27508712
1621108800,0.99873500,1.27355083
1621123200,1.01414483,1.26818031
1621137600,1.01336270,1.26621869
1621152000,1.00503742,1.26679567
1621166400,1.01892167,1.26355404
1621180800,1.04239919,1.25394396
1621195200,1.02483542,1.25277906
1621209600,1.08773146,1.22374953
1621224000,1.09136667,1.21166630
1621238400,1.07488581,1.21423546
1621252800,1.09176668,1.19992738
1621267200,1.08020534,1.19808008
1621281600,1.05346403,1.19732957
1621296000,1.04686933,1.19424857
1621310400,1.03586201,1.19440728
1621324800,0.99511478,1.19437477
1621339200,1.05049220,1.18013510
1621353600,1.02383958,1.18584709
1621368000,1.01813387,1.18592327
1621382400,1.06542858,1.17045643
1621396800,1.04207408,1.17048771
1621411200,1.05568123,1.16076712
1621425600,1.06411002,1.16179046
1621440000,1.08316675,1.15213358
1621454400,1.09457244,1.12781994
1621468800,1.09808035,1.11900372
1621483200,1.09653291,1.11168870
1621497600,1.08032897,1.11086760
1621512000,1.07641127,1.10810555
1621526400,1.05462875,1.10339261
1621540800,1.02027493,1.10399770
1621555200,0.98821052,1.10386286
1621569600,1.00832874,1.10131740
1621584000,1.02316545,1.10889106
1621598400,1.11321655,1.03976628
1621612800,1.09705703,1.04241623
1621627200,1.10480936,1.03592885
1621641600,1.08967503,1.03969751
1621656000,1.09507453,1.05157315
1621670400,1.05342520,1.03783854
1621684800,1.01309364,1.03802360
1621699200,1.03504952,1.03487757
1621713600,1.01840558,1.03985975
1621728000,0.99766460,1.05015992
1621742400,1.02220752,1.04085003
1621756800,1.01520397,1.05068059
1621771200,1.06560756,1.02986675
1621785600,1.04477816,1.03260688
1621800000,1.07718333,1.01978471
1621814400,1.05875910,1.02964440
1621828800,1.07456714,1.02076577
1621843200,1.04834798,1.01672405
1621857600,1.02277129,1.01770936
1621872000,1.06008244,1.00298859
1621886400,1.05128993,1.00379492
1621900800,1.03417713,1.00901053
1621915200,1.03260278,1.00760041
1621929600,1.07967635,0.98758507
1621944000,1.07381039,0.97359177
1621958400,1.07008608,0.97319807
1621972800,1.07339244,0.96871532
1621987200,1.07769779,0.96386145
1622001600,1.05257673,0.96333252
1622016000,1.02752096,0.96752929
1622030400,1.03342877,0.96515349
1622044800,1.01128864,0.96561785
1622059200,1.01069266,0.96577425
1622073600,1.06306869,0.95525484
1622088000,1.05406562,0.96340862
1622102400,1.06724337,0.96193165
1622116800,1.04326386,0.96240589
1622131200,1.05877998,0.95917160
1622145600,1.02963921,0.96186197
1622160000,1.02220094,0.96608733
1622174400,1.03230468,0.95900780
1622188800,1.06649668,0.94637560
1622203200,1.07474161,0.93692871
1622217600,1.07434215,0.93324009
1622232000,1.05706762,0.95206262
1622246400,1.06255607,0.94931815
1622260800,1.03611034,0.95102178
1622275200,1.02438293,0.95315793
1622289600,1.03335953,0.95139754
1622304000,1.02523267,0.95217864
1622318400,1.02257491,0.95050681
1622332800,1.01204310,0.95045649
1622347200,1.04249011,0.94301819
1622361600,1.01831781,0.94492596
1622376000,1.03147952,0.94355071
1622390400,1.02803932,0.94193900
1622404800,1.02593607,0.94228841
1622419200,1.03390138,0.93865500
1622433600,1.05582165,0.92950001
1622448000,1.05478221,0.92539013
1622462400,1.03642886,0.92761799
1622476800,1.03087674,0.92926210
1622491200,1.02456385,0.92889879
1622505600,1.00252657,0.93186197
1622520000,0.95921129,0.93526282
1622534400,0.96215723,0.93588474
1622548800,0.97044879,0.93569804
1622563200,0.96318474,0.93606333
1622577600,0.97938215,0.93461516
1622592000,0.97275853,0.93657723
1622606400,0.99578686,0.93502189
1622620800,0.97604082,0.93565966
1622635200,1.00623461,0.93464934
1622649600,0.98413197,0.93520096
1622664000,0.98725524,0.93595980
1622678400,0.96147546,0.93636428
1622692800,1.00334366,0.93727035
1622707200,0.97496397,0.93722167
1622721600,0.97604983,0.93698709
1622736000,0.96422986,0.93706639
1622750400,0.98796500,0.93534079
1622764800,1.01266854,0.92771879
1622779200,1.03654559,0.92436466
1622793600,1.01910607,0.92437765
1622808000,1.02469654,0.92368839
1622822400,1.01613571,0.92358937
1622836800,0.99708114,0.92397732
1622851200,0.98437990,0.92733182
1622865600,0.97909151,0.92718856
1622880000,1.04178997,0.91746146
1622894400,1.02853743,0.91678769
1622908800,1.02706340,0.91706230
1622923200,1.01974361,0.91773778
1622937600,1.02204796,0.91676356
1622952000,0.98740278,0.92182848
1622966400,0.98569510,0.92500412
1622980800,0.97951935,0.92454448
1622995200,0.98345092,0.92364291
1623009600,0.96439280,0.92388562
1623024000,0.98628185,0.92235923
1623038400,0.98083550,0.92243844
1623052800,0.97832809,0.92222044
1623067200,0.97764155,0.92212925
1623081600,0.98137695,0.92142820
1623096000,1.06000009,0.90073703
1623110400,1.04841390,0.89910712
1623124800,1.03389353,0.90319844
1623139200,1.02711700,0.90338473
1623153600,1.05893340,0.89125643
1623168000,1.05307916,0.88214705
1623182400,1.04045379,0.88074354
1623196800,1.03800585,0.87908015
1623211200,1.05809921,0.86870725
1623225600,1.04709571,0.86498294
1623240000,1.05764965,0.85842084
1623254400,1.03661021,0.85846155
1623268800,1.05245407,0.85308715
1623283200,1.03572221,0.85227065
1623297600,1.01731595,0.85227148
1623312000,1.02401014,0.84835102
1623326400,1.03170378,0.84401123
1623340800,1.01252986,0.84515957
1623355200,1.00099077,0.84522089
1623369600,1.00208019,0.84515846
1623384000,0.99628754,0.84450503
1623398400,0.96968686,0.84480577
1623412800,0.98354546,0.84339651
1623427200,0.98641231,0.84252168
1623441600,0.97682968,0.84333380
1623456000,1.04217976,0.82753231
1623470400,1.02633576,0.82717883
1623484800,1.02056130,0.83011803
1623499200,1.01478456,0.83015376
1623513600,1.01112764,0.83138969
1623528000,0.97965447,0.83171864
1623542400,0.98713162,0.82959027
1623556800,0.98570480,0.82884292
1623571200,0.99244401,0.82684571
1623585600,0.98614635,0.82718867
1623600000,1.02766086,0.81450203
1623614400,1.03603685,0.80603513
1623628800,1.02202747,0.81177035
1623643200,1.02105890,0.81027757
1623657600,1.01724119,0.81157051
1623672000,1.02962279,0.80165615
1623686400,1.02336010,0.79716515
1623700800,1.02291576,0.79408872
1623715200,1.01375527,0.79423423
1623729600,1.00893147,0.79443244
1623744000,1.00033157,0.79578493
1623758400,0.98839816,0.79570697
1623772800,0.97248381,0.79575373
1623787200,0.97218889,0.79631768
1623801600,0.96937870,0.79629257
1623816000,0.95362486,0.79642459
1623830400,0.99204154,0.79464417
1623844800,0.98756080,0.80231063
1623859200,0.98271132,0.80257935
1623873600,0.98364384,0.80418787
1623888000,0.98716373,0.80283924
1623902400,0.97231280,0.80238503
1623916800,0.96595930,0.80245067
1623931200,0.96499548,0.80334021
1623945600,0.99953280,0.79465443
1623960000,0.99104209,0.79470525
1623974400,0.98545919,0.79754732
1623988800,0.98316281,0.79886020
1624003200,0.98031651,0.79886411
1624017600,1.00669193,0.78847358
1624032000,1.01244503,0.78246612
1624046400,1.00646403,0.78113301
1624060800,1.00864338,0.77839116
1624075200,1.00864161,0.77555890
1624089600,0.99350400,0.77632929
1624104000,0.98185474,0.77879505
1624118400,0.97620038,0.77866108
1624132800,0.97174522,0.77753197
1624147200,0.95189592,0.78990723
1624161600,0.94945606,0.79019157
1624176000,1.01979169,0.77105175
1624190400,1.00936697,0.76937443
1624204800,1.01737394,0.76237475
1624219200,1.00569544,0.76230898
1624233600,1.01730091,0.75660141
1624248000,1.03630517,0.74585449
1624262400,1.02181598,0.74916180
1624276800,1.00818588,0.74984904
1624291200,1.00043800,0.75037757
1624305600,1.01473707,0.74535028
1624320000,1.02389378,0.73107489
1624334400,1.01025625,0.73026608
1624348800,1.03594838,0.71481709
1624363200,1.02433037,0.71543983
1624377600,1.02362471,0.71111952
1624392000,0.99999935,0.71115111
1624406400,1.03538543,0.69477838
1624420800,1.00039856,0.69488535
1624435200,0.99759136,0.69509253
1624449600,1.00103039,0.69362424
1624464000,1.00362727,0.69084577
1624478400,0.99184687,0.70074485
1624492800,1.00983157,0.69186650
1624507200,0.99822008,0.69152736
1624521600,1.01351756,0.68371636
1624536000,0.99681416,0.68360766
1624550400,1.00910410,0.67764437
1624564800,0.98941311,0.67852697
1624579200,0.99174188,0.67725195
1624593600,0.99276231,0.67477511
1624608000,1.00776422,0.66716366
1624622400,1.00100899,0.66385867
1624636800,0.99531776,0.66291161
1624651200,1.00049481,0.66692258
1624665600,0.99307301,0.71988781
1624680000,1.01607668,0.70627523
1624694400,1.02198779,0.69700566
1624708800,1.00862149,0.69645935
1624723200,0.99561505,0.69982709
1624737600,1.00838455,0.72218446
1624752000,1.00688169,0.71733503
1624766400,0.98436739,0.71771392
1624780800,0.97661879,0.72284564
1624795200,0.97115149,0.72301490
1624809600,0.97390815,0.72297252
1624824000,1.02838772,0.71406088
1624838400,1.00911972,0.71426257
1624852800,1.01185080,0.71140249
1624867200,1.01894275,0.70911700
1624881600,1.02052568,0.71000419
1624896000,0.99986086,0.71082257
1624910400,0.98275463,0.71159187
1624924800,0.98246856,0.71212645
1624939200,0.97587006,0.71172738
1624953600,0.96163208,0.70844514
1624968000,0.96475724,0.70570288
1624982400,0.95749797,0.70593619
1624996800,0.96668255,0.70494084
1625011200,0.97832106,0.70057822
1625025600,0.96158299,0.70081051
1625040000,0.96070746,0.70612048
1625054400,0.97128447,0.70401425
1625068800,0.97168458,0.70484603
1625083200,0.95761438,0.73260496
1625097600,0.97937836,0.72749632
1625112000,0.98490725,0.72337111
1625126400,0.97700322,0.72228236
1625140800,0.97171193,0.72165958
1625155200,0.97257321,0.72101185
1625169600,0.96399243,0.71963644
1625184000,0.96146401,0.72150697
1625198400,0.96090658,0.72251716
1625212800,0.95935144,0.72175559
1625227200,0.96894797,0.71907326
1625241600,0.96352848,0.71822654
1625256000,0.96113546,0.72655875
1625270400,0.95481049,0.72604897
1625284800,0.97883284,0.71959141
1625299200,0.96038239,0.72107440
1625313600,0.95159359,0.72124326
1625328000,0.95280134,0.72268695
1625342400,0.94830958,0.72264794
1625356800,0.87203506,0.72406511
1625371200,0.95860125,0.71821835
1625385600,0.94458758,0.71822139
1625400000,0.94018238,0.71881667
1625414400,0.94296055,0.71892996
1625428800,0.95009534,0.71862296
1625443200,0.96103012,0.71264655
1625457600,0.94772406,0.71276121
1625472000,0.97535793,0.70766593
1625486400,0.96667052,0.71506066
1625500800,0.97423305,0.71392921
1625515200,0.96322112,0.71255829
1625529600,0.96021438,0.71260271
1625544000,0.97223561,0.70775894
1625558400,0.97988597,0.70741831
1625572800,0.95942768,0.71084158
1625587200,0.95623264,0.73036776
1625601600,0.96245835,0.73017896
1625616000,0.94405844,0.73187434
1625630400,0.91215844,0.73294650
1625644800,0.90955093,0.73317387
1625659200,0.92287241,0.74575096
1625673600,0.90091111,0.74795395
1625688000,0.94597585,0.74392016
1625702400,0.95222570,0.74542521
1625716800,0.97112899,0.74127919
1625731200,0.96244557,0.74251253
1625745600,0.96318872,0.74301513
1625760000,0.94609266,0.74444130
1625774400,0.94006047,0.74595550
1625788800,0.88324542,0.74624764
1625803200,0.87370467,0.74706702
1625817600,0.85870703,0.74740198
1625832000,0.94372252,0.74373912
1625846400,0.93250678,0.74395386
1625860800,0.94497038,0.74290783
1625875200,0.93351645,0.74326922
1625889600,0.92972524,0.74375995
1625904000,0.88399123,0.76250060
1625918400,0.88853222,0.76247710
1625932800,0.90929988,0.76090192
1625947200,0.90231267,0.76127823
1625961600,0.89955238,0.76262542
1625976000,0.89995784,0.76289934
1625990400,0.91818046,0.76375379
1626004800,0.88625335,0.76372774
1626019200,0.88103088,0.76401525
1626033600,0.91011433,0.76313809
1626048000,0.91195141,0.76280999
1626062400,0.90362905,0.76463406
1626076800,0.94603706,0.76145771
1626091200,0.94030816,0.76214965
1626105600,0.95153815,0.76008456
1626120000,0.94941117,0.76264347
1626134400,0.93690614,0.76316867
1626148800,0.91927043,0.76472401
1626163200,0.91961506,0.76580365
1626177600,0.90012183,0.76630449
1626192000,0.92242727,0.76462025
1626206400,0.93441963,0.76324540
1626220800,0.96664411,0.75933047
1626235200,0.95383135,0.76256450
1626249600,0.96813027,0.76049578
1626264000,0.96292921,0.75982390
1626278400,0.94695806,0.75982874
1626292800,0.91761828,0.76645812
1626307200,0.92331416,0.76654047
1626321600,0.89834935,0.76633931
1626336000,0.93088715,0.76758399
1626350400,0.92636687,0.76787520
1626364800,0.92634329,0.76773833
1626379200,0.93545043,0.76693329
1626393600,0.91318929,0.76701661
1626408000,0.89165814,0.77186917
1626422400,0.93554505,0.76835910
1626436800,0.96595935,0.76001937
1626451200,0.95497564,0.75977945
1626465600,0.96635522,0.75909988
1626480000,0.95420096,0.75955082
1626494400,0.95300447,0.75922576
1626508800,0.91263924,0.75927257
1626523200,0.92519016,0.76317059
1626537600,0.89262765,0.76335273
1626552000,0.91103160,0.76263508
1626566400,0.93669957,0.76036676
1626580800,0.94191523,0.75962581
1626595200,0.92818216,0.76288034
1626609600,0.94314543,0.76648159
1626624000,0.93915921,0.76607762
1626638400,0.91857120,0.76871018
1626652800,0.91124013,0.76880594
1626667200,0.90238472,0.76880738
1626681600,0.90759533,0.76811408
1626696000,0.93069085,0.77002931
1626710400,0.91280131,0.77326651
1626724800,0.91692183,0.77331545
1626739200,0.97327197,0.76250115
1626753600,0.96142361,0.76351970
1626768000,0.95359933,0.76407011
1626782400,0.95776512,0.77335426
1626796800,0.95392827,0.77628244
1626811200,0.86836632,0.77630338
1626825600,0.86168280,0.77657196
1626840000,0.95453464,0.76839672
1626854400,0.96441577,0.76368657
1626868800,0.96151740,0.77367351
1626883200,0.96228365,0.77300706
1626897600,0.96947442,0.77244164
1626912000,0.94403682,0.77290848
1626926400,0.92341543,0.77265618
1626940800,0.92035057,0.77295062
1626955200,0.93678863,0.77220329
1626969600,0.91290314,0.77235389
1626984000,0.91139918,0.77232931
1626998400,0.92127065,0.77171397
1627012800,0.91345465,0.77214191
1627027200,0.88526448,0.77195006
1627041600,0.87233238,0.77320008
1627056000,0.87264616,0.77325535
1627070400,0.96781533,0.76125997
1627084800,0.94687117,0.76451927
1627099200,0.95434414,0.76442830
1627113600,0.96340220,0.76461802
1627128000,0.95830437,0.76695168
1627142400,0.79806824,0.76724648
1627156800,0.88663751,0.76652651
1627171200,0.87515794,0.76660963
1627185600,0.92443966,0.76540623
1627200000,0.92887623,0.76520709
1627214400,0.93121880,0.76899322
1627228800,0.92217661,0.76879308
1627243200,0.96954743,0.76288312
1627257600,0.99943564,0.71208437
1627272000,0.98758954,0.71208046
1627286400,1.00479427,0.71285865
1627300800,1.00460403,0.71839074
1627315200,1.01704132,0.71514558
1627329600,0.97659799,0.68873434
1627344000,0.97470556,0.69209489
1627358400,0.97809288,0.69562921
1627372800,0.99299663,0.69024966
1627387200,0.98025676,0.69007745
1627401600,0.93301020,0.68904886
1627416000,0.97176316,0.67234088
1627430400,0.96589728,0.67162756
1627444800,0.94641201,0.67338895
1627459200,0.97478940,0.66909453
1627473600,0.98259845,0.66427486
1627488000,0.95320750,0.66141596
1627502400,0.95171652,0.66290808
1627516800,0.95603574,0.66240742
1627531200,0.94270644,0.66213914
1627545600,0.90380173,0.66230289
1627560000,0.87650812,0.66219608
1627574400,0.87397655,0.66184178
1627588800,0.87726556,0.66133564
1627603200,0.85553471,0.66297756
1627617600,0.87827719,0.66289656
1627632000,0.94382653,0.65656433
1627646400,0.94186172,0.65591098
1627660800,0.95571861,0.65305656
1627675200,0.99050031,0.62111202
1627689600,0.98554526,0.62310531
1627704000,0.98205007,0.62270597
1627718400,0.97084695,0.62270250
1627732800,0.97050465,0.62275365
1627747200,0.86282328,0.62375609
1627761600,0.83917059,0.63477012
1627776000,0.92373196,0.62950747
1627790400,0.93792141,0.62814254
1627804800,0.92759850,0.62823528
1627819200,0.93688961,0.62916417
1627833600,0.91767617,0.62918701
1627848000,0.94950055,0.61794541
1627862400,0.92888200,0.61793978
1627876800,0.94056250,0.61754214
1627891200,0.94933445,0.61701594
1627905600,0.94560316,0.61700816
1627920000,0.90374802,0.61718517
1627934400,0.88867043,0.61895868
1627948800,0.91490874,0.61946691
1627963200,0.89104311,0.61972428
1627977600,0.88987048,0.61989503
1627992000,0.88409413,0.62025898
1628006400,0.88396944,0.62033672
1628020800,0.85508941,0.62011468
1628035200,0.86654619,0.61993963
1628049600,0.86900893,0.61992591
1628064000,0.87741431,0.62234249
1628078400,0.94384051,0.61405369
1628092800,0.94481890,0.61289069
1628107200,0.93013752,0.61407906
1628121600,0.94687818,0.61390839
1628136000,0.95466232,0.61182291
1628150400,0.93677783,0.60717508
1628164800,0.94660535,0.60317072
1628179200,0.97737075,0.57941901
1628193600,0.97084021,0.57927650
1628208000,0.98272401,0.57697617
1628222400,0.98013303,0.57509482
1628236800,0.97344558,0.57524187
1628251200,0.95779389,0.55794434
1628265600,0.96208900,0.55583495
1628280000,0.95098478,0.56067528
1628294400,0.96734726,0.55595141
1628308800,0.96760957,0.55475768
1628323200,0.93366186,0.55337151
1628337600,0.92585317,0.55248654
1628352000,0.93566213,0.55052522
1628366400,0.92524931,0.55197779
1628380800,0.91850304,0.55151724
1628395200,0.91714188,0.55066952
1628409600,0.91280845,0.55811548
1628424000,0.91142385,0.63300454
1628438400,0.89395841,0.63266047
1628452800,0.88304102,0.63273776
1628467200,0.88369037,0.63302836
1628481600,0.88688065,0.64053586
1628496000,0.96451445,0.62579155
1628510400,0.95239668,0.62622997
1628524800,0.95579698,0.62681599
1628539200,0.96914758,0.62677689
1628553600,0.95857548,0.62516371
1628568000,0.88020349,0.62523090
1628582400,0.90334589,0.62332796
1628596800,0.89333016,0.62551887
1628611200,0.89733480,0.62595953
1628625600,0.87554490,0.62608576
1628640000,0.86191780,0.62660557
1628654400,0.89292044,0.62547215
1628668800,0.89420188,0.62487392
1628683200,0.90247823,0.62726599
1628697600,0.88235440,0.62742386
1628712000,0.92648058,0.62652098
1628726400,0.91166763,0.62644371
1628740800,0.92177636,0.62462073
1628755200,0.92199692,0.62456085
1628769600,0.92581974,0.62335959
1628784000,0.90191005,0.62327771
1628798400,0.88513396,0.62351015
1628812800,0.91265802,0.62091101
1628827200,0.92565027,0.61687218
1628841600,0.90236675,0.61924986
1628856000,0.91090926,0.61913806
1628870400,0.90203616,0.61912144
1628884800,0.94196621,0.61092329
1628899200,0.91890011,0.62006549
1628913600,0.90989296,0.62013276
1628928000,0.94305434,0.61587315
1628942400,0.93717375,0.61640001
1628956800,0.89829092,0.61707485
1628971200,0.89184381,0.61723524
1628985600,0.90238232,0.61743350
1629000000,0.92247616,0.61268181
1629014400,0.90811098,0.61268403
1629028800,0.90970981,0.61528965
1629043200,0.90746893,0.61560063
1629057600,0.92658288,0.61548176
1629072000,0.88976358,0.61487037
1629086400,0.87485964,0.61485954
1629100800,0.88391853,0.61529024
1629115200,0.93057746,0.61133506
1629129600,0.91272554,0.61118911
1629144000,0.90749179,0.61107726
1629158400,0.92073372,0.61109020
1629172800,0.92419377,0.61219531
1629187200,0.92001339,0.60877590
1629201600,0.94103017,0.60253290
1629216000,0.92776337,0.60381241
1629230400,0.94511571,0.60072947
1629244800,0.93794833,0.60011118
1629259200,0.91625485,0.60015302
1629273600,0.90084426,0.60033168
1629288000,0.93995647,0.59443526
1629302400,0.94025829,0.59021299
1629316800,0.92481717,0.59020978
1629331200,0.94303065,0.58975398
1629345600,0.94542264,0.59024315
1629360000,0.92776321,0.58970686
1629374400,0.96014229,0.57704563
1629388800,0.96181879,0.57312033
1629403200,0.93651834,0.57310343
1629417600,0.94518490,0.57366152
1629432000,0.94279113,0.57382202
1629446400,0.89403750,0.57681776
1629460800,0.95471262,0.56258434
1629475200,0.92446684,0.56297792
1629489600,0.94927402,0.56113591
1629504000,0.94815629,0.57360940
1629518400,0.93538461,0.57661194
1629532800,0.89731872,0.58198443
1629547200,0.91556403,0.57994424
1629561600,0.89691844,0.57966418
1629576000,0.88228314,0.58384383
1629590400,0.87370095,0.58421313
1629604800,0.89073065,0.58520016
1629619200,0.84346203,0.58517676
1629633600,0.88597734,0.58384007
1629648000,0.87401955,0.58951705
1629662400,0.90186759,0.59938136
1629676800,0.92699445,0.60648761
1629691200,0.90895185,0.60783370
1629705600,0.90889189,0.60966014
1629720000,0.93218602,0.61577235
1629734400,0.91881165,0.61549561
1629748800,0.89718857,0.61535643
1629763200,0.89523335,0.61638799
1629777600,0.90588484,0.61576325
1629792000,0.88061179,0.61726725
1629806400,0.92690450,0.61225714
1629820800,0.90324487,0.61737853
1629835200,0.92367405,0.61629705
1629849600,0.91705348,0.61767547
1629864000,0.90921005,0.61928233
1629878400,0.89656693,0.67352629
1629892800,0.93919381,0.66838864
1629907200,0.91658100,0.66918504
1629921600,0.92378212,0.66982687
1629936000,0.94988541,0.66528413
1629950400,0.95663554,0.66132520
1629964800,0.90903331,0.66140177
1629979200,0.91639438,0.66155741
1629993600,0.90952520,0.66143678
1630008000,0.89284648,0.66139836
1630022400,0.83283873,0.66243333
1630036800,0.88809436,0.66618538
1630051200,0.87144440,0.68396998
1630065600,0.89977186,0.68239590
1630080000,0.88902192,0.68237789
1630094400,0.90899837,0.68016658
1630108800,0.89410187,0.68336910
1630123200,0.88736071,0.68375575
1630137600,0.88392285,0.68355828
1630152000,0.87909312,0.68453140
1630166400,0.85285224,0.68478014
1630180800,0.85488384,0.68807971
1630195200,0.88465339,0.68715091
1630209600,0.87947470,0.68993063
1630224000,0.88330873,0.69007145
1630238400,0.88344760,0.69175058
1630252800,0.88533444,0.69135239
1630267200,0.86160068,0.69277287
1630281600,0.89623333,0.69650723
1630296000,0.87461574,0.69691356
1630310400,0.87401344,0.69691542
1630324800,0.87491937,0.69922320
1630339200,0.89090313,0.69942572
1630353600,0.93310047,0.69004620
1630368000,0.91378737,0.71018377
1630382400,0.92109140,0.70923705
1630396800,0.91262059,0.70932821
1630411200,0.91833597,0.70813259
1630425600,0.88034075,0.70886546
1630440000,0.88381016,0.70901726
1630454400,0.86801198,0.70915074
1630468800,0.86797784,0.71502966
1630483200,0.87511060,0.74254233
1630497600,0.87059661,0.74248222
1630512000,0.89103556,0.74244273
1630526400,0.89862547,0.74104660
1630540800,0.90596533,0.74067634
1630555200,0.89593312,0.74060546
1630569600,0.89326788,0.74045568
1630584000,0.89533438,0.73967287
1630598400,0.88467935,0.73999027
1630612800,0.86188339,0.74108433
1630627200,0.86781470,0.74105015
1630641600,0.86623562,0.74091235
1630656000,0.89407189,0.73820321
1630670400,0.88842361,0.73780761
1630684800,0.87558421,0.74078048
1630699200,0.89305123,0.74107019
1630713600,0.88481567,0.74241447
1630728000,0.85561638,0.74278494
1630742400,0.86103305,0.74278311
1630756800,0.84974972,0.74289696
1630771200,0.83492321,0.75161371
1630785600,0.82001023,0.75167436
1630800000,0.83626052,0.75148333
1630814400,0.82632812,0.75157033
1630828800,0.84678294,0.75160205
1630843200,0.82917290,0.75162988
1630857600,0.86073524,0.75710582
1630872000,0.89778446,0.75374609
1630886400,0.88209071,0.75364183
1630900800,0.87919075,0.75355035
1630915200,0.88666352,0.75308696
1630929600,0.87947042,0.79143290
1630944000,0.84043954,0.79140825
1630958400,0.88771221,0.78898981
1630972800,0.86157018,0.78962791
1630987200,0.87256397,0.78940276
1631001600,0.91673048,0.78432762
1631016000,1.01820836,0.72477607
1631030400,0.97116413,0.72481054
1631044800,0.97118934,0.72486157
1631059200,0.97518227,0.72422213
1631073600,0.98769633,0.72012349
1631088000,0.95167210,0.71398010
1631102400,0.93713280,0.71595373
1631116800,0.93615337,0.71575668
1631131200,0.93318703,0.71679148
1631145600,0.90887370,0.71782460
1631160000,0.88328576,0.71773172
1631174400,0.85888613,0.71775502
1631188800,0.89798434,0.71582998
1631203200,0.89493768,0.71535343
1631217600,0.88840596,0.71541190
1631232000,0.89216726,0.71499319
1631246400,0.90244822,0.71474214
1631260800,0.88073515,0.71530672
1631275200,0.90958577,0.71231242
1631289600,0.89581433,0.71218810
1631304000,0.91601066,0.71121792
1631318400,0.90594957,0.71943371
1631332800,0.90023758,0.71955204
1631347200,0.90120627,0.71870081
1631361600,0.87829969,0.72171020
1631376000,0.87040394,0.72163966
1631390400,0.87014922,0.72143781
1631404800,0.86472777,0.72297269
1631419200,0.83077490,0.72408820
1631433600,0.86069765,0.72207205
1631448000,0.85186414,0.72426769
1631462400,0.84168372,0.72669199
1631476800,0.84629258,0.72777285
1631491200,0.89826582,0.71992131
1631505600,0.87745910,0.72729143
1631520000,0.88064076,0.72758440
1631534400,0.88311909,0.72894013
1631548800,0.88136266,0.73165915
1631563200,0.85284985,0.73155278
1631577600,0.85363663,0.73247355
1631592000,0.86214823,0.73240577
1631606400,0.85138737,0.73234887
1631620800,0.86939007,0.73016325
1631635200,0.86330202,0.73050826
1631649600,0.87265543,0.72954166
1631664000,0.85401582,0.73993799
1631678400,0.85089708,0.74001793
1631692800,0.85140493,0.73967411
1631707200,0.86447500,0.73850107
1631721600,0.84884065,0.74293418
1631736000,0.84195780,0.74302010
1631750400,0.85711784,0.74211982
1631764800,0.86646645,0.74034004
1631779200,0.85786813,0.73976167
1631793600,0.84854825,0.74074682
1631808000,0.86242959,0.73958224
1631822400,0.85642607,0.73921158
1631836800,0.84033771,0.73932723
1631851200,0.83579393,0.74066813
1631865600,0.84237728,0.74116157
1631880000,0.82230994,0.74125361
1631894400,0.80930974,0.74135482
1631908800,0.81768842,0.74345275
1631923200,0.84510428,0.74268028
1631937600,0.85646090,0.74098332
1631952000,0.85100590,0.74280458
1631966400,0.84246438,0.74521041
1631980800,0.84527052,0.74570147
1631995200,0.83053021,0.74642330
1632009600,0.83059676,0.74647562
1632024000,0.82899082,0.74636216
1632038400,0.85566623,0.74407389
1632052800,0.85027429,0.74386502
1632067200,0.84851848,0.75062173
1632081600,0.84031112,0.75055831
1632096000,0.89933483,0.74061534
1632110400,0.89220321,0.73829479
1632124800,0.90359629,0.73346423
1632139200,0.88689316,0.75096548
1632153600,0.77247947,0.75128341
1632168000,0.78657155,0.74827858
1632182400,0.77490793,0.74970406
1632196800,0.77707903,0.74839368
1632211200,0.77121206,0.74848268
1632225600,0.76014027,0.75469900
1632240000,0.78920477,0.75039054
1632254400,0.83095731,0.74197060
1632268800,0.85413032,0.73501101
1632283200,0.82915402,0.73388294
1632297600,0.81848994,0.73215464
1632312000,0.84589322,0.73988520
1632326400,0.82651153,0.74000985
1632340800,0.81489252,0.74007422
1632355200,0.80827080,0.73973175
1632369600,0.80009301,0.73985287
1632384000,0.80856050,0.73901166
1632398400,0.80049231,0.73894034
1632412800,0.81449328,0.73509298
1632427200,0.80253249,0.73520451
1632441600,0.79881409,0.73374945
1632456000,0.79856138,0.73290375
1632470400,0.98854785,0.68239779
1632484800,0.93205562,0.68197649
1632499200,0.90045554,0.68280325
1632513600,0.88121117,0.68185269
1632528000,0.86580572,0.68529709
1632542400,0.87326417,0.68568208
1632556800,0.86541564,0.68563616
1632571200,0.85741856,0.68697705
1632585600,0.85755119,0.68894776
1632600000,0.85187111,0.68932635
1632614400,0.84016335,0.68855336
1632628800,0.84987030,0.68336323
1632643200,0.90598430,0.66577140
1632657600,0.87563819,0.66552775
1632672000,0.85863313,0.66613750
1632686400,0.84585056,0.67303498
1632700800,0.84983414,0.67001518
1632715200,0.85144199,0.67111605
1632729600,0.84480906,0.67576304
1632744000,0.83695961,0.67487179
1632758400,0.83074357,0.67467141
1632772800,0.84191214,0.67220692
1632787200,0.83362793,0.67201744
1632801600,0.83783659,0.66899341
1632816000,0.83021051,0.67730489
1632830400,0.83040604,0.67535112
1632844800,0.82657448,0.67547770
1632859200,0.82349898,0.67567105
1632873600,0.85473808,0.67210441
1632888000,0.84755844,0.67461430
1632902400,0.83763711,0.67496117
1632916800,0.85768347,0.67654680
1632931200,0.85701278,0.67532130
1632945600,0.84546463,0.67485087
1632960000,0.86076939,0.65426526
1632974400,0.85002128,0.65382100
1632988800,0.84898480,0.65354861
1633003200,0.84367895,0.65361616
1633017600,0.84657069,0.65309406
1633032000,0.84601262,0.65278639
1633046400,0.84463661,0.65265057
1633060800,0.86449658,0.64642254
1633075200,0.91748178,0.61572182
1633089600,0.89582753,0.61561618
1633104000,0.90561216,0.61374766
1633118400,0.89257297,0.61471018
1633132800,0.90250185,0.61753864
1633147200,0.89573389,0.62981237
1633161600,0.88929319,0.63014141
1633176000,0.89263195,0.63018836
1633190400,0.88856101,0.62960159
1633204800,0.89210553,0.62891205
1633219200,0.88619021,0.62879827
1633233600,0.87246287,0.62931643
1633248000,0.87717837,0.63396918
1633262400,0.87669251,0.63687200
1633276800,0.85462024,0.63384797
1633291200,0.85394518,0.63271025
1633305600,0.85755297,0.63079680
1633320000,0.85425644,0.63039889
1633334400,0.85186232,0.63025864
1633348800,0.85001786,0.63223249
1633363200,0.87950059,0.62275857
1633377600,0.85449033,0.62268534
1633392000,0.76550986,0.62317657
1633406400,0.77302314,0.62377859
1633420800,0.77009521,0.62367642
1633435200,0.76499086,0.62400794
1633449600,0.79778780,0.61652089
1633464000,0.78983410,0.61629193
1633478400,0.78210200,0.61829848
1633492800,0.78374562,0.61830154
1633507200,0.78387533,0.62034213
1633521600,0.89856095,0.57109607
1633536000,0.87378101,0.57140178
1633550400,0.88261140,0.57122018
1633564800,0.88755238,0.57041392
1633579200,0.87554306,0.57071987
1633593600,0.84513557,0.57056203
1633608000,0.84428762,0.57013306
1633622400,0.83518674,0.57087350
1633636800,0.83685771,0.57091184
1633651200,0.82698006,0.57223203
1633665600,0.85093577,0.56880285
1633680000,0.83152132,0.56819985
1633694400,0.84033772,0.56520106
1633708800,0.83574062,0.56505045
1633723200,0.84226784,0.56596121
1633737600,0.84201394,0.57423003
1633752000,0.83881729,0.57523624
1633766400,0.82029658,0.57522189
1633780800,0.82258120,0.57543723
1633795200,0.82519455,0.57582550
1633809600,0.82409666,0.58228032
1633824000,0.81918572,0.58427336
1633838400,0.69864710,0.58397072
1633852800,0.70250980,0.58332688
1633867200,0.69886216,0.58468304
1633881600,0.68996175,0.58466762
1633896000,0.71038033,0.58271830
1633910400,0.75500984,0.57238408
1633924800,0.74557123,0.57205328
1633939200,0.74796209,0.57158211
1633953600,0.76399966,0.57526219
1633968000,0.74770716,0.58184949
1633982400,0.73470277,0.58866652
1633996800,0.75384241,0.58681004
1634011200,0.74836265,0.58597732
1634025600,0.73862110,0.58592635
1634040000,0.75209227,0.58352119
1634054400,0.75805392,0.58078237
1634068800,0.75943571,0.57958827
1634083200,0.75607275,0.57931033
1634097600,0.78966069,0.57028935
1634112000,0.78619194,0.57040232
1634126400,0.79465326,0.56827671
1634140800,0.80437076,0.56524511
1634155200,0.79074930,0.56538637
1634169600,0.79998848,0.56417690
1634184000,0.80275497,0.56277105
1634198400,0.79704497,0.56306936
1634212800,0.79348924,0.56595929
1634227200,0.77486247,0.56651520
1634241600,0.77562203,0.56620617
1634256000,0.81210724,0.55270739
1634270400,0.79282646,0.55259544
1634284800,0.79527644,0.55241812
1634299200,0.79997471,0.55195045
1634313600,0.76739755,0.54581027
1634328000,0.75659515,0.55033895
1634342400,0.75230748,0.55046715
1634356800,0.74880608,0.55048408
1634371200,0.74269212,0.55047574
1634385600,0.75243040,0.55413114
1634400000,0.74236904,0.55412210
1634414400,0.71860234,0.55510664
1634428800,0.72376517,0.57528375
1634443200,0.72514953,0.57352843
1634457600,0.71552577,0.57251966
1634472000,0.71118863,0.57242358
1634486400,0.70684858,0.57296373
1634500800,0.71730401,0.57012113
1634515200,0.71715634,0.57266094
1634529600,0.71231671,0.57398319
1634544000,0.72399554,0.57451210
1634558400,0.72999446,0.57526266
1634572800,0.68892130,0.57551647
1634587200,0.69243650,0.57462716
1634601600,0.69519085,0.57433250
1634616000,0.69083870,0.57408408
1634630400,0.66601904,0.57491069
1634644800,0.66829363,0.57830632
1634659200,0.70985499,0.56921205
1634673600,0.69174491,0.57258922
1634688000,0.70397891,0.57544937
1634702400,0.69597580,0.57542184
1634716800,0.69748026,0.57850765
1634731200,0.76440502,0.55816954
1634745600,0.75480144,0.55782310
1634760000,0.75174679,0.55744850
1634774400,0.75828146,0.55581445
1634788800,0.74248016,0.55587202
1634803200,0.75294931,0.55594592
1634817600,0.77232354,0.55058150
1634832000,0.76203485,0.56102623
1634846400,0.76664713,0.56036199
1634860800,0.76968528,0.56072059
1634875200,0.75370052,0.56101469
1634889600,0.74922525,0.56124436
1634904000,0.79678503,0.54173283
1634918400,0.78451413,0.54149003
1634932800,0.78525906,0.54273359
1634947200,0.78876449,0.54700301
1634961600,0.78668768,0.54666129
1634976000,0.77992739,0.54556756
1634990400,0.76619294,0.54905898
1635004800,0.77851377,0.56509562
1635019200,0.77657877,0.56516372
1635033600,0.75518182,0.56676068
1635048000,0.73377495,0.56894366
1635062400,0.73320035,0.56852655
1635076800,0.73354609,0.56988783
1635091200,0.73320516,0.57038829
1635105600,0.73116078,0.57050928
1635120000,0.73822052,0.56615294
1635134400,0.72721443,0.56903924
1635148800,0.72498332,0.56907812
1635163200,0.72882705,0.56731450
1635177600,0.72792060,0.56493398
1635192000,0.72818107,0.56486891
1635206400,0.72838973,0.56561494
1635220800,0.69089653,0.56540689
1635235200,0.69135351,0.56555375
1635249600,0.69181037,0.56874033
1635264000,0.69225333,0.56803587
1635278400,0.70979553,0.55980672
1635292800,0.70678643,0.56259858
1635307200,0.71092033,0.56390482
1635321600,0.71984074,0.59410048
1635336000,0.71766185,0.59527562
1635350400,0.71877455,0.59511538
1635364800,0.72078404,0.59525191
1635379200,0.72062470,0.59608998
1635393600,0.72069337,0.59595657
1635408000,0.73352831,0.58594475
1635422400,0.73080508,0.58609473
1635436800,0.72557588,0.58590998
1635451200,0.72829538,0.58415677
1635465600,0.73278435,0.58234739
1635480000,0.73567980,0.57963282
1635494400,0.73180050,0.57922523
1635508800,0.73817574,0.57463866
1635523200,0.73643701,0.57479043
1635537600,0.73693240,0.59775166
1635552000,0.73888474,0.59691995
1635566400,0.73682276,0.59697597
1635580800,0.73635580,0.59813249
1635595200,0.72825124,0.59816114
1635609600,0.72862517,0.59959177
1635624000,0.72595114,0.59958486
1635638400,0.71711267,0.60098400
1635652800,0.71798634,0.60179201
1635667200,0.72163084,0.60294984
1635681600,0.71662760,0.60326478
1635696000,0.71677772,0.60363405
1635710400,0.71959064,0.60434330
1635724800,0.70923618,0.60042535
1635739200,0.73097114,0.58752244
1635753600,0.72344335,0.58717055
1635768000,0.72255053,0.59321837
1635782400,0.72082722,0.59748521
1635796800,0.72202006,0.59700487
1635811200,0.72544306,0.59936296
1635825600,0.72495505,0.59956359
1635840000,0.72497301,0.59531119
1635854400,0.72484752,0.59222644
1635868800,0.72371185,0.59179795
1635883200,0.72362927,0.59146132
1635897600,0.72108066,0.59155600
1635912000,0.72443351,0.59205930
1635926400,0.72755194,0.59206650
1635940800,0.72769731,0.59308139
1635955200,0.72712768,0.60771193
1635969600,0.72490424,0.60772923
1635984000,0.72582805,0.61760765
1635998400,0.72602330,0.70148080
1636012800,0.72679016,0.70327692
1636027200,0.72696377,0.71450522
1636041600,0.72420055,0.71832339
1636056000,0.71915649,0.71827886
1636070400,0.72076031,0.71654192
1636084800,0.71881378,0.71656626
1636099200,0.72111951,0.71475417
1636113600,0.72023358,0.72033394
1636128000,0.71983503,0.72339289
1636142400,0.71962654,0.72416751
1636156800,0.71692794,0.72448395
1636171200,0.71725352,0.72568840
1636185600,0.71785062,0.72531555
1636200000,0.71741747,0.72558261
1636214400,0.71769866,0.72503534
1636228800,0.71695603,0.73115520
1636243200,0.71801140,0.73084982
1636257600,0.71606605,0.73053749
1636272000,0.71436774,0.73143769
1636286400,0.71401756,0.73172698
1636300800,0.71555307,0.73381317
1636315200,0.71726531,0.73197142
1636329600,0.72059195,0.72520669
1636344000,0.71974840,0.72459108
1636358400,0.71734892,0.73001274
1636372800,0.71900583,0.73671227
1636387200,0.71910505,0.73633976
1636401600,0.72363048,0.73104605
1636416000,0.72274854,0.73249870
1636430400,0.72216321,0.73270284
1636444800,0.72128393,0.73494521
1636459200,0.72282543,0.73556105
1636473600,0.70547556,0.73805429
1636488000,0.70409024,0.73802943
1636502400,0.70490245,0.73985774
1636516800,0.70229249,0.74164230
1636531200,0.69765031,0.74536877
1636545600,0.71010288,0.74140344
1636560000,0.71117118,0.73630330
1636574400,0.71120106,0.73409949
1636588800,0.70872987,0.73874914
1636603200,0.70965921,0.73854864
1636617600,0.70453198,0.73873321
1636632000,0.70575690,0.73916905
1636646400,0.70042179,0.73933083
1636660800,0.70100065,0.74226445
1636675200,0.69623260,0.74227539
1636689600,0.70056581,0.74199875
1636704000,0.70317819,0.74110243
1636718400,0.70600304,0.74118398
1636732800,0.70784318,0.74140557
1636747200,0.70714961,0.74133153
1636761600,0.70740329,0.74599137
1636776000,0.70605323,0.74593065
1636790400,0.70578417,0.74561982
1636804800,0.70838426,0.75219528
1636819200,0.70871564,0.75218794
1636833600,0.70806775,0.75179652
1636848000,0.70730901,0.75183589
1636862400,0.70732817,0.75183815
1636876800,0.70879202,0.75328843
1636891200,0.71165969,0.75528746
1636905600,0.70755295,0.75527058
1636920000,0.71673693,0.76041907
1636934400,0.71463402,0.76038187
1636948800,0.71437449,0.76033873
1636963200,0.71382605,0.76033214
1636977600,0.71718678,0.76481542
1636992000,0.71086844,0.77934551
1637006400,0.71371044,0.77876743
1637020800,0.71496769,0.76384394
1637035200,0.71153853,0.76383589
1637049600,0.71145161,0.76444772
1637064000,0.71109989,0.76566263
1637078400,0.71242495,0.76690564
1637092800,0.69736995,0.76701190
1637107200,0.70571704,0.76444309
1637121600,0.70679610,0.76534189
1637136000,0.70873365,0.76293332
1637150400,0.70932617,0.76123448
1637164800,0.70863899,0.76063718
1637179200,0.70554681,0.76190765
1637193600,0.68711373,0.76144110
1637208000,0.68700044,0.76143168
1637222400,0.68621196,0.76245457
1637236800,0.68691703,0.75992829
1637251200,0.68694746,0.75996838
1637265600,0.68587269,0.75755963
1637280000,0.68487076,0.75789956
1637294400,0.68661467,0.75801182
1637308800,0.68536742,0.75604861
1637323200,0.68490562,0.75409638
1637337600,0.69371273,0.75517138
1637352000,0.69349525,0.75517293
1637366400,0.69322511,0.75467499
1637380800,0.69284982,0.75483120
1637395200,0.69241026,0.75515977
1637409600,0.69145295,0.75274533
1637424000,0.68888007,0.74645250
1637438400,0.68942811,0.74662992
1637452800,0.68955008,0.74794341
1637467200,0.69125053,0.74913744
1637481600,0.69154525,0.74924194
1637496000,0.69053051,0.74928593
1637510400,0.69086280,0.74940368
1637524800,0.68986109,0.74852479
1637539200,0.68856395,0.74517675
1637553600,0.69022073,0.74515455
1637568000,0.69018439,0.74531898
1637582400,0.69042445,0.74277633
1637596800,0.68560285,0.73020377
1637611200,0.68540583,0.73037089
1637625600,0.68603565,0.72912798
1637640000,0.68599019,0.72737298
1637654400,0.68592590,0.72752109
1637668800,0.68458177,0.72672634
1637683200,0.68410279,0.74257732
1637697600,0.68396606,0.74276565
1637712000,0.68376126,0.74292934
1637726400,0.68391376,0.74000439
1637740800,0.68765632,0.73994852
1637755200,0.68744974,0.73991641
1637769600,0.68882772,0.73999564
1637784000,0.68884467,0.74002510
1637798400,0.68790005,0.73925218
1637812800,0.68824246,0.73926222
1637827200,0.68818810,0.73914055
1637841600,0.68797959,0.73658027
1637856000,0.69017260,0.73674436
1637870400,0.69005117,0.73753100
1637884800,0.68890808,0.73664215
1637899200,0.68922111,0.73447573
1637913600,0.66277975,0.70597942
1637928000,0.66288858,0.70515063
1637942400,0.66449111,0.70546496
1637956800,0.66403500,0.70493327
1637971200,0.66363426,0.70392596
1637985600,0.66997088,0.70422374
1638000000,0.67096887,0.70409583
1638014400,0.67066936,0.70544374
1638028800,0.67236435,0.70560260
1638043200,0.67572702,0.70648064
1638057600,0.67221138,0.70775781
1638072000,0.67162201,0.70838950
1638086400,0.67260282,0.70838856
1638100800,0.67213053,0.70847752
1638115200,0.67198622,0.71417951
1638129600,0.65897905,0.69492787
1638144000,0.66035125,0.69571766
1638158400,0.66093324,0.69642235
1638172800,0.66009975,0.69554041
1638187200,0.66042767,0.69561998
1638201600,0.66466096,0.69664927
1638216000,0.66620538,0.69842780
1638230400,0.67888065,0.69719078
1638244800,0.67905512,0.69720788
1638259200,0.67549920,0.69512600
1638273600,0.67691033,0.69537787
1638288000,0.67724416,0.69562917
1638302400,0.67587422,0.69478981
1638316800,0.67581279,0.69416525
1638331200,0.67749496,0.69398340
1638345600,0.67804057,0.69642817
1638360000,0.67190087,0.69113056
1638374400,0.67013285,0.70724522
1638388800,0.67103366,0.70801809
1638403200,0.66913052,0.70743914
1638417600,0.66895120,0.70741356
1638432000,0.66987741,0.70751425
1638446400,0.68446732,0.70821436
1638460800,0.68462361,0.70822828
1638475200,0.68659393,0.70877383
1638489600,0.68840246,0.70928047
1638504000,0.68812429,0.70889856
1638518400,0.68944637,0.70876970
1638532800,0.68310880,0.70607155
1638547200,0.67089385,0.69334362
1638561600,0.67246795,0.69393970
1638576000,0.66738161,0.68580122
1638590400,0.64217711,0.59924376
1638604800,0.64247491,0.59711376
1638619200,0.64064147,0.58548497
1638633600,0.62014766,0.58122078
1638648000,0.62354868,0.58118439
1638662400,0.62987112,0.58123741
1638676800,0.62927626,0.58137326
1638691200,0.63445963,0.58150854
1638705600,0.62782040,0.57401823
1638720000,0.62687315,0.57335459
1638734400,0.62761038,0.57254824
1638748800,0.62811966,0.57375126
1638763200,0.62654375,0.57191194
1638777600,0.63038304,0.57189082
1638792000,0.63074290,0.57186063
1638806400,0.63269219,0.59035064
1638820800,0.62522089,0.59114418
1638835200,0.62688399,0.59209987
1638849600,0.63106018,0.59304933
1638864000,0.62947894,0.59276712
1638878400,0.63018766,0.59245115
1638892800,0.63187253,0.59093914
1638907200,0.66185955,0.59116061
1638921600,0.66159410,0.59985536
1638936000,0.67111053,0.59934863
1638950400,0.66539859,0.59439170
1638964800,0.65840262,0.59089623
1638979200,0.66110799,0.59177895
1638993600,0.66379684,0.59209367
1639008000,0.65645165,0.58887103
1639022400,0.66206591,0.58780970
1639036800,0.66350488,0.58482422
1639051200,0.66223947,0.58314854
1639065600,0.65964484,0.58403010
1639080000,0.66624639,0.58887409
1639094400,0.65974899,0.58625414
1639108800,0.65915162,0.58399270
1639123200,0.65554407,0.57921248
1639137600,0.65924448,0.57720044
1639152000,0.66226758,0.58366547
1639166400,0.65676521,0.58378499
1639180800,0.65338938,0.57786369
1639195200,0.65644469,0.57756761
1639209600,0.65846718,0.57855179
1639224000,0.65684426,0.57957716
1639238400,0.65864470,0.57952411
1639252800,0.65623356,0.57736510
1639267200,0.66394692,0.57844696
1639281600,0.67038933,0.57847131
1639296000,0.66851590,0.57914202
1639310400,0.66579996,0.57821190
1639324800,0.66897047,0.58569949
1639339200,0.67177999,0.58599107
1639353600,0.66250620,0.57979695
1639368000,0.66587764,0.57973583
1639382400,0.66888790,0.58052857
1639396800,0.65620075,0.57114464
1639411200,0.65771453,0.56987474
1639425600,0.66229105,0.57003719
1639440000,0.66442847,0.57080728
1639454400,0.66766648,0.57099108
1639468800,0.66715286,0.56902792
1639483200,0.66703124,0.56696726
1639497600,0.67515258,0.56828404
1639512000,0.65999828,0.55701090
1639526400,0.66182291,0.55697862
1639540800,0.66397063,0.55697604
1639555200,0.66434671,0.55912706
1639569600,0.65572338,0.55471166
1639584000,0.64409108,0.53408992
1639598400,0.64568310,0.53391095
1639612800,0.64667536,0.53402022
1639627200,0.64666355,0.53414141
1639641600,0.64676918,0.53317477
1639656000,0.65056664,0.53226050
1639670400,0.65101348,0.52983371
1639684800,0.65175802,0.53085774
1639699200,0.65209666,0.53082836
1639713600,0.65490758,0.52825141
1639728000,0.65795283,0.52855043
1639742400,0.65594771,0.52713998
1639756800,0.65658468,0.52775473
1639771200,0.65415409,0.52621083
1639785600,0.65750037,0.52732439
1639800000,0.65963662,0.52729015
1639814400,0.65637088,0.52479752
1639828800,0.66424425,0.52477718
1639843200,0.66549387,0.52484504
1639857600,0.66525878,0.52465731
1639872000,0.65955555,0.52075807
1639886400,0.66958459,0.52054643
1639900800,0.69189037,0.52006311
1639915200,0.69337337,0.52063938
1639929600,0.68873128,0.51909121
1639944000,0.69343729,0.52204576
1639958400,0.69544684,0.52474935
1639972800,0.69670250,0.52615802
1639987200,0.69902769,0.52979525
1640001600,0.70201294,0.52967283
1640016000,0.69395797,0.52743293
1640030400,0.69859813,0.52729069
1640044800,0.68660402,0.52240167
1640059200,0.68620353,0.52041877
1640073600,0.68523726,0.52006852
1640088000,0.68609343,0.52762955
1640102400,0.68719625,0.52836578
1640116800,0.68751666,0.55930783
1640131200,0.69056704,0.59271805
1640145600,0.69507774,0.59577073
1640160000,0.69229752,0.59587847
1640174400,0.69423233,0.59585475
1640188800,0.70287332,0.60119237
1640203200,0.69907712,0.61736417
1640217600,0.70262644,0.61746751
1640232000,0.69802716,0.62313720
1640246400,0.70120773,0.62291522
1640260800,0.69757387,0.62433823
1640275200,0.66338243,0.60408118
1640289600,0.66617122,0.60607123
1640304000,0.66704620,0.60586974
1640318400,0.66966526,0.60803926
1640332800,0.67233948,0.60814760
1640347200,0.67676695,0.60919182
1640361600,0.68073155,0.61144451
1640376000,0.68053523,0.62800269
1640390400,0.68390399,0.63428863
1640404800,0.68352252,0.63583923
1640419200,0.68164833,0.64729628
1640433600,0.68464465,0.64927401
1640448000,0.68283162,0.67544566
1640462400,0.67908204,0.67715773
1640476800,0.67536598,0.67588248
1640491200,0.67662252,0.67651991
1640505600,0.67670071,0.67715173
1640520000,0.67624661,0.67694745
1640534400,0.67612474,0.67870211
1640548800,0.67628750,0.67821997
1640563200,0.67741034,0.67942909
1640577600,0.67731927,0.67912459
1640592000,0.72450809,0.68247286
1640606400,0.71358031,0.68090109
1640620800,0.71569591,0.68173016
1640635200,0.70959056,0.68490343
1640649600,0.69966112,0.68929351
1640664000,0.69660706,0.68916584
1640678400,0.70142980,0.69095066
1640692800,0.69910578,0.69076678
1640707200,0.68227865,0.68581852
1640721600,0.68600558,0.69187068
1640736000,0.68326037,0.69127406
1640750400,0.68186167,0.69224336
1640764800,0.68353936,0.69319102
1640779200,0.68631817,0.69683741
1640793600,0.68031746,0.69429926
1640808000,0.67734865,0.69413672
1640822400,0.68099999,0.69413328
1640836800,0.67679877,0.69324408
1640851200,0.67525284,0.69231219
1640865600,0.67705823,0.69192925
1640880000,0.67738021,0.69181022
1640894400,0.67607477,0.69153551
1640908800,0.67877176,0.69173656
1640923200,0.68342350,0.69233664
1640937600,0.67459325,0.68991769
1640952000,0.68017680,0.69009084
1640966400,0.65165888,0.67108509
1640980800,0.65323859,0.67115965
1640995200,0.65171342,0.67462268
1641009600,0.65210540,0.67403459
1641024000,0.65607641,0.67341981
1641038400,0.66116253,0.67379897
1641052800,0.66386450,0.67704460
1641067200,0.66378660,0.67645024
1641081600,0.66340286,0.67594536
1641096000,0.66527816,0.67602834
1641110400,0.67002099,0.67601720
1641124800,0.67107333,0.67619687
1641139200,0.66882935,0.67579601
1641153600,0.66914979,0.67566192
1641168000,0.66706450,0.67467994
1641182400,0.66751615,0.67493590
1641196800,0.66724180,0.67493599
1641211200,0.66421942,0.68015058
1641225600,0.66486147,0.67985806
1641240000,0.66747167,0.68280548
1641254400,0.66954892,0.68277317
1641268800,0.66903238,0.68285008
1641283200,0.70451862,0.68316321
1641297600,0.70842303,0.68317044
1641312000,0.69582499,0.68106413
1641326400,0.69823177,0.68460350
1641340800,0.69437947,0.68319501
1641355200,0.69967897,0.68518604
1641369600,0.69802606,0.68512083
1641384000,0.70010124,0.70049993
1641398400,0.66509658,0.69363543
1641412800,0.65726882,0.68991388
1641427200,0.65643117,0.68837257
1641441600,0.65601131,0.68757962
1641456000,0.65596111,0.68683809
1641470400,0.66101539,0.68735234
1641484800,0.66241781,0.68648629
1641499200,0.66361121,0.68607921
1641513600,0.65097029,0.67768529
1641528000,0.65508538,0.67779755
1641542400,0.65224234,0.67639767
1641556800,0.64741036,0.67191954
1641571200,0.64730540,0.67118847
1641585600,0.65009069,0.67305940
1641600000,0.64934648,0.67365390
1641614400,0.65111351,0.67368664
1641628800,0.65864744,0.67368643
1641643200,0.65668348,0.67880522
1641657600,0.65058599,0.67623134
1641672000,0.64565059,0.67280164
1641686400,0.64714732,0.67321987
1641700800,0.64876778,0.67537503
1641715200,0.66197420,0.67877881
1641729600,0.67073979,0.67991886
1641744000,0.66370788,0.67526156
1641758400,0.65947716,0.67655933
1641772800,0.66183571,0.67870338
1641787200,0.66243453,0.67972009
1641801600,0.66061541,0.67869019
1641816000,0.66059496,0.67699184
1641830400,0.67290476,0.67827465
1641844800,0.66908395,0.67672950
1641859200,0.66943419,0.67739610
1641873600,0.67793356,0.67774365
1641888000,0.67774722,0.67973344
1641902400,0.67951334,0.67973079
1641916800,0.66413240,0.67345988
1641931200,0.66541165,0.67681821
1641945600,0.66607558,0.67685758
1641960000,0.66756951,0.67684421
1641974400,0.66904546,0.67611609
1641988800,0.67515493,0.67467508
1642003200,0.67651610,0.67890777
1642017600,0.67622308,0.67933007
1642032000,0.67349819,0.67854129
1642046400,0.67489126,0.67855375
1642060800,0.68751037,0.67903020
1642075200,0.68975430,0.67871263
1642089600,0.68628608,0.67906921
1642104000,0.68769768,0.67993187
1642118400,0.69032222,0.67988528
1642132800,0.69558695,0.68004789
1642147200,0.68817952,0.67828683
1642161600,0.67752558,0.67280245
1642176000,0.68284473,0.67423257
1642190400,0.68238602,0.67423177
1642204800,0.68204868,0.67425681
1642219200,0.68259061,0.67498694
1642233600,0.71291870,0.67519654
1642248000,0.70586455,0.67560883
1642262400,0.70408511,0.67653362
1642276800,0.69942661,0.67637001
1642291200,0.69959736,0.68157366
1642305600,0.70470284,0.68141023
1642320000,0.70591943,0.68259670
1642334400,0.70480042,0.68232061
1642348800,0.70677501,0.68187496
1642363200,0.70499098,0.68304830
1642377600,0.70101183,0.68354561
1642392000,0.70043929,0.68373549
1642406400,0.70460385,0.68373617
1642420800,0.70878894,0.68512960
1642435200,0.70867162,0.68673031
1642449600,0.71368654,0.68720573
1642464000,0.71928911,0.68746326
1642478400,0.74499770,0.68800561
1642492800,0.74721810,0.69042401
1642507200,0.74180968,0.69758788
1642521600,0.74026716,0.70021952
1642536000,0.72230077,0.70052579
1642550400,0.71005445,0.69870498
1642564800,0.70626619,0.69743510
1642579200,0.69428326,0.69543154
1642593600,0.69352032,0.69604068
1642608000,0.69629794,0.69668602
1642622400,0.69894633,0.69666378
1642636800,0.70006616,0.69639545
1642651200,0.70972526,0.69641166
1642665600,0.71112469,0.69743845
1642680000,0.68514039,0.69119569
1642694400,0.68395833,0.69048303
1642708800,0.64644330,0.66542693
1642723200,0.62534445,0.63583074
1642737600,0.62273879,0.63933267
1642752000,0.62211725,0.64023334
1642766400,0.62038851,0.64022467
1642780800,0.62395627,0.63522785
1642795200,0.62123750,0.61907028
1642809600,0.61937744,0.62115204
1642824000,0.61826899,0.61572346
1642838400,0.61446989,0.63550633
1642852800,0.61842085,0.64348492
1642867200,0.62346705,0.64556313
1642881600,0.62250854,0.65167092
1642896000,0.62401543,0.65288614
1642910400,0.62526471,0.65111954
1642924800,0.62543448,0.65469084
1642939200,0.62636203,0.65420918
1642953600,0.62850147,0.65261950
1642968000,0.62400261,0.63644334
1642982400,0.62188610,0.63180602
1642996800,0.62234217,0.63130452
1643011200,0.62062542,0.62199519
1643025600,0.62557572,0.62048807
1643040000,0.62759953,0.59709081
1643054400,0.62646517,0.59509660
1643068800,0.62553530,0.63675336
1643083200,0.62588765,0.63701598
1643097600,0.62702413,0.63636376
1643112000,0.63266758,0.63798515
1643126400,0.63367381,0.64939948
1643140800,0.63442607,0.65621551
1643155200,0.63491577,0.65693900
1643169600,0.63313148,0.65820513
1643184000,0.63481931,0.65526987
1643198400,0.63371152,0.65757210
1643212800,0.63474876,0.65969685
1643227200,0.63428540,0.65702138
1643241600,0.63156688,0.64994211
1643256000,0.63067224,0.64907357
1643270400,0.63091601,0.64752570
1643284800,0.63417244,0.64801048
1643299200,0.63861508,0.64666089
1643313600,0.63756129,0.64022798
1643328000,0.64056603,0.64162120
1643342400,0.64178439,0.63996696
1643356800,0.65664421,0.64162120
1643371200,0.65604524,0.63754538
1643385600,0.65335534,0.65654001
1643400000,0.65575586,0.65482922
1643414400,0.65297408,0.65491806
1643428800,0.65523833,0.65671431
1643443200,0.65802950,0.65658999
1643457600,0.65812209,0.69187787
1643472000,0.66033676,0.69253793
1643486400,0.65944211,0.70935180
1643500800,0.66175761,0.70913790
1643515200,0.66150481,0.70903430
1643529600,0.66115400,0.70906988
1643544000,0.66605707,0.70890298
1643558400,0.67365819,0.70766593
1643572800,0.67333869,0.70878362
1643587200,0.66932254,0.70404985
1643601600,0.66666033,0.70459816
1643616000,0.66864466,0.70456557
1643630400,0.67700880,0.70343103
1643644800,0.67279189,0.70116941
1643659200,0.67300201,0.70134315
1643673600,0.67759309,0.70265548
1643688000,0.68460155,0.70255314
1643702400,0.68215242,0.70257329
1643716800,0.68948255,0.70588891
1643731200,0.68868814,0.70609124
1643745600,0.68787007,0.70591829
1643760000,0.68697748,0.71079230
1643774400,0.68682218,0.71025236
1643788800,0.68681780,0.71007818
1643803200,0.67619431,0.70763460
1643817600,0.67366481,0.71209245
1643832000,0.67240359,0.71145398
1643846400,0.66913269,0.71149794
1643860800,0.67081201,0.71125926
1643875200,0.67309018,0.71090512
1643889600,0.67350104,0.71077748
1643904000,0.68162945,0.71041939
1643918400,0.67597628,0.70683646
1643932800,0.67153664,0.70688196
1643947200,0.67443327,0.70501589
1643961600,0.67590970,0.71127413
1643976000,0.66094660,0.69708453
1643990400,0.65365061,0.68856492
1644004800,0.65070107,0.68542168
1644019200,0.64805951,0.68722972
1644033600,0.64781793,0.68721246
1644048000,0.64840835,0.68847135
1644062400,0.65121254,0.69116914
1644076800,0.65179136,0.70999329
1644091200,0.65148308,0.71289454
1644105600,0.65066777,0.71553053
1644120000,0.65677336,0.71547580
1644134400,0.65669810,0.71638981
1644148800,0.65720285,0.71686603
1644163200,0.65990968,0.71669367
1644177600,0.65855181,0.71467552
1644192000,0.65738588,0.74561968
1644206400,0.65572742,0.74704789
1644220800,0.65400271,0.74770074
1644235200,0.65697125,0.74318026
1644249600,0.65523963,0.74277799
1644264000,0.65610373,0.74242023
1644278400,0.65541835,0.74844745
1644292800,0.66918883,0.75859138
1644307200,0.67680421,0.75567045
1644321600,0.67966594,0.75448949
1644336000,0.67796576,0.75401333
1644350400,0.67191202,0.74960388
1644364800,0.66874520,0.75038966
1644379200,0.66786309,0.75036254
1644393600,0.66107445,0.75366378
1644408000,0.66197000,0.75731529
1644422400,0.66309991,0.75626152
1644436800,0.66083381,0.75625302
1644451200,0.66213103,0.75548771
1644465600,0.66094916,0.75515767
1644480000,0.66034641,0.75278187
1644494400,0.65947774,0.75273584
1644508800,0.66117494,0.75143720
1644523200,0.65928244,0.74839682
1644537600,0.65704750,0.74905835
1644552000,0.65858843,0.74910905
1644566400,0.65926111,0.74970331
1644580800,0.66293046,0.74946077
1644595200,0.66143488,0.74553151
1644609600,0.66128493,0.75166767
1644624000,0.66222589,0.75253451
1644638400,0.66415625,0.75696111
1644652800,0.66519152,0.75668704
1644667200,0.66967212,0.75626223
1644681600,0.67105512,0.75510070
1644696000,0.67077163,0.75795011
1644710400,0.66776875,0.76203184
1644724800,0.66954104,0.76252671
1644739200,0.67027905,0.76279321
1644753600,0.67070308,0.76344798
1644768000,0.67308178,0.76471508
1644782400,0.67001510,0.76569304
1644796800,0.67531039,0.76565830
1644811200,0.67531709,0.76573577
1644825600,0.67619050,0.76996867
1644840000,0.68125565,0.76902561
1644854400,0.67958284,0.76850075
1644868800,0.67813081,0.76805763
1644883200,0.67222631,0.76347821
1644897600,0.66999251,0.76380409
1644912000,0.67553056,0.76251373
1644926400,0.67291964,0.76252016
1644940800,0.67494610,0.76232908
1644955200,0.67454693,0.76106993
1644969600,0.67326503,0.76052064
1644984000,0.67247206,0.76036085
1644998400,0.67181481,0.76052058
1645012800,0.67480038,0.76036934
1645027200,0.67262388,0.76449850
1645041600,0.67148963,0.76439298
1645056000,0.67093722,0.76401710
1645070400,0.67049151,0.76368746
1645084800,0.67011975,0.76142611
1645099200,0.66371495,0.75470316
1645113600,0.65717691,0.75222468
1645128000,0.65562672,0.75002371
1645142400,0.65409079,0.75019474
1645156800,0.65297124,0.75021664
1645171200,0.65573531,0.74932630
1645185600,0.65535701,0.74908100
1645200000,0.65967064,0.74843132
1645214400,0.65879788,0.74827996
1645228800,0.65973827,0.74902970
1645243200,0.65941274,0.74928483
1645257600,0.66012388,0.74839904
1645272000,0.66030588,0.74824029
1645286400,0.65947055,0.74824489
1645300800,0.66139520,0.74834847
1645315200,0.66215635,0.75518478
1645329600,0.65946552,0.74980737
1645344000,0.65911193,0.75128468
1645358400,0.65557006,0.75199318
1645372800,0.65743733,0.75240481
1645387200,0.65766687,0.75243205
1645401600,0.66138030,0.75097074
1645416000,0.66952051,0.75023488
1645430400,0.65524158,0.73356184
1645444800,0.64973629,0.72634939
1645459200,0.64725493,0.72439955
1645473600,0.64325505,0.71895962
1645488000,0.64216140,0.71796678
1645502400,0.64130068,0.71831503
1645516800,0.64135499,0.71504933
1645531200,0.63998945,0.71952631
1645545600,0.63969267,0.71900502
1645560000,0.63867830,0.71891600
1645574400,0.64003376,0.71748316
1645588800,0.63926341,0.71653684
1645603200,0.63870465,0.71629140
1645617600,0.63755467,0.71618477
1645632000,0.63705844,0.71175052
1645646400,0.63832884,0.71106174
1645660800,0.62732957,0.67358281
1645675200,0.62491305,0.67252098
1645689600,0.62376167,0.67253617
1645704000,0.62462037,0.67095729
1645718400,0.62300736,0.65789711
1645732800,0.62099472,0.65102340
1645747200,0.62446105,0.64903050
1645761600,0.62658298,0.64774679
1645776000,0.62680570,0.64735139
1645790400,0.62938202,0.64533671
1645804800,0.62885886,0.64210619
1645819200,0.62802625,0.65871379
1645833600,0.62789224,0.65864280
1645848000,0.62815907,0.65835904
1645862400,0.62879257,0.65829947
1645876800,0.62985516,0.65791773
1645891200,0.62929770,0.65899258
1645905600,0.63114947,0.66178909
1645920000,0.63163898,0.66044995
1645934400,0.63079385,0.66022043
1645948800,0.63167055,0.65875118
1645963200,0.63014259,0.65958062
1645977600,0.63714731,0.64098918
1645992000,0.63439098,0.64129267
1646006400,0.63490669,0.64120133
1646020800,0.63649211,0.63925764
1646035200,0.63871719,0.63927151
1646049600,0.63160425,0.60083424
1646064000,0.63005684,0.59950028
1646078400,0.62619778,0.57897991
1646092800,0.62224840,0.57898598
1646107200,0.62497024,0.57841818
1646121600,0.62650596,0.57830185
1646136000,0.62534101,0.58076397
1646150400,0.63162113,0.58434432
1646164800,0.63111606,0.58182217
1646179200,0.62917454,0.58620308
1646193600,0.63048203,0.58646437
1646208000,0.62944935,0.58635872
1646222400,0.62806624,0.59680090
1646236800,0.63168730,0.59584449
1646251200,0.63071961,0.59565643
1646265600,0.63151900,0.59442858
1646280000,0.63000309,0.59434053
1646294400,0.63508038,0.59432016
1646308800,0.63536833,0.59051508
1646323200,0.63409727,0.59001570
1646337600,0.63472226,0.59007117
1646352000,0.63326899,0.58410787
1646366400,0.64524612,0.58494115
1646380800,0.64876093,0.58475516
1646395200,0.66106134,0.57954164
1646409600,0.65568166,0.57392807
1646424000,0.65406020,0.57119604
1646438400,0.65212524,0.57191267
1646452800,0.65066565,0.57203850
1646467200,0.65302184,0.57194666
1646481600,0.65478700,0.57332852
1646496000,0.65952032,0.57320277
1646510400,0.65826351,0.57549832
1646524800,0.65891184,0.57544588
1646539200,0.65905660,0.57538980
1646553600,0.65344422,0.56762483
1646568000,0.65116692,0.57007374
1646582400,0.65129263,0.57016729
1646596800,0.65136112,0.57105320
1646611200,0.65003764,0.56921067
1646625600,0.65231710,0.56922882
1646640000,0.65406455,0.56871961
1646654400,0.65079199,0.56736126
1646668800,0.63862877,0.54412296
1646683200,0.63560836,0.54238639
1646697600,0.63388905,0.53904612
1646712000,0.63489322,0.53902373
1646726400,0.63870528,0.53822219
1646740800,0.64122510,0.53863007
1646755200,0.64064702,0.53859998
1646769600,0.64080591,0.53862505
1646784000,0.62352003,0.49353156
1646798400,0.62129100,0.49140387
1646812800,0.62076054,0.49186555
1646827200,0.62045863,0.49177585
1646841600,0.62008609,0.49663461
1646856000,0.62273602,0.49751665
1646870400,0.62290651,0.48775132
1646884800,0.61804086,0.46876398
1646899200,0.61578731,0.46854398
1646913600,0.61557225,0.46881588
1646928000,0.61691545,0.46880289
1646942400,0.61509086,0.46922089
1646956800,0.61953420,0.46473951
1646971200,0.61944938,0.46342707
1646985600,0.62525290,0.45805002
1647000000,0.62446186,0.45195290
1647014400,0.62423896,0.45304857
1647028800,0.62291676,0.46205953
1647043200,0.62501515,0.46097936
1647057600,0.62310955,0.46135099
1647072000,0.62504118,0.47314073
1647086400,0.62540774,0.47484075
1647100800,0.64588043,0.47760141
1647115200,0.64998898,0.47892846
1647129600,0.64877975,0.47809273
1647144000,0.64782046,0.47957267
1647158400,0.64839419,0.47892208
1647172800,0.64780149,0.47894841
1647187200,0.65382835,0.48454785
1647201600,0.66220504,0.47871625
1647216000,0.65981959,0.47730327
1647230400,0.65414852,0.47001848
1647244800,0.65261370,0.47091625
1647259200,0.65149179,0.48662204
1647273600,0.66468930,0.48646623
1647288000,0.66156793,0.48060009
1647302400,0.66089662,0.47434283
1647316800,0.66333960,0.47333698
1647331200,0.66309424,0.47384472
1647345600,0.66248507,0.47989187
1647360000,0.66132575,0.47610805
1647374400,0.66126293,0.47469005
1647388800,0.66047087,0.47523761
1647403200,0.66028517,0.47391770
1647417600,0.65524852,0.46670456
1647432000,0.65448628,0.46703093
1647446400,0.65599783,0.46652727
1647460800,0.65559617,0.46656814
1647475200,0.65589325,0.46658709
1647489600,0.66082975,0.46597537
1647504000,0.65881725,0.46597814
1647518400,0.66712195,0.46688332
1647532800,0.66954434,0.46703177
1647547200,0.67581144,0.46714399
1647561600,0.67452218,0.46609945
1647576000,0.67282424,0.46612039
1647590400,0.67335642,0.46609577
1647604800,0.67541082,0.46397286
1647619200,0.66981219,0.45450919
1647633600,0.66924916,0.45774468
1647648000,0.66787257,0.45785876
1647662400,0.67018375,0.46463670
1647676800,0.67444854,0.46457666
1647691200,0.68234653,0.46482998
1647705600,0.68289164,0.48091641
1647720000,0.68419706,0.48081780
1647734400,0.69352075,0.48033056
1647748800,0.69264165,0.48029073
1647763200,0.69373016,0.47984589
1647777600,0.69273187,0.48363826
1647792000,0.69142753,0.48363440
1647806400,0.69457299,0.48356065
1647820800,0.69104248,0.48233368
1647835200,0.68971375,0.48183058
1647849600,0.68946440,0.48582802
1647864000,0.68821243,0.49073413
1647878400,0.69054517,0.49078579
1647892800,0.69368053,0.49077191
1647907200,0.67320502,0.48039410
1647921600,0.67226613,0.48056839
1647936000,0.68049464,0.47922729
1647950400,0.67895163,0.47877072
1647964800,0.67778675,0.48393716
1647979200,0.68022329,0.48838746
1647993600,0.69798180,0.48783638
1648008000,0.69570691,0.48818815
1648022400,0.69753691,0.48831116
1648036800,0.69630189,0.49563081
1648051200,0.69462776,0.49451297
1648065600,0.69055153,0.49190864
1648080000,0.68897942,0.49227248
1648094400,0.68950334,0.49155858
1648108800,0.68829343,0.49144314
1648123200,0.68182093,0.48446017
1648137600,0.68026211,0.48440254
1648152000,0.68050062,0.48524026
1648166400,0.67941560,0.48611694
1648180800,0.68046480,0.48609725
1648195200,0.68088665,0.48322940
1648209600,0.67935960,0.48267342
1648224000,0.69211904,0.48252315
1648238400,0.69176088,0.48277704
1648252800,0.69746720,0.48314405
1648267200,0.70042437,0.48788048
1648281600,0.70215982,0.48868892
1648296000,0.70149499,0.48876712
1648310400,0.70257948,0.50105996
1648324800,0.70212201,0.50120277
1648339200,0.70191879,0.50104231
1648353600,0.70529575,0.50105518
1648368000,0.70920458,0.50093241
1648382400,0.71598174,0.52756868
1648396800,0.71373476,0.52831283
1648411200,0.67917381,0.50543364
1648425600,0.67593851,0.50569748
1648440000,0.68204999,0.50945290
1648454400,0.68397677,0.50909792
1648468800,0.68321621,0.50895148
1648483200,0.68460721,0.50762616
1648497600,0.68030083,0.50473224
1648512000,0.68150907,0.50453031
1648526400,0.67979742,0.50455037
1648540800,0.68143684,0.50350507
1648555200,0.68006432,0.50260845
1648569600,0.67942326,0.50396639
1648584000,0.67907310,0.50388330
1648598400,0.67602730,0.50422220
1648612800,0.67763811,0.50424541
1648627200,0.67852744,0.50990847
1648641600,0.68003752,0.51029230
1648656000,0.68027699,0.51378678
1648670400,0.67881343,0.51430924
1648684800,0.67963277,0.51431866
1648699200,0.68057942,0.51429074
1648713600,0.68185985,0.51431616
1648728000,0.72477914,0.51162878
1648742400,0.71546435,0.50750324
1648756800,0.70917918,0.51324647
1648771200,0.70677307,0.50956567
1648785600,0.70336444,0.50847140
1648800000,0.70018901,0.50846906
1648814400,0.69652486,0.49865311
1648828800,0.69141733,0.50235714
1648843200,0.68989836,0.50605165
1648857600,0.69429255,0.50583283
1648872000,0.68955214,0.50613687
1648886400,0.69124594,0.50706368
1648900800,0.69598159,0.50682457
1648915200,0.69418313,0.50691416
1648929600,0.69529818,0.50641236
1648944000,0.69302010,0.50633628
1648958400,0.69498072,0.50538671
1648972800,0.69188835,0.50531577
1648987200,0.69260984,0.50563709
1649001600,0.68766625,0.50877144
1649016000,0.68777924,0.50877544
1649030400,0.69357185,0.50858879
1649044800,0.69486150,0.51225118
1649059200,0.69630554,0.51296173
1649073600,0.70144095,0.51142074
1649088000,0.70774506,0.51664309
1649102400,0.70713623,0.51425832
1649116800,0.70017068,0.51426624
1649131200,0.73385039,0.51438113
1649145600,0.73184606,0.51447153
1649160000,0.72455480,0.56117660
1649174400,0.72179539,0.56352002
1649188800,0.71944210,0.56243021
1649203200,0.71679113,0.56209708
1649217600,0.71479629,0.56208166
1649232000,0.71641296,0.56420670
1649246400,0.71238121,0.56194871
1649260800,0.70932656,0.56112497
1649275200,0.70790825,0.55898813
1649289600,0.70461644,0.55915566
1649304000,0.70408731,0.55915565
1649318400,0.70502750,0.55880775
1649332800,0.70405765,0.55787154
1649347200,0.70109778,0.55791781
1649361600,0.70144982,0.55922024
1649376000,0.70291803,0.56757926
1649390400,0.70536944,0.56756718
1649404800,0.70652854,0.56661555
1649419200,0.70919385,0.56753152
1649433600,0.70556109,0.56325255
1649448000,0.70101703,0.56471914
1649462400,0.69658128,0.56689134
1649476800,0.70408775,0.56687090
1649491200,0.70106415,0.56850348
1649505600,0.71239388,0.57407944
1649520000,0.71351885,0.59349583
1649534400,0.71194527,0.60160011
1649548800,0.70907216,0.60497326
1649563200,0.71974352,0.61534274
1649577600,0.71959931,0.61533436
1649592000,0.72742992,0.61621589
1649606400,0.72842821,0.61488487
1649620800,0.70970146,0.60920097
1649635200,0.70120205,0.60956155
1649649600,0.70728318,0.61329614
1649664000,0.69422808,0.61286523
1649678400,0.68932480,0.61432299
1649692800,0.68743960,0.64000867
1649707200,0.68493254,0.63943722
1649721600,0.68369337,0.64431790
1649736000,0.68609427,0.64389865
1649750400,0.68986095,0.64498214
1649764800,0.69199760,0.64797795
1649779200,0.68904312,0.64539379
1649793600,0.68366536,0.64306374
1649808000,0.67353271,0.66983675
1649822400,0.67562932,0.67138452
1649836800,0.68149876,0.67270803
1649851200,0.67222719,0.66240527
1649865600,0.66464790,0.66289657
1649880000,0.66379024,0.66876314
1649894400,0.66625599,0.66923012
1649908800,0.66303046,0.66945518
1649923200,0.67138630,0.67013418
1649937600,0.67352252,0.66573460
1649952000,0.66844934,0.66851239
1649966400,0.66791609,0.67407110
1649980800,0.67864147,0.67489846
1649995200,0.67571792,0.67498399
1650009600,0.68068874,0.67672123
1650024000,0.68550464,0.67708573
1650038400,0.68352736,0.67921018
1650052800,0.68751046,0.68556658
1650067200,0.68562321,0.69470628
1650081600,0.68292462,0.69969900
1650096000,0.68852719,0.70095409
1650110400,0.70041312,0.70117130
1650124800,0.69789918,0.70109066
1650139200,0.69758353,0.70162848
1650153600,0.68000562,0.70406875
1650168000,0.72084982,0.70405011
1650182400,0.72037773,0.70396278
1650196800,0.71187053,0.70422654
1650211200,0.71641076,0.70422608
1650225600,0.72050418,0.70294365
1650240000,0.71719793,0.70628241
1650254400,0.73083212,0.70171202
1650268800,0.72271668,0.70172737
1650283200,0.72565977,0.70864553
1650297600,0.69752153,0.69881506
1650312000,0.68854476,0.70216231
1650326400,0.68620188,0.70443335
1650340800,0.68203245,0.70443166
1650355200,0.68071684,0.70536128
1650369600,0.68172165,0.70977791
1650384000,0.66881746,0.71134571
1650398400,0.67245559,0.71232214
1650412800,0.67484372,0.71239922
1650427200,0.67340368,0.71244505
1650441600,0.67699650,0.70985485
1650456000,0.67462082,0.72188225
1650470400,0.66725175,0.72205038
1650484800,0.66931155,0.72196410
1650499200,0.67116332,0.72143292
1650513600,0.66604316,0.72162396
1650528000,0.66556813,0.72011423
1650542400,0.66719120,0.72038632
1650556800,0.66826817,0.71656279
1650571200,0.67163165,0.71350040
1650585600,0.65950240,0.71357902
1650600000,0.66674386,0.71339257
1650614400,0.68656612,0.71530015
1650628800,0.68071818,0.70853178
1650643200,0.66812328,0.70860476
1650657600,0.67326080,0.70954384
1650672000,0.67307833,0.70934599
1650686400,0.67625302,0.71004598
1650700800,0.65934980,0.71008208
1650715200,0.66747363,0.70989876
1650729600,0.65930056,0.72576696
1650744000,0.66814784,0.72518507
1650758400,0.67489752,0.72495723
1650772800,0.67433754,0.72507405
1650787200,0.67972884,0.72507488
1650801600,0.67569619,0.72513842
1650816000,0.67520539,0.72512615
1650830400,0.67719189,0.72557699
1650844800,0.68391127,0.72806489
1650859200,0.68846974,0.72717677
1650873600,0.65810787,0.72725146
1650888000,0.65744514,0.72760512
1650902400,0.66201282,0.71910015
1650916800,0.65282242,0.71891780
1650931200,0.64862233,0.71967848
1650945600,0.65264702,0.71978986
1650960000,0.65549679,0.72475685
1650974400,0.65692292,0.70668612
1650988800,0.64826439,0.70612551
1651003200,0.64480681,0.70632213
1651017600,0.64679838,0.70633923
1651032000,0.65102156,0.70363698
1651046400,0.63314626,0.70366500
1651060800,0.62747129,0.70374669
1651075200,0.63581401,0.70369726
1651089600,0.64170195,0.70349468
1651104000,0.63194590,0.70370317
1651118400,0.62892225,0.70373107
1651132800,0.63720860,0.70333194
1651147200,0.63626974,0.70333407
1651161600,0.64089870,0.70208038
1651176000,0.63886456,0.70183370
1651190400,0.63936212,0.70160898
1651204800,0.63371110,0.70158407
1651219200,0.65164395,0.69791757
1651233600,0.64528194,0.69754023
1651248000,0.64965537,0.69506161
1651262400,0.64494832,0.69597702
1651276800,0.63765134,0.70378704
1651291200,0.64652109,0.70445914
1651305600,0.65217397,0.70444680
1651320000,0.64944929,0.70438519
1651334400,0.63634056,0.70439308
1651348800,0.66482795,0.71017753
1651363200,0.66074092,0.70923442
1651377600,0.65161572,0.70958065
1651392000,0.64867098,0.70988929
1651406400,0.66181725,0.70885429
1651420800,0.65931764,0.70752391
1651435200,0.65769723,0.70506099
1651449600,0.65189957,0.70505602
1651464000,0.65200491,0.70508635
1651478400,0.65472636,0.70453956
1651492800,0.64971611,0.71097878
1651507200,0.64629701,0.71423446
1651521600,0.63682661,0.71531547
1651536000,0.63861494,0.71535521
1651550400,0.64030212,0.71592233
1651564800,0.63635305,0.71635019
1651579200,0.65166143,0.71602189
1651593600,0.64276008,0.71384315
1651608000,0.62190881,0.71409730
1651622400,0.63839441,0.71364861
1651636800,0.64631089,0.71098167
1651651200,0.64037524,0.71501494
1651665600,0.62503286,0.71559289
1651680000,0.65021204,0.71152024
1651694400,0.63811070,0.71156969
1651708800,0.62661058,0.71173878
1651723200,0.63482746,0.71179716
1651737600,0.63596394,0.71173313
1651752000,0.65386047,0.67230081
1651766400,0.64353895,0.67054200
1651780800,0.63678963,0.67073577
1651795200,0.63137445,0.67079714
1651809600,0.62682596,0.67094472
1651824000,0.62932313,0.66834592
1651838400,0.61892608,0.66872862
1651852800,0.60316952,0.66877746
1651867200,0.60528217,0.66894862
1651881600,0.61839730,0.68578397
1651896000,0.60416372,0.68571747
1651910400,0.60355711,0.68573381
1651924800,0.60220003,0.68585478
1651939200,0.60308337,0.68584470
1651953600,0.61879432,0.68484340
1651968000,0.63524343,0.70787780
1651982400,0.62068849,0.70779065
1651996800,0.62532229,0.70758319
1652011200,0.63157160,0.70759580
1652025600,0.62709869,0.71942988
1652040000,0.62714788,0.71736121
1652054400,0.62834355,0.72662857
1652068800,0.62758506,0.72923811
1652083200,0.64412493,0.72813002
1652097600,0.64921725,0.72350961
1652112000,0.65144031,0.70834432
1652126400,0.64737611,0.70126492
1652140800,0.64477837,0.69840840
1652155200,0.64757637,0.68954448
1652169600,0.62353230,0.68987780
1652184000,0.63414558,0.68907736
1652198400,0.61483884,0.68991364
1652212800,0.63043141,0.68904623
1652227200,0.61580331,0.68871932
1652241600,0.62943432,0.68518774
1652256000,0.63562399,0.67749508
1652270400,0.63273723,0.67824697
1652284800,0.64379252,0.65465879
1652299200,0.63150837,0.65408694
1652313600,0.64223443,0.64940082
1652328000,0.63472579,0.64869511
1652342400,0.63622596,0.65125466
1652356800,0.63148100,0.64922338
1652371200,0.62978342,0.64798972
1652385600,0.62551846,0.64737579
1652400000,0.64469731,0.62833602
1652414400,0.63570377,0.62674300
1652428800,0.63734147,0.62484888
1652443200,0.63505123,0.62886714
1652457600,0.63317439,0.63369493
1652472000,0.63410995,0.63691149
1652486400,0.62639535,0.65243129
1652500800,0.62195496,0.66041757
1652515200,0.62767469,0.67575125
1652529600,0.62568536,0.67872303
1652544000,0.62746079,0.67591564
1652558400,0.63357011,0.67853268
1652572800,0.62983831,0.67965877
1652587200,0.62130282,0.69010145
1652601600,0.63272893,0.70323235
1652616000,0.62799780,0.71218796
1652630400,0.62918836,0.71473980
1652644800,0.63662538,0.70836491
1652659200,0.64107462,0.70815629
1652673600,0.63997761,0.71345594
1652688000,0.63570202,0.71604660
1652702400,0.63400335,0.71633586
1652716800,0.62441695,0.71727302
1652731200,0.62853145,0.73168894
1652745600,0.63035545,0.73155124
1652760000,0.61089862,0.73481023
1652774400,0.61605437,0.74384822
1652788800,0.62129261,0.74359878
1652803200,0.61383876,0.74419516
1652817600,0.62049366,0.74762977
1652832000,0.63135502,0.74440669
1652846400,0.61753545,0.75427532
1652860800,0.61831427,0.75452672
1652875200,0.64000840,0.74938438
1652889600,0.63350348,0.74885693
1652904000,0.63700131,0.74573583
1652918400,0.63685600,0.74354462
1652932800,0.61380640,0.77173424
1652947200,0.63001829,0.77089934
1652961600,0.64067970,0.76599749
1652976000,0.63574716,0.78269899
1652990400,0.63411388,0.80062671
1653004800,0.62796069,0.81095966
1653019200,0.62481041,0.81092314
1653033600,0.60424755,0.84921546
1653048000,0.61564022,0.83657354
1653062400,0.61313701,0.83784697
1653076800,0.61764656,0.84155892
1653091200,0.62012034,0.84783894
1653105600,0.63547793,0.84770661
1653120000,0.57294919,0.85679791
1653134400,0.58895639,0.85620837
1653148800,0.58384861,0.86546001
1653163200,0.57110399,0.86959829
1653177600,0.58473687,0.86955725
1653192000,0.58173643,0.87428788
1653206400,0.61043425,0.87311410
1653220800,0.59452165,0.87567077
1653235200,0.60448359,0.87955472
1653249600,0.62362880,0.87901094
1653264000,0.61899291,0.88148540
1653278400,0.61604507,0.88169912
1653292800,0.60581061,0.88435587
1653307200,0.59838742,0.88747879
1653321600,0.62464898,0.87459567
1653336000,0.60699282,0.87495221
1653350400,0.63616265,0.87564060
1653364800,0.63787611,0.87668232
1653379200,0.64295769,0.87696307
1653393600,0.57382930,0.87824923
1653408000,0.56092726,0.88337358
1653422400,0.59585844,0.88337766
1653436800,0.62190363,0.88110752
1653451200,0.62903640,0.87950457
1653465600,0.63101713,0.87980066
1653480000,0.63400627,0.88081772
1653494400,0.62109398,0.88289256
1653508800,0.61031312,0.88288220
1653523200,0.61572363,0.88227799
1653537600,0.60199111,0.88284092
1653552000,0.63140967,0.87921310
1653566400,0.63462302,0.88011471
1653580800,0.61058144,0.88101859
1653595200,0.63797313,0.88193546
1653609600,0.64133996,0.88170501
1653624000,0.60005215,0.88171934
1653638400,0.58645364,0.88305146
1653652800,0.59342735,0.88497453
1653667200,0.57484785,0.88501226
1653681600,0.59873206,0.88548963
1653696000,0.60594822,0.88551813
1653710400,0.60025739,0.88597869
1653724800,0.59826125,0.88601264
1653739200,0.61447109,0.89042890
1653753600,0.59863591,0.89059207
1653768000,0.58383874,0.89083925
1653782400,0.58982025,0.89082454
1653796800,0.58003830,0.89116578
1653811200,0.61635542,0.89102459
1653825600,0.59479664,0.89340870
1653840000,0.61932848,0.89528118
1653854400,0.65025586,0.89426893
1653868800,0.65348540,0.88812895
1653883200,0.65913159,0.88825237
1653897600,0.64745669,0.88825060
1653912000,0.65630202,0.88825942
1653926400,0.65759175,0.88856388
1653940800,0.64282233,0.88078357
1653955200,0.63494359,0.88077514
1653969600,0.65871969,0.88776064
1653984000,0.66537079,0.88972798
1653998400,0.67349579,0.88921461
1654012800,0.63783029,0.88905347
1654027200,0.63623249,0.90730810
1654041600,0.63990112,0.90775792
1654056000,0.64320472,0.90806653
1654070400,0.63692947,0.91060082
1654084800,0.64772689,0.90565978
1654099200,0.65253460,0.90313986
1654113600,0.65870121,0.90252323
1654128000,0.65206210,0.90284605
1654142400,0.67137116,0.90238744
1654156800,0.65421082,0.90212430
1654171200,0.61648682,0.90213312
1654185600,0.61229658,0.90212808
1654200000,0.62727894,0.90192948
1654214400,0.60984408,0.90189460
1654228800,0.59851579,0.90215578
1654243200,0.65034680,0.89859254
1654257600,0.65333465,0.89817712
1654272000,0.64564364,0.90220444
1654286400,0.66044323,0.90277117
1654300800,0.66420677,0.90341598
1654315200,0.62627140,0.90329384
1654329600,0.59394602,0.91147479
1654344000,0.62643241,0.91122796
1654358400,0.63408853,0.91090432
1654372800,0.64083712,0.91322082
1654387200,0.63589251,0.91321014
1654401600,0.64219931,0.91320306
1654416000,0.63556896,0.92129770
1654430400,0.64799115,0.92080666
1654444800,0.63468628,0.93383551
1654459200,0.64436676,0.93428110
1654473600,0.64926353,0.92290927
1654488000,0.64194384,0.92368327
1654502400,0.65926290,0.92366174
1654516800,0.66749161,0.92357240
1654531200,0.66743478,0.92397519
1654545600,0.59152787,0.92486558
1654560000,0.61919995,0.90217303
1654574400,0.60850137,0.90220155
1654588800,0.63273540,0.90222598
1654603200,0.65166267,0.90349562
1654617600,0.63975922,0.90710387
1654632000,0.61000408,0.90765126
1654646400,0.62149062,0.90235804
1654660800,0.62689000,0.90174483
1654675200,0.62599049,0.90234227
1654689600,0.61082328,0.90451717
1654704000,0.63059574,0.90404359
1654718400,0.59728079,0.90448544
1654732800,0.57863371,0.90444269
1654747200,0.59029441,0.90419678
1654761600,0.59651401,0.90456240
1654776000,0.56576289,0.90479091
1654790400,0.60030514,0.90418596
1654804800,0.59836981,0.90413029
1654819200,0.58720999,0.90544624
1654833600,0.59223384,0.90543822
1654848000,0.59052061,0.90544819
1654862400,0.62864390,0.90551715
1654876800,0.63669522,0.90363109
1654891200,0.63266770,0.90356374
1654905600,0.64007983,0.90477441
1654920000,0.63431767,0.90494028
1654934400,0.64355826,0.90220095
1654948800,0.63781087,0.90137365
1654963200,0.63892235,0.90117557
1654977600,0.64699784,0.90564184
1654992000,0.65227653,0.89963698
1655006400,0.63938375,0.90024526
1655020800,0.64948851,0.89998303
1655035200,0.65561350,0.89663945
1655049600,0.65447202,0.89688841
1655064000,0.64008263,0.89031384
1655078400,0.62835533,0.87888480
1655092800,0.63229651,0.87370741
1655107200,0.61968069,0.86119793
1655121600,0.62474254,0.86101793
1655136000,0.62111760,0.86158950
1655150400,0.62305776,0.86127787
1655164800,0.62229227,0.85938232
1655179200,0.60909212,0.85190754
1655193600,0.61761858,0.84082001
1655208000,0.62248301,0.84032381
1655222400,0.62622662,0.83732608
1655236800,0.61619010,0.83731811
1655251200,0.63019249,0.82987506
1655265600,0.61931735,0.82192843
1655280000,0.61896977,0.81867444
1655294400,0.62089638,0.81772126
1655308800,0.62906360,0.81911659
1655323200,0.61719661,0.80762091
1655337600,0.61569724,0.80564243
1655352000,0.62147708,0.80332991
1655366400,0.62205230,0.79500973
1655380800,0.59792821,0.79674556
1655395200,0.61693798,0.79727503
1655409600,0.62360919,0.79302237
1655424000,0.59569890,0.79327279
1655438400,0.61236115,0.78422544
1655452800,0.61161970,0.78393713
1655467200,0.62604956,0.78364780
1655481600,0.61946483,0.78364238
1655496000,0.61830677,0.78454069
1655510400,0.56922141,0.78875200
1655524800,0.60317831,0.77681803
1655539200,0.59271386,0.77707239
1655553600,0.62697112,0.78019703
1655568000,0.61734200,0.78028548
1655582400,0.61159788,0.77273027
1655596800,0.60592040,0.76699123
1655611200,0.59295546,0.76717664
1655625600,0.59477932,0.72500386
1655640000,0.59455373,0.74601332
1655654400,0.60687145,0.74549627
1655668800,0.61230669,0.74123644
1655683200,0.61630204,0.73403700
1655697600,0.57636599,0.73392404
1655712000,0.59743954,0.72489632
1655726400,0.57540796,0.72766003
1655740800,0.60340532,0.72044676
1655755200,0.60251921,0.71839200
1655769600,0.58962561,0.72160163
1655784000,0.60536611,0.71621928
1655798400,0.60427265,0.71732262
1655812800,0.60193075,0.71419813
1655827200,0.60077747,0.71426465
1655841600,0.59988457,0.71374709
1655856000,0.60258240,0.71142065
1655870400,0.60369251,0.71103501
1655884800,0.60728880,0.71159177
1655899200,0.60424597,0.70938511
1655913600,0.60450168,0.71647451
1655928000,0.60812248,0.71609498
1655942400,0.61268466,0.71514397
1655956800,0.60954957,0.71376562
1655971200,0.59609195,0.71838854
1655985600,0.60673453,0.71674582
1656000000,0.61960287,0.71049638
1656014400,0.61601179,0.71032132
1656028800,0.60499804,0.71055175
1656043200,0.61607790,0.71246879
1656057600,0.61904517,0.71134021
1656072000,0.60648053,0.71022030
1656086400,0.61361488,0.70799640
1656100800,0.59343169,0.70820848
1656115200,0.60583298,0.71719363
1656129600,0.61326493,0.71659046
1656144000,0.60899312,0.71602037
1656158400,0.61154036,0.71351244
1656172800,0.61440804,0.71239844
1656187200,0.61984904,0.71730144
1656201600,0.60905133,0.71769664
1656216000,0.60683726,0.71778757
1656230400,0.61584193,0.71611202
1656244800,0.62073658,0.71584883
1656259200,0.60592194,0.71639652
1656273600,0.61955408,0.71741822
1656288000,0.61815087,0.71775878
1656302400,0.61714762,0.71861267
1656316800,0.59793813,0.71902663
1656331200,0.62855651,0.71562711
1656345600,0.61945774,0.74072800
1656360000,0.62264732,0.74105167
1656374400,0.60667813,0.74150554
1656388800,0.62574885,0.74178129
1656403200,0.59464331,0.74213468
1656417600,0.62016641,0.73927157
1656432000,0.62635835,0.74319455
1656446400,0.60827364,0.74324249
1656460800,0.61190826,0.74330181
1656475200,0.62821449,0.74252435
1656489600,0.60251758,0.74320910
1656504000,0.58390893,0.74439679
1656518400,0.59982512,0.74426112
1656532800,0.60146239,0.74424342
1656547200,0.58192562,0.74423308
1656561600,0.63614556,0.73561538
1656576000,0.63832721,0.73301441
1656590400,0.62975071,0.73758997
1656604800,0.64144186,0.74179982
1656619200,0.64112519,0.72024617
1656633600,0.65812232,0.71962604
1656648000,0.66021972,0.71900444
1656662400,0.66395463,0.71579690
1656676800,0.66205317,0.71555903
1656691200,0.64523384,0.71540187
1656705600,0.64623518,0.71925966
1656720000,0.64738542,0.71881824
1656734400,0.62603419,0.71881852
1656748800,0.63168714,0.71872254
1656763200,0.62826389,0.71870287
1656777600,0.62656705,0.72252678
1656792000,0.61182501,0.72470146
1656806400,0.61287652,0.72686982
1656820800,0.62929621,0.72657118
1656835200,0.62723359,0.72729290
1656849600,0.62871728,0.72887175
1656864000,0.65620677,0.72392615
1656878400,0.65647249,0.72321972
1656892800,0.65818598,0.72235848
1656907200,0.65158042,0.72262947
1656921600,0.66339306,0.71750462
1656936000,0.64994252,0.71798138
1656950400,0.65522185,0.71806330
1656964800,0.66364848,0.72087904
1656979200,0.66016664,0.72191278
1656993600,0.64771344,0.72204758
1657008000,0.65983765,0.71164858
1657022400,0.65190117,0.71171009
1657036800,0.65938909,0.69744316
1657051200,0.65993303,0.69719941
1657065600,0.66366947,0.69966854
1657080000,0.66064382,0.69863444
1657094400,0.65888580,0.69971778
1657108800,0.64026098,0.70304724
1657123200,0.64421468,0.70247715
1657137600,0.64482381,0.70259134
1657152000,0.63877226,0.70248480
1657166400,0.63832246,0.70246719
1657180800,0.64034887,0.70245958
1657195200,0.65229935,0.69947363
1657209600,0.65773784,0.68212840
1657224000,0.65817732,0.68203187
1657238400,0.66240728,0.67736713
1657252800,0.66447297,0.67540800
1657267200,0.66429814,0.67443274
1657281600,0.65643122,0.67150309
1657296000,0.65522727,0.67125764
1657310400,0.65251756,0.67060514
1657324800,0.64258420,0.67096982
1657339200,0.64558274,0.67565027
1657353600,0.66722098,0.67645331
1657368000,0.66593499,0.67645667
1657382400,0.66042660,0.67643513
1657396800,0.65966996,0.67661597
1657411200,0.67359909,0.67485451
1657425600,0.66699033,0.67483849
1657440000,0.66576866,0.67820249
1657454400,0.67978868,0.67562749
1657468800,0.67439666,0.67562440
1657483200,0.67376384,0.67566081
1657497600,0.68126200,0.67495315
1657512000,0.68054312,0.67479341
1657526400,0.66935418,0.67521628
1657540800,0.67038438,0.68753984
1657555200,0.67232283,0.68987160
1657569600,0.68240540,0.68537614
1657584000,0.67824567,0.68749881
1657598400,0.68455304,0.68676205
1657612800,0.68203521,0.68709996
1657627200,0.68547245,0.68747345
1657641600,0.68243810,0.68253099
1657656000,0.68103178,0.68348076
1657670400,0.68274336,0.68317003
1657684800,0.68591579,0.68195049
1657699200,0.68591345,0.68306604
1657713600,0.68232708,0.68121450
1657728000,0.68336109,0.68095748
1657742400,0.68812180,0.67392074
1657756800,0.68343131,0.67555013
1657771200,0.69064268,0.67466102
1657785600,0.68946742,0.67355908
1657800000,0.69089038,0.66418589
1657814400,0.68710898,0.66319971
1657828800,0.68540072,0.66317575
1657843200,0.68615275,0.66349665
1657857600,0.69036659,0.66409549
1657872000,0.67142104,0.66544026
1657886400,0.66357690,0.66546858
1657900800,0.68043519,0.66350391
1657915200,0.68481159,0.66117579
1657929600,0.68184441,0.66530126
1657944000,0.68588948,0.67473703
1657958400,0.68552020,0.67463129
1657972800,0.68599793,0.67303868
1657987200,0.68339030,0.67267965
1658001600,0.67823587,0.67287869
1658016000,0.68294115,0.67258048
1658030400,0.68474146,0.67219775
1658044800,0.67285686,0.67219761
1658059200,0.68007919,0.67080640
1658073600,0.69170001,0.67034160
1658088000,0.69612083,0.66925643
1658102400,0.70740146,0.66463261
1658116800,0.72152375,0.64705892
1658131200,0.71642745,0.64682356
1658145600,0.72267093,0.64290939
1658160000,0.72890797,0.62077114
1658174400,0.73000311,0.60612685
1658188800,0.72627989,0.59963582
1658203200,0.72253651,0.59938258
1658217600,0.72329758,0.59877293
1658232000,0.72651461,0.57186873
1658246400,0.71919394,0.57064956
1658260800,0.70863186,0.57104888
1658275200,0.71224119,0.57469146
1658289600,0.71320286,0.59068307
1658304000,0.69270893,0.59188766
1658318400,0.69878019,0.58849362
1658332800,0.70669055,0.58406199
1658347200,0.71008968,0.58649382
1658361600,0.71336840,0.58470707
1658376000,0.70968264,0.58484838
1658390400,0.71053882,0.58294850
1658404800,0.70006689,0.58306291
1658419200,0.70961956,0.57946180
1658433600,0.69848738,0.57995035
1658448000,0.70408309,0.57898596
1658462400,0.70205113,0.57818721
1658476800,0.70992793,0.57513341
1658491200,0.70416017,0.57324726
1658505600,0.71410049,0.56445126
1658520000,0.70746628,0.56437915
1658534400,0.70942667,0.56430025
1658548800,0.70189718,0.56674584
1658563200,0.71265893,0.56082831
1658577600,0.69286065,0.56140376
1658592000,0.69718216,0.56431818
1658606400,0.70065778,0.56658697
1658620800,0.70025816,0.56684742
1658635200,0.69505258,0.56398913
1658649600,0.69027289,0.56458104
1658664000,0.69582785,0.56381356
1658678400,0.69468231,0.56336842
1658692800,0.69398668,0.56310251
1658707200,0.71084657,0.55308559
1658721600,0.70669136,0.55283563
1658736000,0.70389201,0.55321463
1658750400,0.70267066,0.55388393
1658764800,0.70077937,0.55411341
1658779200,0.70523569,0.54856413
1658793600,0.70269997,0.54821647
1658808000,0.70138761,0.54978299
1658822400,0.69934553,0.54977737
1658836800,0.70646851,0.54761797
1658851200,0.69314280,0.54687625
1658865600,0.69899080,0.54419580
1658880000,0.69913537,0.54334051
1658894400,0.70260032,0.54162212
1658908800,0.69812509,0.54275012
1658923200,0.70299794,0.54388113
1658937600,0.73119932,0.50932913
1658952000,0.72621442,0.51294127
1658966400,0.72415620,0.51235885
1658980800,0.72365676,0.51148449
1658995200,0.72220679,0.51071994
1659009600,0.68937352,0.51215886
1659024000,0.70957336,0.50299897
1659038400,0.70489292,0.50292939
1659052800,0.70328603,0.50286780
1659067200,0.70049392,0.50294935
1659081600,0.70401176,0.50194199
1659096000,0.68917451,0.50015569
1659110400,0.68879617,0.49987722
1659124800,0.68887798,0.50487581
1659139200,0.68700944,0.50754924
1659153600,0.68419187,0.50747516
1659168000,0.67153590,0.50751104
1659182400,0.70074337,0.50635524
1659196800,0.71090035,0.49931471
1659211200,0.71033800,0.49899394
1659225600,0.70848752,0.49878964
1659240000,0.70639243,0.49959873
1659254400,0.70085664,0.49944918
1659268800,0.68026091,0.51148755
1659283200,0.66457915,0.51244243
1659297600,0.69818029,0.50732013
1659312000,0.69306979,0.51830349
1659326400,0.69169758,0.51894230
1659340800,0.69113262,0.51904077
1659355200,0.69062383,0.51984646
1659369600,0.69577824,0.51466254
1659384000,0.70105002,0.51248733
1659398400,0.70501634,0.50943943
1659412800,0.70244883,0.50973459
1659427200,0.70462796,0.50955329
1659441600,0.70195831,0.50977806
1659456000,0.69514185,0.50991088
1659470400,0.68873873,0.51159681
1659484800,0.68833850,0.51145323
1659499200,0.68630884,0.51112102
1659513600,0.70429916,0.50378504
1659528000,0.70370388,0.50531161
1659542400,0.70266154,0.51091975
1659556800,0.71364542,0.50212726
1659571200,0.71294812,0.50059543
1659585600,0.70710115,0.50042329
1659600000,0.70613685,0.50039108
1659614400,0.70400882,0.50033964
1659628800,0.69968540,0.49630709
1659643200,0.69758585,0.49600992
1659657600,0.70625058,0.49053561
1659672000,0.70719278,0.49106132
1659686400,0.70532972,0.49072702
1659700800,0.70753729,0.48597659
1659715200,0.70735962,0.48625295
1659729600,0.70098960,0.48467438
1659744000,0.70121114,0.48505364
1659758400,0.69799770,0.48555577
1659772800,0.68560470,0.48554911
1659787200,0.68628256,0.48625892
1659801600,0.66342164,0.48689554
1659816000,0.67761271,0.48613855
1659830400,0.67917970,0.48614317
1659844800,0.67677658,0.48663590
1659859200,0.67747656,0.48663650
1659873600,0.67619115,0.48691733
1659888000,0.66563069,0.51879518
1659902400,0.66586825,0.51881946
1659916800,0.67094413,0.51839715
1659931200,0.69560415,0.51236747
1659945600,0.69798360,0.51036179
1659960000,0.69699693,0.51052003
1659974400,0.69654106,0.51099693
1659988800,0.69456248,0.51341818
1660003200,0.68460849,0.51354606
1660017600,0.67086723,0.51358599
1660032000,0.69026703,0.50973472
1660046400,0.69150935,0.50879899
1660060800,0.69213616,0.50902454
1660075200,0.68964946,0.50890622
1660089600,0.69199001,0.51896736
1660104000,0.68352271,0.53180720
1660118400,0.68108572,0.53372301
1660132800,0.71416883,0.52071279
1660147200,0.71346831,0.51753785
1660161600,0.71233250,0.51529453
1660176000,0.71308271,0.51254751
1660190400,0.71153774,0.51238531
1660204800,0.70002523,0.51189434
1660219200,0.69618528,0.51114782
1660233600,0.69695206,0.51389563
1660248000,0.69262826,0.51258835
1660262400,0.69263532,0.51266332
1660276800,0.69108601,0.51272737
1660291200,0.69281268,0.51063863
1660305600,0.69702231,0.50856724
1660320000,0.69551213,0.50780616
1660334400,0.69601666,0.50786973
1660348800,0.69968807,0.50645207
1660363200,0.69725305,0.51318881
1660377600,0.69307861,0.51311802
1660392000,0.69144096,0.51396605
1660406400,0.68769338,0.51597393
1660420800,0.68092083,0.51598180
1660435200,0.67527286,0.51628970
1660449600,0.68463449,0.51422296
1660464000,0.69026671,0.51404350
1660478400,0.69121482,0.58244467
1660492800,0.68984434,0.58876726
1660507200,0.69136182,0.58905803
1660521600,0.69872896,0.58471252
1660536000,0.72116930,0.57305300
1660550400,0.72047009,0.57303397
1660564800,0.71337869,0.57257924
1660579200,0.71211618,0.57261020
1660593600,0.70827312,0.57412292
1660608000,0.69082296,0.57512774
1660622400,0.68615278,0.57587074
1660636800,0.68430306,0.57591506
1660651200,0.67033811,0.58024023
1660665600,0.66827308,0.58029105
1660680000,0.66634337,0.58040124
1660694400,0.67032446,0.58006379
1660708800,0.67748355,0.57921925
1660723200,0.67730514,0.57956776
1660737600,0.68712686,0.57840179
1660752000,0.68789070,0.57822336
1660766400,0.68665459,0.57896416
1660780800,0.68284791,0.57898709
1660795200,0.68526070,0.57902612
1660809600,0.66510442,0.57883755
1660824000,0.66328732,0.57938457
1660838400,0.66396284,0.57919210
1660852800,0.66445830,0.57908356
1660867200,0.68371350,0.57578126
1660881600,0.72152403,0.55940374
1660896000,0.72031623,0.55617581
1660910400,0.71947969,0.55651781
1660924800,0.71107965,0.55638123
1660939200,0.71656522,0.55275774
1660953600,0.70633231,0.55048416
1660968000,0.70273221,0.57934411
1660982400,0.70066648,0.58062343
1660996800,0.69711288,0.58509938
1661011200,0.69496325,0.58789123
1661025600,0.69304095,0.58738492
1661040000,0.69138575,0.58803514
1661054400,0.69081721,0.58800900
1661068800,0.68773206,0.58685634
1661083200,0.68671522,0.58667231
1661097600,0.68455083,0.58835900
1661112000,0.68759233,0.58873475
1661126400,0.67985513,0.58914795
1661140800,0.68275535,0.58695636
1661155200,0.68283132,0.58779119
1661169600,0.68115667,0.58725620
1661184000,0.68633355,0.58516480
1661198400,0.69014871,0.59166149
1661212800,0.68811264,0.59271335
1661227200,0.68787030,0.59448218
1661241600,0.68290599,0.59626824
1661256000,0.68452856,0.59791358
1661270400,0.67904441,0.60069609
1661284800,0.67985186,0.60096289
1661299200,0.67522682,0.59953378
1661313600,0.67781822,0.60027264
1661328000,0.67299283,0.60366215
1661342400,0.67304493,0.60356723
1661356800,0.67327269,0.60364658
1661371200,0.67739075,0.60737520
1661385600,0.67757361,0.60791134
1661400000,0.67655153,0.60681740
1661414400,0.68179671,0.60692046
1661428800,0.67371280,0.60638769
1661443200,0.67441614,0.60635519
1661457600,0.67308010,0.60721200
1661472000,0.67079102,0.60767646
1661486400,0.66436746,0.60752242
1661500800,0.66765431,0.60597286
1661515200,0.67965580,0.60275490
1661529600,0.67781746,0.60250427
1661544000,0.68496737,0.59903362
1661558400,0.68450302,0.59910530
1661572800,0.67939980,0.59904194
1661587200,0.67534202,0.59898055
1661601600,0.67394048,0.59936888
1661616000,0.67338996,0.59951718
1661630400,0.67009768,0.59953966
1661644800,0.66491074,0.61900916
1661659200,0.66190893,0.61910817
1661673600,0.69979367,0.61917039
1661688000,0.70108537,0.62242857
1661702400,0.69396145,0.63825768
1661716800,0.67975136,0.63409467
1661731200,0.67918719,0.63500152
1661745600,0.67849951,0.63500991
1661760000,0.67349559,0.63554540
1661774400,0.67954386,0.63916807
1661788800,0.67981212,0.63856888
1661803200,0.67941271,0.63802319
1661817600,0.68057191,0.63821877
1661832000,0.67455505,0.63810888
1661846400,0.68422124,0.63840256
1661860800,0.69496858,0.62959218
1661875200,0.68877292,0.62910799
1661889600,0.68323496,0.62934223
1661904000,0.69691027,0.62123926
1661918400,0.69076699,0.62143469
1661932800,0.69186983,0.62183125
1661947200,0.68645322,0.62383479
1661961600,0.68504706,0.62541611
1661976000,0.69452735,0.62480074
1661990400,0.69696509,0.62476889
1662004800,0.69105883,0.62471394
1662019200,0.68983106,0.62397297
1662033600,0.68783180,0.62187757
1662048000,0.68823643,0.62179244
1662062400,0.68459600,0.62023851
1662076800,0.68652794,0.62021695
1662091200,0.68373928,0.62018619
1662105600,0.68859292,0.62036026
1662120000,0.68275973,0.61865091
1662134400,0.68912370,0.61424926
1662148800,0.68841405,0.61528112
1662163200,0.68304056,0.61550127
1662177600,0.67922032,0.61535575
1662192000,0.68495844,0.61541912
1662206400,0.70003347,0.61558457
1662220800,0.69587980,0.61656125
1662235200,0.68945193,0.61642142
1662249600,0.69006512,0.61635733
1662264000,0.68343376,0.61915868
1662278400,0.67920173,0.61810133
1662292800,0.67989470,0.61862302
1662307200,0.67794377,0.61872100
1662321600,0.67557611,0.61876517
1662336000,0.67529946,0.61894059
1662350400,0.67724213,0.61855180
1662364800,0.67798226,0.61946459
1662379200,0.67419673,0.61891640
1662393600,0.69514174,0.61870353
1662408000,0.69540289,0.61856635
1662422400,0.69888134,0.61955491
1662436800,0.69419022,0.61956638
1662451200,0.70014451,0.61957317
1662465600,0.70184538,0.62065264
1662480000,0.71196752,0.59399623
1662494400,0.69997268,0.59400202
1662508800,0.69212369,0.59397086
1662523200,0.68656193,0.59393116
1662537600,0.68292236,0.59392783
1662552000,0.72603341,0.59816651
1662566400,0.71900638,0.59805323
1662580800,0.70779243,0.59585198
1662595200,0.70540942,0.59575322
1662609600,0.70344691,0.59569883
1662624000,0.70112073,0.59520658
1662638400,0.70121263,0.59517838
1662652800,0.71448450,0.59499927
1662667200,0.71565001,0.59508102
1662681600,0.70355491,0.58490199
1662696000,0.70641528,0.57318360
1662710400,0.69952320,0.57095544
1662724800,0.69602843,0.56835700
1662739200,0.69222409,0.56844933
1662753600,0.69426215,0.56837223
1662768000,0.70666736,0.56827363
1662782400,0.71313656,0.56832154
1662796800,0.74503614,0.56845778
1662811200,0.73930950,0.56851602
1662825600,0.71033189,0.56567968
1662840000,0.70785070,0.56574911
1662854400,0.70438811,0.56571719
1662868800,0.70233730,0.56564409
1662883200,0.70295424,0.56575192
1662897600,0.72503767,0.56573746
1662912000,0.72718290,0.56643182
1662926400,0.71297708,0.56554553
1662940800,0.70774595,0.56486708
1662955200,0.70087137,0.55848044
1662969600,0.69576377,0.55816699
1662984000,0.69233082,0.55726827
1662998400,0.69242585,0.55517604
1663012800,0.69189094,0.55517789
1663027200,0.70068359,0.55461119
1663041600,0.70039319,0.55475930
1663056000,0.69903339,0.55524781
1663070400,0.73347922,0.48442679
1663084800,0.72101211,0.48123384
1663099200,0.71194802,0.48086341
1663113600,0.71086665,0.48638720
1663128000,0.70933420,0.48702114
1663142400,0.72162481,0.48708679
1663156800,0.72854882,0.48887684
1663171200,0.72328231,0.48871904
1663185600,0.72013446,0.48666777
1663200000,0.71848920,0.48549706
1663214400,0.71682469,0.48458972
1663228800,0.71722852,0.48453464
1663243200,0.71381623,0.47905378
1663257600,0.71591807,0.47902746
1663272000,0.71477248,0.47883447
1663286400,0.71526817,0.47886076
1663300800,0.71633266,0.47886162
1663315200,0.72270031,0.47832610
1663329600,0.71762179,0.47694034
1663344000,0.71914483,0.47842334
1663358400,0.71538365,0.47780481
1663372800,0.71528207,0.47775222
1663387200,0.71639966,0.47809706
1663401600,0.71958700,0.47892837
1663416000,0.71554285,0.47835036
1663430400,0.71967250,0.47830691
1663444800,0.71764336,0.47798796
1663459200,0.71601815,0.47758190
1663473600,0.71614175,0.47797140
1663488000,0.71604079,0.47781446
1663502400,0.71473273,0.47862266
1663516800,0.71489367,0.47917388
1663531200,0.71048726,0.47637699
1663545600,0.71161573,0.47637309
1663560000,0.71436198,0.44012213
1663574400,0.71107457,0.43825023
1663588800,0.70926828,0.43223559
1663603200,0.70912215,0.42514647
1663617600,0.71010602,0.42557429
1663632000,0.71240801,0.42474443
1663646400,0.71512000,0.42515399
1663660800,0.71344930,0.42453656
1663675200,0.72262997,0.42459219
1663689600,0.71593228,0.42344125
1663704000,0.71661455,0.42292485
1663718400,0.71473644,0.42201941
1663732800,0.71532036,0.42177947
1663747200,0.71260204,0.42010305
1663761600,0.71696062,0.42177532
1663776000,0.71381561,0.42068899
1663790400,0.71167932,0.40743112
1663804800,0.71041182,0.40510511
1663819200,0.70960645,0.40243639
1663833600,0.69581297,0.39887519
1663848000,0.69481082,0.39652735
1663862400,0.69907344,0.39236657
1663876800,0.69930510,0.39197015
1663891200,0.70265638,0.39196003
1663905600,0.69760273,0.39084129
1663920000,0.69857312,0.38498156
1663934400,0.70037752,0.38421904
1663948800,0.69879054,0.38766545
1663963200,0.69920965,0.37806133
1663977600,0.69766767,0.37806950
1663992000,0.69787519,0.37752997
1664006400,0.69766350,0.37782534
1664020800,0.69593756,0.37833084
1664035200,0.71002156,0.37837706
1664049600,0.70296352,0.37696594
1664064000,0.70270648,0.37621419
1664078400,0.70439675,0.37619304
1664092800,0.70397613,0.37615302
1664107200,0.69773116,0.38384595
1664121600,0.70176989,0.39448827
1664136000,0.70062564,0.39533002
1664150400,0.70041319,0.39621993
1664164800,0.70087390,0.39649686
1664179200,0.70361327,0.39897713
1664193600,0.69395452,0.39828141
1664208000,0.69535734,0.39815730
1664222400,0.69684625,0.39811931
1664236800,0.70692932,0.36707427
1664251200,0.70176156,0.36688129
1664265600,0.69752611,0.36701599
1664280000,0.69368783,0.36163257
1664294400,0.70789965,0.33296959
1664308800,0.71509552,0.33784674
1664323200,0.70289419,0.33206619
1664337600,0.70332150,0.33397118
1664352000,0.69801356,0.33310478
1664366400,0.70880755,0.32152148
1664380800,0.70921371,0.32217561
1664395200,0.70457913,0.32133254
1664409600,0.70251270,0.32203347
1664424000,0.69973211,0.32098414
1664438400,0.71162945,0.32060305
1664452800,0.70698960,0.32133794
1664467200,0.70665728,0.32103434
1664481600,0.70344800,0.31943539
1664496000,0.70219325,0.31771374
1664510400,0.70093800,0.31651657
1664524800,0.70103017,0.31580100
1664539200,0.69875981,0.31096376
1664553600,0.68334531,0.30748186
1664568000,0.68414786,0.30725895
1664582400,0.68906341,0.30773002
1664596800,0.67742945,0.30718381
1664611200,0.69289936,0.30879423
1664625600,0.71145664,0.31388898
1664640000,0.70282496,0.31371855
1664654400,0.70139988,0.31442437
1664668800,0.71841816,0.31443636
1664683200,0.71099342,0.31504529
1664697600,0.69642809,0.31492440
1664712000,0.69750764,0.31500125
1664726400,0.68703020,0.31433940
1664740800,0.67634568,0.31229949
1664755200,0.67464901,0.31178197
1664769600,0.67709068,0.31210282
1664784000,0.67437841,0.31197740
1664798400,0.67236149,0.31160440
1664812800,0.67295674,0.31052154
1664827200,0.67365409,0.31069095
1664841600,0.67578518,0.31177630
1664856000,0.66800685,0.30533233
1664870400,0.67259821,0.30685205
1664884800,0.66435851,0.30639237
1664899200,0.66309098,0.30574402
1664913600,0.66065205,0.30514651
1664928000,0.67088554,0.30484326
1664942400,0.67341165,0.30856077
1664956800,0.66743808,0.30674231
1664971200,0.67428034,0.31118976
1664985600,0.66712326,0.31319857
1665000000,0.67259929,0.31319412
1665014400,0.66363540,0.31500499
1665028800,0.66714260,0.31423338
1665043200,0.67151844,0.31421728
1665057600,0.66224385,0.31194735
1665072000,0.67013071,0.31196142
1665086400,0.66681126,0.31190103
1665100800,0.67021539,0.31206277
1665115200,0.66517604,0.31198101
1665129600,0.68348142,0.31187709
1665144000,0.66677820,0.30271440
1665158400,0.66242483,0.30218451
1665172800,0.65638096,0.30556108
1665187200,0.65604842,0.30553102
1665201600,0.65779720,0.30907698
1665216000,0.67826479,0.30946067
1665230400,0.68560562,0.30943718
1665244800,0.69192638,0.30960545
1665259200,0.68193795,0.31234168
1665273600,0.66640913,0.32051630
1665288000,0.66548660,0.32694147
1665302400,0.66136114,0.32724374
1665316800,0.65433634,0.32848274
1665331200,0.65229257,0.40234571
1665345600,0.65545755,0.40583920
1665360000,0.65863469,0.40813598
1665374400,0.65151137,0.40836675
1665388800,0.64725622,0.41611271
1665403200,0.64604887,0.43859733
1665417600,0.64292922,0.44354055
1665432000,0.63594394,0.48264467
1665446400,0.63195109,0.49282983
1665460800,0.63492870,0.49999930
1665475200,0.63338436,0.50562405
1665489600,0.64059611,0.55777842
1665504000,0.62619801,0.55738993
1665518400,0.62781197,0.55793340
1665532800,0.63149303,0.56760573
1665547200,0.62508394,0.57175145
1665561600,0.63098470,0.57194060
1665576000,0.64211027,0.57999345
1665590400,0.65389224,0.58003425
1665604800,0.64914012,0.58231463
1665619200,0.64484889,0.58334875
1665633600,0.63368642,0.58355155
1665648000,0.61780430,0.58173670
1665662400,0.61541061,0.58061358
1665676800,0.62796079,0.57598347
1665691200,0.62445285,0.57620863
1665705600,0.63174247,0.57153728
1665720000,0.62538453,0.57168231
1665734400,0.62207937,0.57214310
1665748800,0.62516725,0.57083560
1665763200,0.61224530,0.56980298
1665777600,0.62472565,0.57206109
1665792000,0.62058103,0.57335400
1665806400,0.61514944,0.58951631
1665820800,0.62949787,0.58957395
1665835200,0.65680666,0.59063642
1665849600,0.65055533,0.59472297
1665864000,0.64713814,0.59966657
1665878400,0.63850023,0.60104774
1665892800,0.64158564,0.60107085
1665907200,0.64111797,0.60126091
1665921600,0.64299266,0.60295128
1665936000,0.60907859,0.60240475
1665950400,0.60626020,0.60217325
1665964800,0.60345462,0.60222055
1665979200,0.59953749,0.60250463
1665993600,0.58254406,0.60245740
1666008000,0.58767587,0.60500729
1666022400,0.59051961,0.60558076
1666036800,0.58783027,0.60596247
1666051200,0.59248243,0.60665296
1666065600,0.59358899,0.60646029
1666080000,0.59160684,0.60619048
1666094400,0.58578941,0.60528987
1666108800,0.58293633,0.60486483
1666123200,0.57993032,0.60470826
1666137600,0.58011883,0.60562743
1666152000,0.57807342,0.60597497
1666166400,0.58611680,0.60596660
1666180800,0.59039545,0.60597710
1666195200,0.59802813,0.60603348
1666209600,0.58912404,0.60586091
1666224000,0.58678993,0.60588598
1666238400,0.58227016,0.60562459
1666252800,0.57240960,0.60568314
1666267200,0.57049511,0.60563573
1666281600,0.56863196,0.60467899
1666296000,0.56823056,0.60487713
1666310400,0.56933337,0.60490023
1666324800,0.56559990,0.60495363
1666339200,0.56165331,0.60605067
1666353600,0.56957054,0.60496142
1666368000,0.56779081,0.60494409
1666382400,0.56339419,0.60844341
1666396800,0.56210746,0.61007795
1666411200,0.56083286,0.61013736
1666425600,0.59876395,0.61024294
1666440000,0.58328327,0.61022684
1666454400,0.57871704,0.61645600
1666468800,0.57873441,0.61654931
1666483200,0.57563230,0.61680244
1666497600,0.56823438,0.61717755
1666512000,0.57576556,0.61717830
1666526400,0.57286654,0.62625721
1666540800,0.56098394,0.62402788
1666555200,0.55225211,0.62403982
1666569600,0.55046747,0.62791272
1666584000,0.54648981,0.62779640
1666598400,0.54346894,0.62752350
1666612800,0.55227962,0.62797612
1666627200,0.55082079,0.62801256
1666641600,0.55784712,0.62880694
1666656000,0.55416798,0.62907107
1666670400,0.55436896,0.62933832
1666684800,0.57755613,0.62941020
1666699200,0.57868250,0.62424240
1666713600,0.65695467,0.61744891
1666728000,0.65999760,0.61657517
1666742400,0.66116541,0.61633802
1666756800,0.66238932,0.61615852
1666771200,0.65980219,0.61469518
1666785600,0.65531766,0.61356567
1666800000,0.65610365,0.61346852
1666814400,0.65788284,0.61346998
1666828800,0.65647127,0.61385134
1666843200,0.64914510,0.61383360
1666857600,0.63723570,0.61368201
1666872000,0.63756994,0.61372125
1666886400,0.63882997,0.61367450
1666900800,0.65154940,0.61102154
1666915200,0.65692843,0.61119416
1666929600,0.65431555,0.61015297
1666944000,0.65601576,0.60994567
1666958400,0.65841136,0.60775818
1666972800,0.65691438,0.60737352
1666987200,0.66051571,0.60800604
1667001600,0.65596874,0.60966141
1667016000,0.65535193,0.60974354
1667030400,0.63949368,0.60961800
1667044800,0.64176046,0.60854417
1667059200,0.64331437,0.60854854
1667073600,0.64307225,0.60854380
1667088000,0.64035386,0.60873238
1667102400,0.63771293,0.60976578
1667116800,0.62974961,0.60969100
1667131200,0.63022817,0.60983121
1667145600,0.63231097,0.60984173
1667160000,0.63236078,0.60983517
1667174400,0.63154329,0.61548319
1667188800,0.63240611,0.61552909
1667203200,0.63512131,0.61472002
1667217600,0.64218016,0.61213883
1667232000,0.64601249,0.61326562
1667246400,0.64308898,0.61325880
1667260800,0.64601482,0.61325902
1667275200,0.63874513,0.61325845
1667289600,0.63019313,0.61326291
1667304000,0.63117115,0.61376782
1667318400,0.62998593,0.61378531
1667332800,0.62807468,0.61376804
1667347200,0.62329979,0.61386040
1667361600,0.62079358,0.61375076
1667376000,0.62136724,0.61380893
1667390400,0.62026782,0.61390262
1667404800,0.62520851,0.61345149
1667419200,0.62802316,0.61351969
1667433600,0.45618971,0.61311824
1667448000,0.45702997,0.61323890
1667462400,0.45732168,0.61248079
1667476800,0.45721588,0.61209799
1667491200,0.45778691,0.61209889
1667505600,0.44958037,0.61222942
1667520000,0.44949560,0.61205433
1667534400,0.47569813,0.61020440
1667548800,0.46517472,0.61020547
1667563200,0.48756883,0.60818393
1667577600,0.48985393,0.60692972
1667592000,0.47985483,0.60693168
1667606400,0.49350943,0.60519825
1667620800,0.48315739,0.60558735
1667635200,0.48097058,0.60559196
1667649600,0.46981903,0.60703615
1667664000,0.46844205,0.60789720
1667678400,0.47001088,0.60794785
1667692800,0.46407458,0.60789922
1667707200,0.46125900,0.60786141
1667721600,0.45870462,0.60779588
1667736000,0.46054148,0.60779420
1667750400,0.45275652,0.60774261
1667764800,0.47301955,0.60642395
1667779200,0.46969645,0.60655574
1667793600,0.48067771,0.60713738
1667808000,0.47189396,0.60693180
1667822400,0.46541840,0.60694129
1667836800,0.45943406,0.60685342
1667851200,0.47501926,0.60537013
1667865600,0.51913700,0.60104411
1667880000,0.53230382,0.59753872
1667894400,0.51388761,0.59730728
1667908800,0.50623329,0.59663301
1667923200,0.72179360,0.55374765
1667937600,0.67449662,0.55121895
1667952000,0.64623597,0.54953407
1667966400,0.62606232,0.54931395
1667980800,0.62909942,0.54336106
1667995200,0.68047687,0.52537431
1668009600,0.66247796,0.52117969
1668024000,0.73505899,0.48496985
1668038400,0.71752164,0.47434188
1668052800,0.70437112,0.46672649
1668067200,0.69509534,0.46050542
1668081600,0.78767253,0.39581146
1668096000,0.75311729,0.39540739
1668110400,0.72449564,0.39459181
1668124800,0.72449916,0.38058906
1668139200,0.71466507,0.37417484
1668153600,0.73099520,0.37389252
1668168000,0.74325449,0.36125238
1668182400,0.73745907,0.36121420
1668196800,0.73294215,0.35792865
1668211200,0.72897050,0.35777473
1668225600,0.72834347,0.35714836
1668240000,0.68937723,0.35717294
1668254400,0.68830654,0.35702938
1668268800,0.67420572,0.35702492
1668283200,0.66439713,0.35826348
1668297600,0.66358386,0.35768572
1668312000,0.66398379,0.35629546
1668326400,0.66502744,0.36009396
1668340800,0.64619630,0.36475398
1668355200,0.63509053,0.36476998
1668369600,0.64461700,0.36130825
1668384000,0.64263735,0.35923181
1668398400,0.63127499,0.33200282
1668412800,0.62751766,0.33191770
1668427200,0.63064529,0.33312534
1668441600,0.62493188,0.32960282
1668456000,0.62870877,0.32047541
1668470400,0.61853353,0.31800347
1668484800,0.60335816,0.31804396
1668499200,0.60362898,0.31773766
1668513600,0.60040095,0.32014607
1668528000,0.58922376,0.31890832
1668542400,0.58177465,0.31919260
1668556800,0.58311179,0.31910576
1668571200,0.58645921,0.31839016
1668585600,0.58225795,0.32973346
1668600000,0.59637652,0.32520111
1668614400,0.59734571,0.32487316
1668628800,0.59708556,0.32766305
1668643200,0.59799989,0.32650716
1668657600,0.59589618,0.32645000
1668672000,0.58166076,0.32656160
1668686400,0.57547524,0.32643967
1668700800,0.57244661,0.32603337
1668715200,0.53037864,0.32624022
1668729600,0.54347864,0.32453134
1668744000,0.54486856,0.32367190
1668758400,0.52932591,0.32374230
1668772800,0.51102224,0.32353944
1668787200,0.50366860,0.32367200
1668801600,0.49647395,0.32341404
1668816000,0.49252352,0.32330225
1668830400,0.48310457,0.32335567
1668844800,0.48167514,0.32304526
1668859200,0.47858446,0.32329071
1668873600,0.55117618,0.32416762
1668888000,0.54614010,0.32463564
1668902400,0.54907718,0.33003357
1668916800,0.54602910,0.33024854
1668931200,0.54396519,0.32798830
1668945600,0.54376990,0.32857656
1668960000,0.54972576,0.32864766
1668974400,0.55688481,0.32209051
1668988800,0.55599930,0.31928549
1669003200,0.55242649,0.31917483
1669017600,0.54491689,0.31926751
1669032000,0.54126825,0.31918068
1669046400,0.57606341,0.30753561
1669060800,0.56531583,0.30769370
1669075200,0.55369569,0.30722971
1669089600,0.54820490,0.30643750
1669104000,0.55303765,0.30643183
1669118400,0.59344791,0.29025235
1669132800,0.57703378,0.28995087
1669147200,0.56504870,0.29151894
1669161600,0.57853351,0.28146947
1669176000,0.57746437,0.28148872
1669190400,0.56957243,0.28147261
1669204800,0.55739494,0.27958265
1669219200,0.55616690,0.27943757
1669233600,0.55585928,0.27790183
1669248000,0.55311345,0.27754471
1669262400,0.54930706,0.27687542
1669276800,0.54982917,0.27677123
1669291200,0.55163836,0.27677558
1669305600,0.55054915,0.27675740
1669320000,0.54728164,0.27670374
1669334400,0.54171909,0.27566490
1669348800,0.54415874,0.27559029
1669363200,0.53818272,0.27519234
1669377600,0.54221763,0.27521447
1669392000,0.54035542,0.27520297
1669406400,0.54344769,0.27532023
1669420800,0.53126712,0.27471828
1669435200,0.53426336,0.27477138
1669449600,0.53865784,0.27479012
1669464000,0.52743851,0.27467946
1669478400,0.52775110,0.27464623
1669492800,0.53140750,0.27506999
1669507200,0.52510569,0.27481763
1669521600,0.52599836,0.27472116
1669536000,0.52965591,0.27482712
1669550400,0.52652413,0.27487179
1669564800,0.52703725,0.27584001
1669579200,0.52080910,0.27446848
1669593600,0.55052190,0.26963851
1669608000,0.55330522,0.26945118
1669622400,0.55504209,0.26952734
1669636800,0.55343345,0.26995217
1669651200,0.55161205,0.26955954
1669665600,0.53909058,0.26954224
1669680000,0.53889587,0.26912445
1669694400,0.54795044,0.26651724
1669708800,0.54991583,0.26693541
1669723200,0.54958395,0.26606362
1669737600,0.55119626,0.26599185
1669752000,0.55121730,0.26601427
1669766400,0.56212091,0.25209924
1669780800,0.56562659,0.25390940
1669795200,0.56797534,0.25392633
1669809600,0.56660055,0.25419099
1669824000,0.56479157,0.25139411
1669838400,0.55317006,0.25076682
1669852800,0.55585069,0.25103897
1669867200,0.55478535,0.25027469
1669881600,0.55607438,0.24994193
1669896000,0.55240825,0.24843002
1669910400,0.55149695,0.24840331
1669924800,0.55213014,0.24875347
1669939200,0.54840224,0.24844281
1669953600,0.54818372,0.24822102
1669968000,0.53968514,0.24814326
1669982400,0.54137284,0.24788556
1669996800,0.54281078,0.24790511
1670011200,0.54460424,0.24701147
1670025600,0.54614666,0.24677462
1670040000,0.54688880,0.24677796
1670054400,0.54782858,0.24676620
1670068800,0.54772542,0.24676357
1670083200,0.53580331,0.24675809
1670097600,0.53371784,0.24659403
1670112000,0.53529918,0.24619011
1670126400,0.53709511,0.24615883
1670140800,0.53630411,0.24596454
1670155200,0.53838939,0.24540343
1670169600,0.53814504,0.24602722
1670184000,0.53634862,0.24602911
1670198400,0.53758797,0.24888678
1670212800,0.54013063,0.24780691
1670227200,0.54115735,0.24785125
1670241600,0.54842630,0.24389019
1670256000,0.55243957,0.24173692
1670270400,0.55393393,0.24160130
1670284800,0.55295510,0.24153370
1670299200,0.55532591,0.24153630
1670313600,0.56086161,0.24150954
1670328000,0.54269232,0.24151887
1670342400,0.53611361,0.24154719
1670356800,0.55144604,0.24049559
1670371200,0.55449375,0.24016411
1670385600,0.56482603,0.23419129
1670400000,0.56780416,0.23433181
1670414400,0.56783119,0.23530794
1670428800,0.56739518,0.23597549
1670443200,0.56699389,0.23597146
1670457600,0.53698258,0.23597127
1670472000,0.53399676,0.23597315
1670486400,0.52727368,0.23598196
1670500800,0.53839127,0.23565029
1670515200,0.56401676,0.22523220
1670529600,0.56769919,0.22512870
1670544000,0.56840723,0.22509326
1670558400,0.57094058,0.22509046
1670572800,0.57063344,0.22503750
1670587200,0.53920978,0.22503387
1670601600,0.54042847,0.22538610
1670616000,0.54150327,0.22922373
1670630400,0.54141198,0.22972696
1670644800,0.54039979,0.22972007
1670659200,0.53088274,0.22981895
1670673600,0.53024389,0.22980296
1670688000,0.53385335,0.22978789
1670702400,0.54308984,0.23103886
1670716800,0.54512525,0.23102340
1670731200,0.54608440,0.23095780
1670745600,0.54487145,0.23126788
1670760000,0.54301431,0.23166635
1670774400,0.53662416,0.23263469
1670788800,0.54652342,0.23199167
1670803200,0.55863210,0.22933471
1670817600,0.56287871,0.22938499
1670832000,0.57282194,0.22901135
1670846400,0.57442819,0.22995475
1670860800,0.57216221,0.23408344
1670875200,0.56489786,0.24382447
1670889600,0.56705176,0.24972379
1670904000,0.56834689,0.25036815
1670918400,0.57014992,0.24405744
1670932800,0.57157395,0.23731904
1670947200,0.57385567,0.28061836
1670961600,0.57255496,0.28056432
1670976000,0.57465843,0.28061588
1670990400,0.56710812,0.28079564
1671004800,0.53079062,0.28142443
1671019200,0.55591385,0.28452926
1671033600,0.56287477,0.28047925
1671048000,0.56511859,0.29802375
1671062400,0.56375288,0.34555555
1671076800,0.56408818,0.34557800
1671091200,0.55731929,0.34680116
1671105600,0.55275257,0.34182344
1671120000,0.55682952,0.34180893
1671134400,0.55578574,0.34283696
1671148800,0.55628185,0.34490230
1671163200,0.55629492,0.34452719
1671177600,0.55059903,0.33252984
1671192000,0.55314702,0.33362132
1671206400,0.55279717,0.33303667
1671220800,0.55174746,0.32955775
1671235200,0.55702922,0.33118773
1671249600,0.54760714,0.33094085
1671264000,0.54692548,0.33443846
1671278400,0.54600075,0.33577748
1671292800,0.52227296,0.33973520
1671307200,0.52655205,0.33992168
1671321600,0.52387114,0.33997431
1671336000,0.52641375,0.33998195
1671350400,0.53166185,0.34022897
1671364800,0.53231408,0.34026520
1671379200,0.52782467,0.34088533
1671393600,0.52684449,0.34244595
1671408000,0.53121552,0.34283539
1671422400,0.54018743,0.34281287
1671436800,0.54037002,0.34315682
1671451200,0.53901739,0.34424105
1671465600,0.54808773,0.34394786
1671480000,0.55116946,0.34513484
1671494400,0.58116016,0.34006481
1671508800,0.58290596,0.33996654
1671523200,0.58520671,0.34018937
1671537600,0.59292974,0.34023773
1671552000,0.59239733,0.34204291
1671566400,0.57233998,0.34205825
1671580800,0.57001284,0.34178777
1671595200,0.57062696,0.34247057
1671609600,0.56235063,0.34219142
1671624000,0.56410630,0.34342365
1671638400,0.56985203,0.34717277
1671652800,0.56924738,0.39485657
1671667200,0.57021105,0.39522061
1671681600,0.56768119,0.39540114
1671696000,0.56882479,0.39742940
1671710400,0.57183476,0.39554324
1671724800,0.57225277,0.39780364
1671739200,0.57305350,0.40336256
1671753600,0.67330250,0.40338572
1671768000,0.69877969,0.40392853
1671782400,0.65569191,0.40432918
1671796800,0.67435593,0.40432053
1671811200,0.54325693,0.40447698
1671825600,0.61462361,0.40430214
1671840000,0.63844631,0.40419870
1671854400,0.63852332,0.40422360
1671868800,0.65642317,0.40549150
1671883200,0.65824980,0.40554000
1671897600,0.63364570,0.40568989
1671912000,0.59256440,0.40611142
1671926400,0.58812932,0.40686713
1671940800,0.57007778,0.40687833
1671955200,0.55091578,0.40745342
1671969600,0.59413611,0.40744248
1671984000,0.58217243,0.40762198
1671998400,0.64233837,0.41157031
1672012800,0.67907007,0.41139661
1672027200,0.69387915,0.41147093
1672041600,0.69070785,0.41186576
1672056000,0.71373353,0.41174428
1672070400,0.71118731,0.41260032
1672084800,0.71411222,0.41496460
1672099200,0.71627871,0.41504884
1672113600,0.71152528,0.41581369
1672128000,0.72312510,0.41573703
1672142400,0.72557364,0.41570725
1672156800,0.71438842,0.41548094
1672171200,0.71967165,0.41560565
1672185600,0.74097435,0.41694165
1672200000,0.73697206,0.41937363
1672214400,0.75124944,0.41960568
1672228800,0.71493244,0.41911569
1672243200,0.72358293,0.42136493
1672257600,0.71352867,0.42213529
1672272000,0.73919163,0.42213165
1672286400,0.73784756,0.42251770
1672300800,0.71217317,0.42220087
1672315200,0.70823037,0.42223725
1672329600,0.70993768,0.42224206
1672344000,0.72588184,0.42222356
1672358400,0.72145450,0.42302942
1672372800,0.71204496,0.42185698
1672387200,0.73274393,0.42321753
1672401600,0.76290683,0.42327881
1672416000,0.75665451,0.42678082
1672430400,0.78403406,0.42712933
1672444800,0.72702267,0.42703185
1672459200,0.74105949,0.42705696
1672473600,0.53023041,0.43530882
1672488000,0.53180597,0.43552024
1672502400,0.52909681,0.43960313
1672516800,0.53095766,0.43943943
1672531200,0.52773695,0.43944353
1672545600,0.53078881,0.43999564
1672560000,0.53293265,0.44039448
1672574400,0.53043513,0.44234329
1672588800,0.53088872,0.44226888
1672603200,0.52906170,0.44229829
1672617600,0.53485625,0.44219596
1672632000,0.53590084,0.44210592
1672646400,0.53310448,0.44210238
1672660800,0.53141829,0.44233488
1672675200,0.53086602,0.44626590
1672689600,0.54475478,0.44929148
1672704000,0.54042178,0.44958892
1672718400,0.54329978,0.44968347
1672732800,0.54088536,0.44973844
1672747200,0.54585889,0.44972235
1672761600,0.54732053,0.44925857
1672776000,0.54539022,0.45158778
1672790400,0.54009952,0.44976006
1672804800,0.53455236,0.44990873
1672819200,0.53686086,0.45003537
1672833600,0.53483293,0.45014488
1672848000,0.53606376,0.45224083
1672862400,0.52105477,0.45259029
1672876800,0.52317753,0.45273209
1672891200,0.51987126,0.45273724
1672905600,0.52141299,0.45275196
1672920000,0.52088787,0.45284794
1672934400,0.52240791,0.45282954
1672948800,0.52545952,0.45306574
1672963200,0.52296265,0.45308823
1672977600,0.52695306,0.45304725
1672992000,0.52933523,0.45293972
1673006400,0.53361636,0.45409655
1673020800,0.53298698,0.45476676
1673035200,0.53060471,0.45480723
1673049600,0.52859118,0.45484419
1673064000,0.52889416,0.45485485
1673078400,0.52905584,0.45482474
1673092800,0.52058809,0.45534788
1673107200,0.53293602,0.45534733
1673121600,0.53264785,0.45721536
1673136000,0.53293760,0.45750366
1673150400,0.53076920,0.45755088
1673164800,0.53149830,0.45764874
1673179200,0.54057731,0.45763226
1673193600,0.82162003,0.45827734
1673208000,0.80073689,0.45701178
1673222400,0.83809925,0.45675264
1673236800,0.82614879,0.45676939
1673251200,0.88921164,0.45685304
1673265600,0.89990176,0.45881052
1673280000,0.77106138,0.45877251
1673294400,0.79360772,0.45818107
1673308800,0.79739110,0.46302703
1673323200,0.78289976,0.46361384
1673337600,0.84293503,0.46345980
1673352000,0.85290689,0.46342664
1673366400,0.80595348,0.47145103
1673380800,0.77298289,0.47293649
1673395200,0.81706189,0.47294129
1673409600,0.82324422,0.47304260
1673424000,0.78774291,0.47387058
1673438400,0.78920711,0.47353993
1673452800,0.76757546,0.47188163
1673467200,0.65945849,0.46621271
1673481600,0.66793675,0.46300459
1673496000,0.71125288,0.46265417
1673510400,0.74819626,0.46244824
1673524800,0.76593643,0.46197325
1673539200,0.50697254,0.43721801
1673553600,0.53039584,0.43839720
1673568000,0.57828661,0.43855836
1673582400,0.62752471,0.43844538
1673596800,0.66398052,0.43825488
1673611200,0.54006911,0.43392705
1673625600,0.55665669,0.43371436
1673640000,0.53387914,0.42322897
1673654400,0.45019871,0.38519957
1673668800,0.47152562,0.38520003
1673683200,0.52493217,0.38640081
1673697600,0.54182408,0.38624461
1673712000,0.52791248,0.38627394
1673726400,0.44474160,0.38603663
1673740800,0.47565666,0.38415480
1673755200,0.43893992,0.38426498
1673769600,0.45031183,0.38429841
1673784000,0.50884274,0.38487485
1673798400,0.49190020,0.38573393
1673812800,0.44092250,0.38573569
1673827200,0.50958895,0.38452576
1673841600,0.49798441,0.38448187
1673856000,0.52954851,0.38477429
1673870400,0.54327488,0.38790057
1673884800,0.55547132,0.39171036
1673899200,0.55581763,0.41838835
1673913600,0.51770893,0.42161487
1673928000,0.48670081,0.42183311
1673942400,0.51166165,0.42161128
1673956800,0.44944886,0.42732665
1673971200,0.47213814,0.42739074
1673985600,0.49757439,0.46924838
1674000000,0.50503248,0.47125403
1674014400,0.49441164,0.47217045
1674028800,0.51357716,0.47248232
1674043200,0.52148880,0.47405596
1674057600,0.50766563,0.47698101
1674072000,0.52124180,0.47559984
1674086400,0.51323779,0.47552244
1674100800,0.52327799,0.47550173
1674115200,0.51611503,0.47531998
1674129600,0.52498903,0.47531136
1674144000,0.51706183,0.47405384
1674158400,0.49322573,0.47404287
1674172800,0.49922488,0.47410081
1674187200,0.53162924,0.47382095
1674201600,0.48353404,0.47401642
1674216000,0.51134515,0.47435537
1674230400,0.53288246,0.47461170
1674244800,0.46872596,0.43675509
1674259200,0.48403848,0.43678798
1674273600,0.50919325,0.43679225
1674288000,0.54072272,0.43826232
1674302400,0.53907058,0.43808823
1674316800,0.46431234,0.43608993
1674331200,0.48371703,0.42975291
1674345600,0.46565770,0.42993926
1674360000,0.49343787,0.42952357
1674374400,0.50081376,0.43321671
1674388800,0.47016587,0.43321866
1674403200,0.42689112,0.43311418
1674417600,0.40826226,0.43365008
1674432000,0.41122804,0.43507175
1674446400,0.38313764,0.43548012
1674460800,0.46293227,0.43450336
1674475200,0.44704633,0.43933023
1674489600,0.46185247,0.43932709
1674504000,0.47861534,0.44264094
1674518400,0.49402717,0.44364041
1674532800,0.44858897,0.44376052
1674547200,0.48510956,0.45157012
1674561600,0.46320999,0.45226112
1674576000,0.47708423,0.45210482
1674590400,0.50987918,0.44846680
1674604800,0.47120625,0.44847065
1674619200,0.51058630,0.44862834
1674633600,0.50297732,0.44830535
1674648000,0.48623029,0.45512183
1674662400,0.46529321,0.45504459
1674676800,0.49128611,0.45260822
1674691200,0.48675169,0.45275611
1674705600,0.50164337,0.45210474
1674720000,0.47455563,0.45258311
1674734400,0.48467246,0.45256996
1674748800,0.46724092,0.45219429
1674763200,0.46342431,0.45287406
1674777600,0.48111770,0.45160875
1674792000,0.49846307,0.44945214
1674806400,0.49959959,0.44944400
1674820800,0.47851149,0.44944041
1674835200,0.51645157,0.44924701
1674849600,0.51114021,0.44855512
1674864000,0.48149224,0.44850999
1674878400,0.50040035,0.44856811
1674892800,0.48064295,0.44856032
1674907200,0.45835506,0.44888126
1674921600,0.41742745,0.45061361
1674936000,0.41704296,0.45173025
1674950400,0.46282060,0.45099571
1674964800,0.43312968,0.45233200
1674979200,0.49367466,0.45172017
1674993600,0.49337979,0.45191447
1675008000,0.51118778,0.45034807
1675022400,0.51150650,0.45019257
1675036800,0.50963701,0.45245889
1675051200,0.50450403,0.45424151
1675065600,0.50585186,0.44634511
1675080000,0.49870177,0.44612698
1675094400,0.51291443,0.44522730
1675108800,0.50301661,0.44703246
1675123200,0.50354649,0.44746550
1675137600,0.50167226,0.44719437
1675152000,0.50613443,0.44677520
1675166400,0.48180349,0.44490438
1675180800,0.46716736,0.44511721
1675195200,0.47681080,0.44508116
1675209600,0.45455198,0.47764276
1675224000,0.47892857,0.47762785
1675238400,0.36960824,0.47765297
1675252800,0.42678575,0.47743775
1675267200,0.49407347,0.47377077
1675281600,0.50408159,0.47073530
1675296000,0.50839690,0.47043215
1675310400,0.51523015,0.47030552
1675324800,0.51673848,0.47025302
1675339200,0.48154330,0.47028974
1675353600,0.41161049,0.47039508
1675368000,0.46689413,0.46845788
1675382400,0.45183797,0.46845122
1675396800,0.46803554,0.46831545
1675411200,0.47408531,0.46817912
1675425600,0.47636732,0.46812552
1675440000,0.47089486,0.46614385
1675454400,0.47277656,0.46580455
1675468800,0.47459240,0.46567196
1675483200,0.45877610,0.46566840
1675497600,0.46845556,0.46564823
1675512000,0.43642625,0.46643037
1675526400,0.39411129,0.46710425
1675540800,0.43110248,0.46682003
1675555200,0.42065927,0.46686238
1675569600,0.42087696,0.46688372
1675584000,0.41288752,0.46703539
1675598400,0.47847990,0.46534800
1675612800,0.48374631,0.46531477
1675627200,0.47515337,0.46537942
1675641600,0.47909725,0.46540036
1675656000,0.47676442,0.46626732
1675670400,0.43971639,0.46661197
1675684800,0.44959563,0.46616421
1675699200,0.41588618,0.46669352
1675713600,0.48281873,0.46727513
1675728000,0.48395488,0.46710918
1675742400,0.48073282,0.46724556
1675756800,0.48411529,0.46714046
1675771200,0.49051282,0.46700406
1675785600,0.47491084,0.48398710
1675800000,0.47894769,0.49071021
1675814400,0.45154808,0.49348229
1675828800,0.46634074,0.49379247
1675843200,0.48112519,0.49483450
1675857600,0.48833921,0.49504268
1675872000,0.45007306,0.49504325
1675886400,0.48524135,0.49547715
1675900800,0.49285781,0.49260785
1675915200,0.49941458,0.50054125
1675929600,0.47340022,0.50184533
1675944000,0.50350224,0.50168147
1675958400,0.48827825,0.49431630
1675972800,0.48607064,0.49465706
1675987200,0.47428671,0.49486358
1676001600,0.49836550,0.49476709
1676016000,0.51373902,0.49426172
1676030400,0.46148846,0.49433480
1676044800,0.45332881,0.49909849
1676059200,0.46502512,0.53586368
1676073600,0.43965410,0.53742586
1676088000,0.41374502,0.53847503
1676102400,0.41230464,0.54101113
1676116800,0.41719227,0.60805802
1676131200,0.40553314,0.60955715
1676145600,0.44686072,0.60915653
1676160000,0.44681456,0.61016268
1676174400,0.43864530,0.61035182
1676188800,0.45703244,0.61400756
1676203200,0.45282344,0.63465911
1676217600,0.42511388,0.64528622
1676232000,0.46085783,0.64629961
1676246400,0.44706935,0.64629737
1676260800,0.45508392,0.64661726
1676275200,0.47662450,0.64547996
1676289600,0.46386804,0.64672475
1676304000,0.45753317,0.64690340
1676318400,0.47925980,0.64638297
1676332800,0.47728003,0.64628811
1676347200,0.45641070,0.64832427
1676361600,0.45425117,0.64890443
1676376000,0.48268405,0.64783912
1676390400,0.47902421,0.64730886
1676404800,0.45986246,0.64733649
1676419200,0.48509560,0.65588463
1676433600,0.46904225,0.65703628
1676448000,0.48194937,0.66441698
1676462400,0.47863249,0.66495788
1676476800,0.47321843,0.66273466
1676491200,0.43808159,0.64997576
1676505600,0.45346010,0.64788262
1676520000,0.45812953,0.64776526
1676534400,0.45976379,0.64783891
1676548800,0.47303106,0.64467017
1676563200,0.43925101,0.64427204
1676577600,0.41138648,0.61591804
1676592000,0.42584488,0.61527926
1676606400,0.43909022,0.61533136
1676620800,0.44639484,0.61537959
1676635200,0.45884232,0.61554530
1676649600,0.41661567,0.61882331
1676664000,0.40034848,0.61976573
1676678400,0.39847594,0.62573522
1676692800,0.41333604,0.63580430
1676707200,0.38184290,0.63580926
1676721600,0.37486289,0.63862989
1676736000,0.37200481,0.63868362
1676750400,0.35966579,0.63872633
1676764800,0.37550817,0.63874236
1676779200,0.38961523,0.63967162
1676793600,0.39152039,0.64298792
1676808000,0.40764060,0.64205745
1676822400,0.41679573,0.63956221
1676836800,0.41564738,0.63869850
1676851200,0.41336632,0.63845230
1676865600,0.41341266,0.63835051
1676880000,0.42008411,0.63608666
1676894400,0.42812377,0.63854253
1676908800,0.43008570,0.68317983
1676923200,0.42769559,0.68743023
1676937600,0.43214212,0.68744402
1676952000,0.41992552,0.68823929
1676966400,0.44218796,0.68572496
1676980800,0.42927343,0.69713743
1676995200,0.43273107,0.69761498
1677009600,0.43785718,0.69735220
1677024000,0.44020877,0.69648357
1677038400,0.43145615,0.69625299
1677052800,0.43072282,0.70052113
1677067200,0.43976306,0.69884820
1677081600,0.43184564,0.69907045
1677096000,0.43802876,0.69849363
1677110400,0.43624278,0.69761757
1677124800,0.43176159,0.69761419
1677139200,0.43939932,0.69225033
1677153600,0.43482608,0.69221344
1677168000,0.42360441,0.69478187
1677182400,0.42531633,0.69568042
1677196800,0.42392171,0.69571891
1677211200,0.41723299,0.69551984
1677225600,0.40727028,0.69682834
1677240000,0.43272019,0.69239925
1677254400,0.42849105,0.69191172
1677268800,0.41660224,0.69213106
1677283200,0.42879412,0.69200555
1677297600,0.42521536,0.69207583
1677312000,0.41826324,0.69187776
1677326400,0.40704112,0.70311652
1677340800,0.40872576,0.70312888
1677355200,0.41926670,0.70292300
1677369600,0.41497292,0.70309948
1677384000,0.41655349,0.70303778
1677398400,0.41968924,0.70306784
1677412800,0.41308325,0.70313348
1677427200,0.43079875,0.70394562
1677441600,0.42241057,0.70423093
1677456000,0.42511390,0.70437006
1677470400,0.43759737,0.70950925
1677484800,0.42546604,0.71045466
1677499200,0.42917731,0.71030442
1677513600,0.43848681,0.70922571
1677528000,0.44610226,0.70854024
1677542400,0.42815826,0.70872278
1677556800,0.45617717,0.70858251
1677571200,0.45686266,0.70824542
1677585600,0.44817117,0.70932418
1677600000,0.44946757,0.70940424
1677614400,0.45075479,0.70921407
1677628800,0.45134956,0.70791060
1677643200,0.45229256,0.70870518
1677657600,0.43059093,0.70909071
1677672000,0.43205989,0.71256896
1677686400,0.45527308,0.71062460
1677700800,0.44903676,0.70946376
1677715200,0.44405707,0.70922618
1677729600,0.45052289,0.70919161
1677744000,0.43753074,0.70922503
1677758400,0.43116253,0.70920898
1677772800,0.41440844,0.70906015
1677787200,0.37325587,0.70912079
1677801600,0.39073536,0.68761210
1677816000,0.39480491,0.68760168
1677830400,0.41315127,0.68762783
1677844800,0.41417671,0.68822606
1677859200,0.43269486,0.68858421
1677873600,0.28761625,0.68916699
1677888000,0.27523692,0.69104868
1677902400,0.26788003,0.69136679
1677916800,0.26749998,0.69256485
1677931200,0.30941893,0.69297813
1677945600,0.34479742,0.69289973
1677960000,0.37852862,0.69356331
1677974400,0.37003960,0.69359015
1677988800,0.36695815,0.69383339
1678003200,0.37242577,0.69464230
1678017600,0.37789862,0.69527628
1678032000,0.35373880,0.69549035
1678046400,0.34839208,0.69548661
1678060800,0.35862132,0.69701672
1678075200,0.34783291,0.69702185
1678089600,0.33534575,0.69703850
1678104000,0.41852383,0.69946919
1678118400,0.43081017,0.69954158
1678132800,0.40504048,0.69960059
1678147200,0.42786102,0.69957182
1678161600,0.42815276,0.70004661
1678176000,0.42149595,0.69994714
1678190400,0.37049546,0.70015894
1678204800,0.43290262,0.69956565
1678219200,0.42693285,0.69948814
1678233600,0.43066276,0.69945626
1678248000,0.45228260,0.69938289
1678262400,0.45400064,0.69915425
1678276800,0.43534790,0.69922045
1678291200,0.45183417,0.69888606
1678305600,0.46260282,0.69727711
1678320000,0.45085623,0.69733429
1678334400,0.45809690,0.69726025
1678348800,0.44191652,0.69732068
1678363200,0.44588532,0.69731181
1678377600,0.42504505,0.68512036
1678392000,0.43203562,0.67988643
1678406400,0.44409418,0.67798422
1678420800,0.45089742,0.67791578
1678435200,0.46745135,0.67706861
1678449600,0.44706622,0.67556770
1678464000,0.39963265,0.67625003
1678478400,0.42348106,0.67619949
1678492800,0.43375289,0.67498737
1678507200,0.42754030,0.66871849
1678521600,0.43126649,0.66773785
1678536000,0.40727089,0.66796236
1678550400,0.44857566,0.67321538
1678564800,0.45147982,0.67433720
1678579200,0.41574391,0.67640528
1678593600,0.40005130,0.67638969
1678608000,0.42035521,0.67619089
1678622400,0.41794914,0.67620560
1678636800,0.42789918,0.67242573
1678651200,0.38851122,0.64315556
1678665600,0.40553869,0.64255930
1678680000,0.42263676,0.64170826
1678694400,0.43608434,0.63957802
1678708800,0.36502372,0.57620704
1678723200,0.37066948,0.57472059
1678737600,0.38422157,0.57427615
1678752000,0.40206110,0.57347368
1678766400,0.40373901,0.57326118
1678780800,0.36155637,0.56924749
1678795200,0.36818907,0.54699417
1678809600,0.37458683,0.53449212
1678824000,0.38163451,0.53221268
1678838400,0.36881480,0.53335414
1678852800,0.39284164,0.53293861
1678867200,0.37446524,0.53263247
1678881600,0.35471895,0.53442130
1678896000,0.33796572,0.53424371
1678910400,0.33955955,0.53436182
1678924800,0.32649077,0.53445344
1678939200,0.36877681,0.53193953
1678953600,0.37270020,0.53123549
1678968000,0.36570010,0.53120140
1678982400,0.36849550,0.53113266
1678996800,0.36942700,0.53110267
1679011200,0.39937532,0.52030734
1679025600,0.40278792,0.51894012
1679040000,0.40832565,0.50707726
1679054400,0.41498370,0.50325005
1679068800,0.42242827,0.50057211
1679083200,0.41602531,0.49523482
1679097600,0.40357229,0.49649254
1679112000,0.38682189,0.49670460
1679126400,0.38867668,0.49745948
1679140800,0.39440512,0.49752292
1679155200,0.34576647,0.49761395
1679169600,0.38658182,0.49477244
1679184000,0.39524919,0.49322050
1679198400,0.40062172,0.49357795
1679212800,0.40093376,0.49781650
1679227200,0.41374072,0.49565121
1679241600,0.41207783,0.48835068
1679256000,0.41232349,0.48741325
1679270400,0.41933991,0.48007573
1679284800,0.41456314,0.46676897
1679299200,0.38979733,0.47573991
1679313600,0.42328512,0.47141716
1679328000,0.41514022,0.47127536
1679342400,0.40707596,0.47426284
1679356800,0.37702773,0.47424675
1679371200,0.40002577,0.47277005
1679385600,0.39677434,0.46894320
1679400000,0.37259676,0.46914522
1679414400,0.38937332,0.47186508
1679428800,0.37288516,0.47221150
1679443200,0.38632735,0.47230813
1679457600,0.30425519,0.47270710
1679472000,0.30059426,0.47286867
1679486400,0.39688282,0.46950092
1679500800,0.37895219,0.41265983
1679515200,0.39667894,0.40552453
1679529600,0.39985710,0.40535253
1679544000,0.42409855,0.40392970
1679558400,0.41593410,0.40386322
1679572800,0.38890876,0.38460238
1679587200,0.38245389,0.38410370
1679601600,0.38261009,0.38471948
1679616000,0.38741764,0.38590573
1679630400,0.39257900,0.38638050
1679644800,0.38139169,0.37850033
1679659200,0.38557163,0.37648176
1679673600,0.38788599,0.37590761
1679688000,0.40331589,0.37291663
1679702400,0.39826660,0.37343877
1679716800,0.37340639,0.37583225
1679731200,0.35069055,0.37602476
1679745600,0.37188430,0.37702754
1679760000,0.38425117,0.37257879
1679774400,0.38805527,0.37123624
1679788800,0.37807376,0.37176379
1679803200,0.37274818,0.37188145
1679817600,0.40161962,0.36969665
1679832000,0.36260018,0.36969920
1679846400,0.34370807,0.37121352
1679860800,0.36598009,0.38040545
1679875200,0.36450721,0.38027506
1679889600,0.32812320,0.38016695
1679904000,0.33563060,0.38622146
1679918400,0.42260232,0.37961840
1679932800,0.40535702,0.43419100
1679947200,0.42379529,0.43579912
1679961600,0.42648449,0.43919029
1679976000,0.41456137,0.43917968
1679990400,0.34537377,0.43887566
1680004800,0.34460773,0.43951025
1680019200,0.38870709,0.44036952
1680033600,0.38429685,0.44040208
1680048000,0.38488385,0.44022089
1680062400,0.42182408,0.43151532
1680076800,0.42199978,0.43082731
1680091200,0.40677347,0.43091052
1680105600,0.40299551,0.43137993
1680120000,0.40627279,0.43133555
1680134400,0.36489996,0.43103189
1680148800,0.36386261,0.42985917
1680163200,0.35779399,0.42971778
1680177600,0.39179671,0.42755215
1680192000,0.40339775,0.42560243
1680206400,0.39081830,0.42553121
1680220800,0.39338031,0.42527480
1680235200,0.41613743,0.42213930
1680249600,0.40392608,0.42153655
1680264000,0.42100634,0.41931502
1680278400,0.39930609,0.42092317
1680292800,0.39151912,0.42126052
1680307200,0.39801804,0.42872171
1680321600,0.40335003,0.42858025
1680336000,0.31831224,0.42868424
1680350400,0.31868326,0.43092497
1680364800,0.31489540,0.43287420
1680379200,0.32756136,0.43371819
1680393600,0.30991764,0.43373169
1680408000,0.31556484,0.43368626
1680422400,0.32194126,0.43363336
1680436800,0.38017008,0.43621489
1680451200,0.38993156,0.43607648
1680465600,0.40699741,0.43516703
1680480000,0.43540599,0.43250535
1680494400,0.43586143,0.43229924
1680508800,0.44578689,0.43059856
1680523200,0.44363892,0.43090435
1680537600,0.42283982,0.43089370
1680552000,0.43144330,0.43782412
1680566400,0.41688545,0.43784717
1680580800,0.40869754,0.43746782
1680595200,0.41999959,0.43631025
1680609600,0.42952574,0.43656807
1680624000,0.41651089,0.43617095
1680638400,0.40304362,0.43619110
1680652800,0.44036266,0.43580425
1680667200,0.40963311,0.43609082
1680681600,0.40409912,0.43616488
1680696000,0.45128212,0.43212757
1680710400,0.45063936,0.43147244
1680724800,0.43080752,0.43139011
1680739200,0.42701939,0.43177111
1680753600,0.44773314,0.43096071
1680768000,0.38410975,0.43106538
1680782400,0.38712165,0.43852626
1680796800,0.38274592,0.43958360
1680811200,0.36781525,0.43958331
1680825600,0.34460586,0.43965825
1680840000,0.39308164,0.43915824
1680854400,0.36378269,0.43923000
1680868800,0.38220698,0.43922992
1680883200,0.37694287,0.43922110
1680897600,0.36867368,0.44345663
1680912000,0.35797562,0.44394381
1680926400,0.36009348,0.44475466
1680940800,0.35594442,0.44470060
1680955200,0.33930164,0.44472454
1680969600,0.36423702,0.45004421
1680984000,0.33311659,0.45195237
1680998400,0.35786681,0.45180797
1681012800,0.37039104,0.45156979
1681027200,0.36162133,0.45155869
1681041600,0.35832959,0.45291207
1681056000,0.40968966,0.45367302
1681070400,0.41782412,0.45325373
1681084800,0.40229103,0.45326405
1681099200,0.39170655,0.45355109
1681113600,0.43775039,0.45378852
1681128000,0.43780155,0.45754098
1681142400,0.48968547,0.45271247
1681156800,0.49565246,0.44926894
1681171200,0.50106794,0.44630291
1681185600,0.48393287,0.44630037
1681200000,0.49164371,0.44632048
1681214400,0.48126907,0.44699321
1681228800,0.45662376,0.44912877
1681243200,0.40306050,0.44938812
1681257600,0.44573838,0.45107085
1681272000,0.43765459,0.45234265
1681286400,0.43034669,0.45235070
1681300800,0.43595446,0.45233780
1681315200,0.44746634,0.45251370
1681329600,0.41830984,0.45435469
1681344000,0.44257689,0.45383092
1681358400,0.42544511,0.45385062
1681372800,0.44032819,0.45379388
1681387200,0.46081191,0.45266301
1681401600,0.46401148,0.45250043
1681416000,0.45384847,0.45255207
1681430400,0.47922762,0.45136440
1681444800,0.46973915,0.45132669
1681459200,0.45475077,0.45133739
1681473600,0.49400389,0.44874354
1681488000,0.48778580,0.44939016
1681502400,0.48907012,0.44914803
1681516800,0.48868930,0.45113997
1681531200,0.48741134,0.45154707
1681545600,0.43383666,0.45160951
1681560000,0.43575195,0.45159516
1681574400,0.40936545,0.45159626
1681588800,0.40489537,0.45246589
1681603200,0.40262034,0.45249104
1681617600,0.41747086,0.45260874
1681632000,0.43430462,0.45292956
1681646400,0.44382107,0.45276312
1681660800,0.43552090,0.45293117
1681675200,0.43028060,0.45309955
1681689600,0.47936302,0.45164141
1681704000,0.47718802,0.45219077
1681718400,0.48886027,0.45212944
1681732800,0.49736545,0.45165351
1681747200,0.49727093,0.45753081
1681761600,0.48160646,0.45748676
1681776000,0.47556224,0.45750586
1681790400,0.49276736,0.45607162
1681804800,0.50747739,0.45078236
1681819200,0.50613020,0.45205256
1681833600,0.51044865,0.45373250
1681848000,0.51944639,0.45344444
1681862400,0.51631812,0.45306481
1681876800,0.47565339,0.45280596
1681891200,0.52583457,0.44336448
1681905600,0.51070853,0.44335921
1681920000,0.51288906,0.44338064
1681934400,0.53417561,0.44014605
1681948800,0.52400710,0.44006684
1681963200,0.47754419,0.44006653
1681977600,0.50389341,0.43912163
1681992000,0.50166970,0.43898082
1682006400,0.50448342,0.43627996
1682020800,0.50153087,0.43594327
1682035200,0.50065304,0.43586850
1682049600,0.50233153,0.43568453
1682064000,0.50001136,0.43638936
1682078400,0.45689558,0.43649246
1682092800,0.52646273,0.42611335
1682107200,0.50967446,0.42671210
1682121600,0.51680143,0.42679770
1682136000,0.51679529,0.42756986
1682150400,0.50986925,0.42759668
1682164800,0.45830579,0.42696418
1682179200,0.46651375,0.42658513
1682193600,0.48326574,0.42591412
1682208000,0.49779722,0.42986588
1682222400,0.50029246,0.42946053
1682236800,0.49340882,0.42929928
1682251200,0.49792441,0.42883018
1682265600,0.47476599,0.42909339
1682280000,0.47885108,0.42883632
1682294400,0.48646455,0.43133804
1682308800,0.50829626,0.42941007
1682323200,0.49977962,0.42930123
1682337600,0.51640964,0.43061955
1682352000,0.51248024,0.43057042
1682366400,0.51136133,0.43039215
1682380800,0.50023286,0.43028944
1682395200,0.49572069,0.43024950
1682409600,0.48268860,0.43045279
1682424000,0.47140858,0.43050283
1682438400,0.49717298,0.43044426
1682452800,0.53072229,0.42199811
1682467200,0.51205363,0.42205788
1682481600,0.52307779,0.42206228
1682496000,0.54261483,0.41637164
1682510400,0.54781401,0.40520812
1682524800,0.54903569,0.34605377
1682539200,0.54901536,0.34347154
1682553600,0.56616014,0.33871185
1682568000,0.54039623,0.33874358
1682582400,0.54201277,0.33873747
1682596800,0.50426849,0.33777727
1682611200,0.51681162,0.33238193
1682625600,0.49933468,0.33210452
1682640000,0.49173514,0.33464510
1682654400,0.49506738,0.33458387
1682668800,0.50492061,0.33354096
1682683200,0.47270356,0.33357198
1682697600,0.47583216,0.33444996
1682712000,0.45855501,0.34130515
1682726400,0.46507573,0.34158751
1682740800,0.44075461,0.34164333
1682755200,0.43956101,0.34164443
1682769600,0.40835890,0.34354740
1682784000,0.40862688,0.34353266
1682798400,0.40289771,0.34372715
1682812800,0.41814023,0.34384410
1682827200,0.43649742,0.34386425
1682841600,0.43386747,0.34569795
1682856000,0.50460730,0.34394327
1682870400,0.51009588,0.34241158
1682884800,0.50653263,0.34234595
1682899200,0.53377003,0.33290380
1682913600,0.51917206,0.33834521
1682928000,0.51554786,0.33831602
1682942400,0.52629549,0.33618008
1682956800,0.52934984,0.33392623
1682971200,0.50773835,0.33366434
1682985600,0.49423740,0.33826094
1683000000,0.48923612,0.33827600
1683014400,0.48134003,0.33842198
1683028800,0.50834522,0.33385771
1683043200,0.49889849,0.33329752
1683057600,0.48726911,0.33334584
1683072000,0.50120015,0.33379598
1683086400,0.50283087,0.33346882
1683100800,0.47257369,0.33328711
1683115200,0.48589931,0.33199273
1683129600,0.46608283,0.33242041
1683144000,0.52820943,0.32131940
1683158400,0.51332657,0.32144405
1683172800,0.50738998,0.32144760
1683187200,0.51442194,0.32128854
1683201600,0.52604219,0.32030218
1683216000,0.46146734,0.32155092
1683230400,0.46956998,0.32151485
1683244800,0.50305613,0.31866871
1683259200,0.49779368,0.31848215
1683273600,0.49330810,0.31839469
1683288000,0.50126969,0.31728111
1683302400,0.49909757,0.31702675
1683316800,0.48103945,0.31718713
1683331200,0.48721670,0.31864095
1683345600,0.47697943,0.31864652
1683360000,0.47357474,0.31854288
1683374400,0.52300241,0.32303516
1683388800,0.52040231,0.32635418
1683403200,0.50702980,0.32663150
1683417600,0.51346037,0.32652940
1683432000,0.51579017,0.32611193
1683446400,0.48581458,0.32606194
1683460800,0.47381762,0.32958674
1683475200,0.47052744,0.35580848
1683489600,0.51165925,0.35101454
1683504000,0.50892705,0.35240177
1683518400,0.51145563,0.35155842
1683532800,0.50528169,0.35166355
1683547200,0.50374480,0.35856579
1683561600,0.51947490,0.35215255
1683576000,0.51983438,0.35019788
1683590400,0.50888653,0.35017629
1683604800,0.50795236,0.35034903
1683619200,0.50554623,0.35034324
1683633600,0.50307909,0.35050039
1683648000,0.50349172,0.34891366
1683662400,0.49897776,0.34879770
1683676800,0.49622093,0.34875243
1683691200,0.50081355,0.34838292
1683705600,0.49447039,0.34844419
1683720000,0.51214973,0.34346395
1683734400,0.52163473,0.33878637
1683748800,0.51504247,0.33870902
1683763200,0.51625958,0.33875519
1683777600,0.50679794,0.35123067
1683792000,0.50016115,0.35144337
1683806400,0.48997422,0.35057125
1683820800,0.50515397,0.34810297
1683835200,0.50045994,0.34800944
1683849600,0.51493048,0.34472868
1683864000,0.51639249,0.34300680
1683878400,0.50615170,0.34307087
1683892800,0.50040078,0.34306339
1683907200,0.50566039,0.34426339
1683921600,0.50584337,0.34200203
1683936000,0.48792896,0.34251268
1683950400,0.49030096,0.34248775
1683964800,0.49115680,0.34346234
1683979200,0.48205370,0.34418062
1683993600,0.48172031,0.34417034
1684008000,0.48875257,0.34418764
1684022400,0.49292346,0.34408313
1684036800,0.48484122,0.34431889
1684051200,0.48229696,0.34462718
1684065600,0.49751903,0.34750264
1684080000,0.49886317,0.34706317
1684094400,0.49384182,0.34705070
1684108800,0.50612809,0.34440688
1684123200,0.50409351,0.34404515
1684137600,0.49788087,0.34409258
1684152000,0.49546426,0.34403037
1684166400,0.48736998,0.34437629
1684180800,0.49098274,0.35762238
1684195200,0.48543859,0.35767267
1684209600,0.48845167,0.35764322
1684224000,0.49158714,0.35697607
1684238400,0.48346791,0.35704605
1684252800,0.48398355,0.36338549
1684267200,0.48486514,0.36371610
1684281600,0.48107278,0.36372012
1684296000,0.48882282,0.36271824
1684310400,0.49355962,0.36167428
1684324800,0.49414386,0.36430689
1684339200,0.51237620,0.36411347
1684353600,0.50366414,0.36413909
1684368000,0.50468264,0.36430124
1684382400,0.50233533,0.36691613
1684396800,0.49801673,0.36708251
1684411200,0.50195897,0.36511274
1684425600,0.50517276,0.36308637
1684440000,0.50006752,0.36304844
1684454400,0.49756917,0.36306124
1684468800,0.49697206,0.36308896
1684483200,0.49172659,0.36325597
1684497600,0.47766582,0.36333873
1684512000,0.47833158,0.36341489
1684526400,0.47853834,0.36545431
1684540800,0.47583323,0.36553848
1684555200,0.47494941,0.36555450
1684569600,0.47521685,0.36555156
1684584000,0.48031794,0.36544959
1684598400,0.48812379,0.36631629
1684612800,0.48500042,0.36695140
1684627200,0.48518230,0.36694090
1684641600,0.48932086,0.36669439
1684656000,0.48388191,0.36573882
1684670400,0.48082577,0.36625259
1684684800,0.47515977,0.38366410
1684699200,0.48602638,0.38521396
1684713600,0.50234205,0.38830478
1684728000,0.50392976,0.38783951
1684742400,0.50098320,0.38793871
1684756800,0.50132343,0.40267572
1684771200,0.49723910,0.40368880
1684785600,0.49633602,0.40383212
1684800000,0.51283317,0.39968993
1684814400,0.50801981,0.40025224
1684828800,0.50541175,0.40064474
1684843200,0.50357422,0.40074580
1684857600,0.50665511,0.40264810
1684872000,0.49535681,0.40440983
1684886400,0.51022479,0.40114960
1684900800,0.50745261,0.40094942
1684915200,0.50559336,0.40153712
1684929600,0.51253065,0.41679814
1684944000,0.50952032,0.41813852
1684958400,0.50644693,0.41860975
1684972800,0.50704116,0.41821358
1684987200,0.50522455,0.41855235
1685001600,0.50332693,0.41827964
1685016000,0.50120975,0.41946041
1685030400,0.50614514,0.41896431
1685044800,0.50182023,0.41912202
1685059200,0.50215870,0.41976383
1685073600,0.50114396,0.41968429
1685088000,0.50019526,0.41965017
1685102400,0.50551010,0.41818444
1685116800,0.50070109,0.41855374
1685131200,0.50186305,0.41849863
1685145600,0.50078053,0.41886088
1685160000,0.50003747,0.41897614
1685174400,0.49196221,0.41931625
1685188800,0.49045368,0.41973876
1685203200,0.49028387,0.42010039
1685217600,0.49240974,0.41977204
1685232000,0.50216119,0.41786800
1685246400,0.49771867,0.41786127
1685260800,0.49753511,0.41950242
1685275200,0.49848366,0.42008564
1685289600,0.50197777,0.41924032
1685304000,0.51185438,0.41369453
1685318400,0.50714817,0.41425824
1685332800,0.50441208,0.41538427
1685347200,0.50215942,0.41561670
1685361600,0.50729469,0.41414095
1685376000,0.49803556,0.41572416
1685390400,0.49933709,0.41555985
1685404800,0.49890468,0.41553682
1685419200,0.49885814,0.41584202
1685433600,0.51235641,0.41589217
1685448000,0.51495049,0.41418248
1685462400,0.51288620,0.41397379
1685476800,0.51260183,0.41396797
1685491200,0.50971768,0.41524616
1685505600,0.51744747,0.41076404
1685520000,0.51240678,0.41094899
1685534400,0.51412218,0.42220215
1685548800,0.51277448,0.42373939
1685563200,0.51462139,0.42311737
1685577600,0.51641517,0.41954858
1685592000,0.50985539,0.41960220
1685606400,0.51193974,0.41953797
1685620800,0.50735127,0.41957333
1685635200,0.50753531,0.41958359
1685649600,0.50222686,0.41954004
1685664000,0.50912650,0.41893438
1685678400,0.50590448,0.41887929
1685692800,0.50659523,0.41881173
1685707200,0.50499039,0.41881905
1685721600,0.50894813,0.41852417
1685736000,0.50254270,0.41858462
1685750400,0.50659057,0.41868950
1685764800,0.50354951,0.41880202
1685779200,0.50408449,0.41880240
1685793600,0.50872684,0.42102214
1685808000,0.51129138,0.42064396
1685822400,0.50524058,0.42077314
1685836800,0.50488757,0.42079144
1685851200,0.50900842,0.42184879
1685865600,0.50621842,0.42213090
1685880000,0.49883984,0.42228533
1685894400,0.49960149,0.42327281
1685908800,0.50438028,0.42320780
1685923200,0.51157572,0.42183646
1685937600,0.50498922,0.42196334
1685952000,0.50728324,0.42385031
1685966400,0.52057617,0.41236023
1685980800,0.51987912,0.40862825
1685995200,0.51606093,0.40847189
1686009600,0.51237234,0.40846246
1686024000,0.51181316,0.40992145
1686038400,0.51010072,0.40989324
1686052800,0.51469113,0.40987747
1686067200,0.52376952,0.38745444
1686081600,0.51878403,0.38957442
1686096000,0.52066662,0.38836558
1686110400,0.51806388,0.38840557
1686124800,0.51700378,0.38843759
1686139200,0.51883437,0.38332083
1686153600,0.50759527,0.38347972
1686168000,0.50838843,0.38334657
1686182400,0.50225263,0.38339193
1686196800,0.50820022,0.38337692
1686211200,0.50234072,0.38337686
1686225600,0.51151089,0.38160277
1686240000,0.51040960,0.38104104
1686254400,0.50767855,0.38137334
1686268800,0.50292944,0.38137439
1686283200,0.50495857,0.38137914
1686297600,0.51099738,0.38103790
1686312000,0.51121614,0.38081229
1686326400,0.51000397,0.38088465
1686340800,0.51022756,0.38086657
1686355200,0.51211492,0.38035284
1686369600,0.51135055,0.36892823
1686384000,0.50762910,0.36899202
1686398400,0.50866800,0.36878908
1686412800,0.50916897,0.37295417
1686427200,0.50958033,0.37548470
1686441600,0.51021146,0.37526924
1686456000,0.50505834,0.37534453
1686470400,0.50921180,0.37555600
1686484800,0.50828174,0.37611246
1686499200,0.51291427,0.37441758
1686513600,0.51071073,0.37419476
1686528000,0.51167190,0.37373217
1686542400,0.50490733,0.37409502
1686556800,0.51278090,0.37315492
1686571200,0.51235293,0.37340329
1686585600,0.50487062,0.37439553
1686600000,0.51081056,0.37441880
1686614400,0.51085361,0.37443948
1686628800,0.51192236,0.37432236
1686643200,0.51246822,0.37447223
1686657600,0.51355955,0.37257888
1686672000,0.51122571,0.37950942
1686686400,0.50689983,0.37975538
1686700800,0.50996655,0.37966542
1686715200,0.51135840,0.38144213
1686729600,0.51135546,0.38144655
1686744000,0.50647349,0.38146279
1686758400,0.51263187,0.40257396
1686772800,0.51141632,0.39053147
1686787200,0.50650247,0.39043874
1686801600,0.50867728,0.39025586
1686816000,0.50651812,0.39024157
1686830400,0.50845085,0.39016291
1686844800,0.51195766,0.38406969
1686859200,0.50949876,0.38357877
1686873600,0.50146238,0.38371460
1686888000,0.50192170,0.38379784
1686902400,0.50452943,0.38373218
1686916800,0.50858740,0.38078426
1686931200,0.50642375,0.37388040
1686945600,0.49994798,0.37385432
1686960000,0.50364683,0.37374719
1686974400,0.50686624,0.37115840
1686988800,0.50359707,0.37118596
1687003200,0.50494877,0.37096912
1687017600,0.50455437,0.37211973
1687032000,0.50266533,0.37307228
1687046400,0.50334587,0.37308863
1687060800,0.50440936,0.37328920
1687075200,0.50721957,0.37331302
1687089600,0.50674938,0.37323733
1687104000,0.50730317,0.37378409
1687118400,0.50993299,0.37206887
1687132800,0.50570306,0.37276477
1687147200,0.50373042,0.37280837
1687161600,0.50199805,0.37280666
1687176000,0.50063231,0.37286744
1687190400,0.51044241,0.37183907
1687204800,0.50944919,0.37150667
1687219200,0.50622600,0.37146861
1687233600,0.50728111,0.37258511
1687248000,0.50755065,0.37258141
1687262400,0.51021955,0.37593643
1687276800,0.50482339,0.35823856
1687291200,0.50358263,0.35590520
1687305600,0.50438799,0.35249211
1687320000,0.50262556,0.35230495
1687334400,0.50181089,0.35216014
1687348800,0.50316377,0.33530188
1687363200,0.50112222,0.33408102
1687377600,0.49957470,0.33393496
1687392000,0.50344780,0.33236928
1687406400,0.50302579,0.33160460
1687420800,0.50326476,0.33119861
1687435200,0.50182022,0.33107912
1687449600,0.50582818,0.32852779
1687464000,0.50534903,0.32637942
1687478400,0.50299800,0.32614764
1687492800,0.50249348,0.32608714
1687507200,0.50541302,0.32527928
1687521600,0.50235589,0.30139891
1687536000,0.50066064,0.30000650
1687550400,0.50057001,0.29914434
1687564800,0.49720860,0.30198350
1687579200,0.50175451,0.30168645
1687593600,0.49815227,0.30864642
1687608000,0.50064030,0.30764301
1687622400,0.50006500,0.30657816
1687636800,0.49776368,0.30644855
1687651200,0.50035752,0.30562500
1687665600,0.49083754,0.30565801
1687680000,0.49012681,0.30565522
1687694400,0.49633777,0.30534344
1687708800,0.49725837,0.30483881
1687723200,0.49113514,0.30482653
1687737600,0.49692182,0.30425465
1687752000,0.49554086,0.30406348
1687766400,0.49715329,0.30363136
1687780800,0.49757598,0.30356799
1687795200,0.49810418,0.30315003
1687809600,0.48834520,0.30318779
1687824000,0.49602268,0.30305866
1687838400,0.49212253,0.30302885
1687852800,0.50123197,0.30083071
1687867200,0.50049213,0.30056970
1687881600,0.49953843,0.30056585
1687896000,0.49450963,0.30061615
1687910400,0.50133335,0.29951266
1687924800,0.50149413,0.29811504
1687939200,0.49838352,0.29788490
1687953600,0.49737521,0.29835269
1687968000,0.50254307,0.29625855
1687982400,0.49173244,0.29625624
1687996800,0.49680517,0.29617482
1688011200,0.49928798,0.29562257
1688025600,0.50252977,0.29334807
1688040000,0.49993214,0.29256689
1688054400,0.49816566,0.29238150
1688068800,0.49918009,0.29199152
1688083200,0.50227341,0.29016237
1688097600,0.49478336,0.29013835
1688112000,0.49848367,0.28966071
1688126400,0.50865604,0.27211651
1688140800,0.50586994,0.26997346
1688155200,0.50155977,0.26989162
1688169600,0.50137169,0.27031887
1688184000,0.50055124,0.27025148
1688198400,0.49580256,0.27014401
1688212800,0.49070617,0.27054034
1688227200,0.48848648,0.27074122
1688241600,0.48648792,0.27082073
1688256000,0.49070574,0.27481615
1688270400,0.48308154,0.27505634
1688284800,0.48671973,0.27512391
1688299200,0.48773446,0.27522668
1688313600,0.48455867,0.27800454
1688328000,0.48471068,0.28180512
1688342400,0.48773758,0.28136394
1688356800,0.48669231,0.28128636
1688371200,0.48453375,0.28126861
1688385600,0.49485204,0.27824007
1688400000,0.49234903,0.27810271
1688414400,0.48979326,0.27790244
1688428800,0.48703790,0.27786812
1688443200,0.49321096,0.27647208
1688457600,0.49025250,0.27625931
1688472000,0.48871950,0.27634543
1688486400,0.49204524,0.27485395
1688500800,0.48809100,0.27491999
1688515200,0.48804080,0.27478253
1688529600,0.48761702,0.27464415
1688544000,0.49352086,0.27168750
1688558400,0.48813916,0.27181756
1688572800,0.48828327,0.27312828
1688587200,0.48713904,0.27319663
1688601600,0.48194729,0.27320814
1688616000,0.49154593,0.27104599
1688630400,0.48484279,0.27102773
1688644800,0.49524436,0.26644764
1688659200,0.48978698,0.26625746
1688673600,0.49539863,0.26248187
1688688000,0.49333892,0.26123637
1688702400,0.49135631,0.26082685
1688716800,0.48958913,0.26057063
1688731200,0.49295540,0.25879079
1688745600,0.49097986,0.25808204
1688760000,0.48892972,0.25760621
1688774400,0.48584792,0.25767405
1688788800,0.48702820,0.25756178
1688803200,0.47997987,0.25756174
1688817600,0.47979351,0.25920719
1688832000,0.48302449,0.26149085
1688846400,0.48568437,0.26102673
1688860800,0.47865619,0.26103045
1688875200,0.48005784,0.26101888
1688889600,0.47787744,0.26250567
1688904000,0.48308437,0.26264170
1688918400,0.48297569,0.26536768
1688932800,0.48229057,0.26545610
1688947200,0.47714583,0.26556352
1688961600,0.48140006,0.26570591
1688976000,0.48381475,0.26542824
1688990400,0.48190208,0.26572175
1689004800,0.49355834,0.26245424
1689019200,0.49439220,0.25908125
1689033600,0.47947623,0.25898344
1689048000,0.47878342,0.25898850
1689062400,0.47944073,0.25857470
1689076800,0.48038802,0.25772784
1689091200,0.47398521,0.25774029
1689105600,0.47534728,0.25769781
1689120000,0.47318266,0.25775434
1689134400,0.47816047,0.25722666
1689148800,0.47212617,0.25725123
1689163200,0.47969254,0.25600080
1689177600,0.48036343,0.25454704
1689192000,0.47719725,0.25435873
1689206400,0.47663173,0.25417865
1689220800,0.47598366,0.25402501
1689235200,0.47808459,0.25333651
1689249600,0.48254418,0.24979503
1689264000,0.49028771,0.23842950
1689278400,0.48334067,0.23802706
1689292800,0.47533330,0.23803393
1689307200,0.48571736,0.23484358
1689321600,0.48118749,0.23458213
1689336000,0.47745729,0.23455451
1689350400,0.50280538,0.19565625
1689364800,0.49401662,0.19491822
1689379200,0.48475403,0.19522281
1689393600,0.48637990,0.19514763
1689408000,0.48360460,0.19512217
1689422400,0.48141834,0.19647806
1689436800,0.48159942,0.19875962
1689451200,0.48157537,0.19894556
1689465600,0.48308554,0.19867252
1689480000,0.48199545,0.19847245
1689494400,0.47909802,0.19849788
1689508800,0.48130957,0.19830144
1689523200,0.48240059,0.19847540
1689537600,0.47689651,0.19846884
1689552000,0.47938870,0.19833002
1689566400,0.47597784,0.19834572
1689580800,0.47987664,0.19802377
1689595200,0.47323307,0.19814569
1689609600,0.48284828,0.19575158
1689624000,0.48237380,0.19930626
1689638400,0.47727494,0.19945296
1689652800,0.47939535,0.19906954
1689667200,0.47864592,0.19892427
1689681600,0.47562427,0.21270383
1689696000,0.48029255,0.21158530
1689710400,0.47902074,0.26590894
1689724800,0.48066042,0.26631118
1689739200,0.47666510,0.26623638
1689753600,0.45517016,0.26638208
1689768000,0.45915701,0.27470411
1689782400,0.46050066,0.27460866
1689796800,0.46101354,0.27414895
1689811200,0.45680455,0.27437721
1689825600,0.46722677,0.27280369
1689840000,0.46279003,0.27267557
1689854400,0.47659187,0.27051283
1689868800,0.47006255,0.27067797
1689883200,0.46971458,0.27060834
1689897600,0.47051187,0.27040818
1689912000,0.47193391,0.27004004
1689926400,0.45790518,0.27036328
1689940800,0.46465407,0.27029359
1689955200,0.45698312,0.27030151
1689969600,0.46072696,0.27036253
1689984000,0.45478950,0.27066951
1689998400,0.45902005,0.27078348
1690012800,0.45860925,0.27069004
1690027200,0.45383112,0.27102288
1690041600,0.45847347,0.27170938
1690056000,0.45651719,0.27170556
1690070400,0.45810178,0.27179099
1690084800,0.45837078,0.27178577
1690099200,0.45374032,0.27190027
1690113600,0.45062453,0.27224131
1690128000,0.46448496,0.27233214
1690142400,0.45277929,0.27493711
1690156800,0.47101244,0.27182131
1690171200,0.46015293,0.27159157
1690185600,0.47765039,0.26378488
1690200000,0.47429231,0.26427329
1690214400,0.46686741,0.27264177
1690228800,0.47019984,0.27387737
1690243200,0.47080030,0.27371483
1690257600,0.46392218,0.27372529
1690272000,0.45687084,0.27376544
1690286400,0.46287583,0.27974702
1690300800,0.45898660,0.27975045
1690315200,0.45913114,0.28050437
1690329600,0.45465006,0.28066995
1690344000,0.45730398,0.28118232
1690358400,0.45960427,0.28156815
1690372800,0.46758321,0.28183297
1690387200,0.46566799,0.28173855
1690401600,0.46377739,0.28193518
1690416000,0.46554469,0.28185389
1690430400,0.45936556,0.28189256
1690444800,0.46450396,0.28171720
1690459200,0.47018025,0.28076693
1690473600,0.45443793,0.28022983
1690488000,0.45442313,0.28015850
1690502400,0.45117409,0.28013243
1690516800,0.45072921,0.27990799
1690531200,0.44998265,0.27979983
1690545600,0.45060470,0.27921712
1690560000,0.45069176,0.27908853
1690574400,0.45075702,0.27912689
1690588800,0.45052869,0.27921119
1690603200,0.45056998,0.27931869
1690617600,0.44914860,0.27943077
1690632000,0.44860755,0.27973418
1690646400,0.44884375,0.28001452
1690660800,0.44841944,0.28049309
1690675200,0.44762134,0.28051055
1690689600,0.44718994,0.28069140
1690704000,0.44713539,0.28070717
1690718400,0.44715650,0.33691506
1690732800,0.44976730,0.34084070
1690747200,0.45009328,0.34102524
1690761600,0.45110064,0.34322669
1690776000,0.45054336,0.34326236
1690790400,0.45005985,0.34348585
1690804800,0.45009820,0.34359696
1690819200,0.45038032,0.34342787
1690833600,0.44958003,0.34368049
1690848000,0.45430951,0.34053184
1690862400,0.45426118,0.34036995
1690876800,0.45416916,0.34036873
1690891200,0.45419390,0.34390880
1690905600,0.45576259,0.35537078
1690920000,0.45671989,0.35374892
1690934400,0.45686243,0.35428741
1690948800,0.45680533,0.35441434
1690963200,0.45681929,0.35446841
1690977600,0.45658669,0.35468563
1690992000,0.45541740,0.35502353
1691006400,0.45555939,0.35575970
1691020800,0.45550893,0.35576108
1691035200,0.45570812,0.35539954
1691049600,0.45494182,0.35519293
1691064000,0.45450736,0.35511754
1691078400,0.45450394,0.35517978
1691092800,0.45469202,0.35507404
1691107200,0.45420142,0.35501999
1691121600,0.45373533,0.35515645
1691136000,0.45288992,0.35513736
1691150400,0.45349315,0.35505109
1691164800,0.45453937,0.35436611
1691179200,0.45465632,0.35427788
1691193600,0.41418158,0.35428451
1691208000,0.41359944,0.35427197
1691222400,0.41106557,0.35441576
1691236800,0.40285092,0.35456683
1691251200,0.40177363,0.35469872
1691265600,0.40193264,0.35480635
1691280000,0.40152948,0.35527787
1691294400,0.39791094,0.35530345
1691308800,0.39581410,0.35537930
1691323200,0.39564612,0.35533529
1691337600,0.39622206,0.35539405
1691352000,0.39584434,0.35569958
1691366400,0.39398181,0.35560180
1691380800,0.39323454,0.35555383
1691395200,0.39460020,0.35555509
1691409600,0.39776517,0.35487208
1691424000,0.40353763,0.35325771
1691438400,0.40486112,0.35337238
1691452800,0.40590382,0.35353075
1691467200,0.40576100,0.35370351
1691481600,0.40310894,0.35267163
1691496000,0.40370762,0.35256460
1691510400,0.40822418,0.35060642
1691524800,0.40955155,0.35368324
1691539200,0.41003075,0.35360198
1691553600,0.40990794,0.35342569
1691568000,0.41022885,0.35747842
1691582400,0.40985103,0.35716400
1691596800,0.41290869,0.35503000
1691611200,0.41419432,0.35456625
1691625600,0.41652292,0.35459649
1691640000,0.41486896,0.35451374
1691654400,0.41563152,0.35452817
1691668800,0.41492116,0.35455859
1691683200,0.41385364,0.35455808
1691697600,0.41428578,0.35457942
1691712000,0.41322300,0.35457184
1691726400,0.41279921,0.35457465
1691740800,0.40905235,0.35462807
1691755200,0.40879968,0.35458397
1691769600,0.41011911,0.35459693
1691784000,0.40898632,0.35461421
1691798400,0.40717563,0.35489645
1691812800,0.40693918,0.35505022
1691827200,0.40104267,0.35612063
1691841600,0.40024149,0.36255259
1691856000,0.39944977,0.36276527
1691870400,0.39900858,0.36335126
1691884800,0.39859005,0.37311989
1691899200,0.39726545,0.37314467
1691913600,0.29967567,0.37477270
1691928000,0.28338203,0.37508306
1691942400,0.29041185,0.37542635
1691956800,0.30402342,0.37647706
1691971200,0.30916585,0.37635887
1691985600,0.30965596,0.37634715
1692000000,0.30952145,0.37886065
1692014400,0.32395574,0.37819909
1692028800,0.33792521,0.37720653
1692043200,0.33914115,0.37721879
1692057600,0.33941073,0.37724706
1692072000,0.33933073,0.37735144
1692086400,0.33772886,0.37759833
1692100800,0.33064511,0.37891262
1692115200,0.33638089,0.37850535
1692129600,0.33685989,0.37901883
1692144000,0.33691452,0.37916866
1692158400,0.33685678,0.37921077
1692172800,0.33685807,0.37970797
1692187200,0.33221799,0.37982018
1692201600,0.33253600,0.37995121
1692216000,0.35746312,0.37815685
1692230400,0.35851318,0.37804357
1692244800,0.35883558,0.37837705
1692259200,0.35880747,0.37829133
1692273600,0.38155464,0.37069989
1692288000,0.38092334,0.37067547
1692302400,0.42044880,0.33354166
1692316800,0.42179601,0.33235972
1692331200,0.42227638,0.33238215
1692345600,0.42030918,0.33238877
1692360000,0.42350682,0.32548578
1692374400,0.41620294,0.32541684
1692388800,0.41624449,0.32542797
1692403200,0.41557058,0.32559821
1692417600,0.41576451,0.32562304
1692432000,0.40293176,0.33140914
1692446400,0.41208041,0.32879221
1692460800,0.41295084,0.33316211
1692475200,0.41311252,0.33327117
1692489600,0.41334681,0.33335490
1692504000,0.41307611,0.33337175
1692518400,0.40481024,0.33657368
1692532800,0.40268302,0.33733970
1692547200,0.40300292,0.33847459
1692561600,0.40338485,0.33839902
1692576000,0.40501011,0.33835966
1692590400,0.40026210,0.33824114
1692604800,0.39974997,0.33823893
1692619200,0.36611539,0.33815151
1692633600,0.36181350,0.33899907
1692648000,0.36105918,0.33980592
1692662400,0.36079441,0.33985799
1692676800,0.35816931,0.33984086
1692691200,0.35687580,0.34142673
1692705600,0.35320813,0.34162917
1692720000,0.35940595,0.34087665
1692734400,0.36720326,0.33880414
1692748800,0.36794007,0.33881969
1692763200,0.36628149,0.33880537
1692777600,0.36628289,0.33844160
1692792000,0.36728583,0.33741596
1692806400,0.37597091,0.33091686
1692820800,0.37761830,0.32984706
1692835200,0.37880036,0.32991266
1692849600,0.37785136,0.32993561
1692864000,0.37695453,0.32990215
1692878400,0.37521122,0.32478251
1692892800,0.37490354,0.32481618
1692907200,0.37510816,0.32421378
1692921600,0.37559072,0.32407033
1692936000,0.37591278,0.32362096
1692950400,0.36539857,0.32327314
1692964800,0.36812456,0.32255933
1692979200,0.36631704,0.32293743
1692993600,0.36627813,0.32385550
1693008000,0.36464439,0.32412441
1693022400,0.36224481,0.32413947
1693036800,0.35358484,0.32451881
1693051200,0.35205119,0.32526555
1693065600,0.34291525,0.32543071
1693080000,0.34196989,0.32542744
1693094400,0.33734735,0.32548397
1693108800,0.33951118,0.32562083
1693123200,0.33749300,0.32561813
1693137600,0.34434039,0.32603227
1693152000,0.34477763,0.32646117
1693166400,0.34574210,0.32646271
1693180800,0.34968753,0.32640885
1693195200,0.34957453,0.32624254
1693209600,0.34978430,0.33278807
1693224000,0.35215970,0.33754462
1693238400,0.35444206,0.33734692
1693252800,0.35603940,0.33727590
1693267200,0.35507799,0.33723865
1693281600,0.35429827,0.33722928
1693296000,0.35300205,0.33722353
1693310400,0.39628253,0.29044746
1693324800,0.39778292,0.28533401
1693339200,0.39843867,0.28510975
1693353600,0.39789566,0.28199230
1693368000,0.39718018,0.28330566
1693382400,0.37885234,0.28426111
1693396800,0.37272764,0.28387910
1693411200,0.37128894,0.28391165
1693425600,0.36211394,0.28353016
1693440000,0.36264836,0.28334326
1693454400,0.36084534,0.28331935
1693468800,0.35669105,0.28323143
1693483200,0.37461778,0.27887824
1693497600,0.38899658,0.26114613
1693512000,0.38933421,0.25925882
1693526400,0.38942331,0.25873266
1693540800,0.38931601,0.25855165
1693555200,0.38728374,0.25863953
1693569600,0.37431738,0.25703712
1693584000,0.37283410,0.25590309
1693598400,0.37341521,0.27815505
1693612800,0.37172074,0.27879318
1693627200,0.36599479,0.27966410
1693641600,0.36079639,0.27987777
1693656000,0.35639471,0.28035927
1693670400,0.34576963,0.28046132
1693684800,0.34641097,0.28623985
1693699200,0.34592569,0.28651961
1693713600,0.35030711,0.28639684
1693728000,0.34598371,0.28640121
1693742400,0.34691056,0.28752735
1693756800,0.35412947,0.28712133
1693771200,0.35411227,0.28778777
1693785600,0.35193496,0.28776862
1693800000,0.35127739,0.28775906
1693814400,0.34600518,0.28799943
1693828800,0.33998279,0.28853552
1693843200,0.34156951,0.28946281
1693857600,0.34285692,0.29014027
1693872000,0.34830776,0.29004501
1693886400,0.34570508,0.29002703
1693900800,0.34390289,0.29024364
1693915200,0.34108753,0.29091321
1693929600,0.34217594,0.29094781
1693944000,0.34098202,0.29067844
1693958400,0.33960186,0.29133061
1693972800,0.33923283,0.29143687
1693987200,0.33817200,0.29179097
1694001600,0.34427294,0.29207486
1694016000,0.34301183,0.29187250
1694030400,0.34492672,0.29164511
1694044800,0.34610376,0.29147175
1694059200,0.34746080,0.29126788
1694073600,0.34986347,0.29124694
1694088000,0.34933730,0.29107813
1694102400,0.35012621,0.29087849
1694116800,0.36146084,0.28714999
1694131200,0.36315978,0.28749564
1694145600,0.36294708,0.28817564
1694160000,0.36670414,0.28322815
1694174400,0.36833235,0.28341805
1694188800,0.36287480,0.28333009
1694203200,0.36339146,0.28332598
1694217600,0.36317140,0.28328814
1694232000,0.33543589,0.28358510
1694246400,0.33631650,0.28689321
1694260800,0.33423659,0.28688144
1694275200,0.33486025,0.28771485
1694289600,0.33438778,0.28770600
1694304000,0.33644472,0.28773258
1694318400,0.33596946,0.28773439
1694332800,0.33722441,0.28817986
1694347200,0.33740166,0.28846216
1694361600,0.33676788,0.28844918
1694376000,0.33681212,0.28839112
1694390400,0.34460613,0.29198399
1694404800,0.34611006,0.29178974
1694419200,0.35427521,0.29135943
1694433600,0.36687180,0.28833738
1694448000,0.36791556,0.28806670
1694462400,0.36793840,0.28774142
1694476800,0.37343511,0.27498251
1694491200,0.37445385,0.27500646
1694505600,0.37067205,0.27281411
1694520000,0.37116122,0.27324940
1694534400,0.37096467,0.27273683
1694548800,0.36106177,0.27087974
1694563200,0.36197132,0.27083096
1694577600,0.35836558,0.27114824
1694592000,0.36205657,0.26772702
1694606400,0.36235474,0.26801172
1694620800,0.35912550,0.26780900
1694635200,0.35949760,0.26788173
1694649600,0.35988291,0.26795904
1694664000,0.34625410,0.26794368
1694678400,0.34877996,0.26755406
1694692800,0.35545837,0.26580382
1694707200,0.35635185,0.26597697
1694721600,0.35702512,0.26524559
1694736000,0.35754168,0.26504416
1694750400,0.35715798,0.26496144
1694764800,0.35260407,0.26424545
1694779200,0.35390998,0.26406509
1694793600,0.34868368,0.26441996
1694808000,0.35249330,0.26334957
1694822400,0.35306593,0.26359831
1694836800,0.35236376,0.27365981
1694851200,0.35189219,0.27384740
1694865600,0.35206929,0.27638063
1694880000,0.34324922,0.28124512
1694894400,0.34363312,0.28123948
1694908800,0.33424890,0.28264658
1694923200,0.33463225,0.28323386
1694937600,0.33992242,0.28308888
1694952000,0.33990109,0.28309299
1694966400,0.34024050,0.28312470
1694980800,0.34018866,0.28339949
1694995200,0.34681528,0.28326719
1695009600,0.34780091,0.28317034
1695024000,0.36137501,0.27694428
1695038400,0.36173155,0.27706652
1695052800,0.36385634,0.27151546
1695067200,0.36367678,0.27147295
1695081600,0.36385802,0.27148234
1695096000,0.35825656,0.27160160
1695110400,0.36095530,0.26770262
1695124800,0.35674681,0.26807061
1695139200,0.35788362,0.26679822
1695153600,0.35792331,0.26684578
1695168000,0.35808589,0.27397325
1695182400,0.35137743,0.27396993
1695196800,0.34777893,0.28251914
1695211200,0.33913192,0.28413550
1695225600,0.34971203,0.28233946
1695240000,0.35155749,0.28163104
1695254400,0.35204499,0.28150118
1695268800,0.35217537,0.28159978
1695283200,0.35492441,0.27985398
1695297600,0.35283327,0.27979205
1695312000,0.35083053,0.28075499
1695326400,0.35036125,0.28203583
1695340800,0.35185296,0.28195994
1695355200,0.34273537,0.28209424
1695369600,0.33551104,0.28228220
1695384000,0.33510444,0.28243531
1695398400,0.34053707,0.28216676
1695412800,0.34028983,0.28247429
1695427200,0.34235679,0.29441314
1695441600,0.34353086,0.29507441
1695456000,0.34438529,0.29560688
1695470400,0.33873133,0.29657331
1695484800,0.33849628,0.30125461
1695499200,0.33848250,0.34863073
1695513600,0.33188871,0.36644292
1695528000,0.33218544,0.36647765
1695542400,0.33500042,0.37007206
1695556800,0.33462118,0.38033337
1695571200,0.34171421,0.38031762
1695585600,0.34730464,0.37951347
1695600000,0.34997816,0.37936454
1695614400,0.35070207,0.37957728
1695628800,0.35116032,0.38069105
1695643200,0.35096905,0.38562911
1695657600,0.34827453,0.38553729
1695672000,0.34720916,0.38644349
1695686400,0.34725263,0.38754431
1695700800,0.34610349,0.38768083
1695715200,0.34048582,0.39162005
1695729600,0.34350881,0.39122662
1695744000,0.34561933,0.39086807
1695758400,0.34549524,0.39097160
1695772800,0.34516021,0.39090544
1695787200,0.34525321,0.39128579
1695801600,0.35175823,0.38578259
1695816000,0.35285661,0.38145259
1695830400,0.35277467,0.38268887
1695844800,0.35282088,0.38299607
1695859200,0.35272632,0.38345744
1695873600,0.34847204,0.38332092
1695888000,0.33620658,0.38348539
1695902400,0.34939671,0.37640224
1695916800,0.34915139,0.37644666
1695931200,0.34922227,0.37636881
1695945600,0.34923555,0.37643573
1695960000,0.34993160,0.37554255
1695974400,0.34229941,0.37502810
1695988800,0.34246346,0.37535561
1696003200,0.34228975,0.37556326
1696017600,0.34209432,0.37558371
1696032000,0.33842129,0.37570887
1696046400,0.32923278,0.37569778
1696060800,0.32270803,0.37569776
1696075200,0.32567096,0.37631408
1696089600,0.32621819,0.37706163
1696104000,0.32887706,0.37703830
1696118400,0.33332089,0.37779667
1696132800,0.33607864,0.37778094
1696147200,0.33678913,0.37924872
1696161600,0.33695905,0.37989891
1696176000,0.33714211,0.38085170
1696190400,0.35267690,0.36432977
1696204800,0.35265726,0.36452576
1696219200,0.35410387,0.36386771
1696233600,0.34563286,0.36370437
1696248000,0.34505382,0.36339684
1696262400,0.33314322,0.36421089
1696276800,0.33617820,0.36969785
1696291200,0.33732023,0.36981506
1696305600,0.33765580,0.37081138
1696320000,0.33814129,0.37094175
1696334400,0.33650646,0.37723185
1696348800,0.32961510,0.37874464
1696363200,0.32994728,0.37830107
1696377600,0.33230625,0.37897822
1696392000,0.33129889,0.37968792
1696406400,0.32717387,0.37989299
1696420800,0.32867812,0.38286055
1696435200,0.32925796,0.38278708
1696449600,0.33082880,0.38261519
1696464000,0.33171913,0.38224501
1696478400,0.33211439,0.38226747
1696492800,0.33048944,0.38207667
1696507200,0.33862108,0.38154267
1696521600,0.33779455,0.38138355
1696536000,0.33731880,0.38263568
1696550400,0.33825421,0.38267372
1696564800,0.33877618,0.38266017
1696579200,0.33719227,0.38249707
1696593600,0.34339468,0.38222676
1696608000,0.34550547,0.38234668
1696622400,0.34334084,0.38235774
1696636800,0.34244933,0.38236976
1696651200,0.34280828,0.38245104
1696665600,0.33039542,0.38370219
1696680000,0.33271798,0.38399712
1696694400,0.33527006,0.38387285
1696708800,0.33806798,0.38369506
1696723200,0.34096614,0.38363260
1696737600,0.34387411,0.38312391
1696752000,0.34657593,0.38416773
1696766400,0.34788624,0.38414145
1696780800,0.34989889,0.39023412
1696795200,0.34786796,0.39023180
1696809600,0.34416368,0.39042755
1696824000,0.34340711,0.39022284
1696838400,0.34795691,0.38788244
1696852800,0.35003841,0.38796193
1696867200,0.34960807,0.38908189
1696881600,0.35139970,0.38906821
1696896000,0.35099735,0.39719616
1696910400,0.34516152,0.39729461
1696924800,0.34477748,0.39766900
1696939200,0.34198182,0.39843937
1696953600,0.33830283,0.40417276
1696968000,0.33811816,0.40526462
1696982400,0.34172278,0.40244075
1696996800,0.34397052,0.40340617
1697011200,0.34182631,0.40298813
1697025600,0.34241091,0.39940729
1697040000,0.34481815,0.39939736
1697054400,0.34104357,0.39909398
1697068800,0.34216047,0.39907130
1697083200,0.34114858,0.39902505
1697097600,0.32831106,0.40082740
1697112000,0.33172362,0.40027193
1697126400,0.33092040,0.40038286
1697140800,0.33119638,0.40035569
1697155200,0.33339424,0.40058903
1697169600,0.33337656,0.40056804
1697184000,0.32939812,0.40054459
1697198400,0.33104598,0.40051915
1697212800,0.33171631,0.40047760
1697227200,0.33261287,0.40036762
1697241600,0.33213167,0.40050944
1697256000,0.33244817,0.40044776
1697270400,0.33141091,0.40064839
1697284800,0.33028843,0.40055083
1697299200,0.33247111,0.40043579
1697313600,0.33208534,0.40239025
1697328000,0.33107676,0.40238903
1697342400,0.34024853,0.40298283
1697356800,0.33680238,0.40499231
1697371200,0.33428565,0.40510333
1697385600,0.34117995,0.41262586
1697400000,0.34305080,0.41305361
1697414400,0.34402541,0.41319619
1697428800,0.34513148,0.40675406
1697443200,0.34659164,0.41180159
1697457600,0.34512229,0.41037834
1697472000,0.34422844,0.41847373
1697486400,0.34624295,0.41984835
1697500800,0.34023213,0.42041416
1697515200,0.34068989,0.42000078
1697529600,0.34094767,0.42040465
1697544000,0.33349797,0.42735375
1697558400,0.33310128,0.42959053
1697572800,0.32830035,0.42990895
1697587200,0.32613251,0.43077613
1697601600,0.32742548,0.43136675
1697616000,0.32908275,0.43116751
1697630400,0.33003250,0.43215673
1697644800,0.33052250,0.43296916
1697659200,0.32794587,0.43375395
1697673600,0.32409990,0.43423741
1697688000,0.32129055,0.43415658
1697702400,0.32166766,0.43390858
1697716800,0.32589421,0.43372474
1697731200,0.32738342,0.43362085
1697745600,0.33293426,0.43373933
1697760000,0.33369265,0.42911840
1697774400,0.34023357,0.42918345
1697788800,0.33600148,0.42387601
1697803200,0.33677246,0.42279471
1697817600,0.34184277,0.42422350
1697832000,0.33599509,0.42557006
1697846400,0.33675312,0.42595926
1697860800,0.32843675,0.42600161
1697875200,0.32258651,0.42588586
1697889600,0.32459868,0.42633146
1697904000,0.32605550,0.42574234
1697918400,0.32782197,0.42490614
1697932800,0.33198134,0.42491101
1697947200,0.32881701,0.42509661
1697961600,0.32810192,0.42508292
1697976000,0.32642228,0.42532574
1697990400,0.32242661,0.42532628
1698004800,0.32229493,0.43726855
1698019200,0.33017751,0.43214063
1698033600,0.33229289,0.43167855
1698048000,0.33254459,0.43131446
1698062400,0.33229583,0.43069720
1698076800,0.33324024,0.43270254
1698091200,0.32927037,0.39550646
1698105600,0.33008203,0.37907601
1698120000,0.33404577,0.37905342
1698134400,0.33100274,0.37551465
1698148800,0.32977815,0.36647181
1698163200,0.32750525,0.36745300
1698177600,0.32398385,0.36729759
1698192000,0.32430261,0.36724738
1698206400,0.32239115,0.36732387
1698220800,0.31336958,0.36589117
1698235200,0.31812065,0.36039430
1698249600,0.32077696,0.36074894
1698264000,0.31959898,0.35977801
1698278400,0.31989563,0.35873845
1698292800,0.32007535,0.35847024
1698307200,0.31699494,0.35417201
1698321600,0.31964388,0.35412326
1698336000,0.32205729,0.35438197
1698350400,0.31808042,0.35424142
1698364800,0.31896236,0.35429434
1698379200,0.30771018,0.35393593
1698393600,0.30283589,0.35381063
1698408000,0.30972894,0.35396600
1698422400,0.31736342,0.35255639
1698436800,0.31853048,0.35197096
1698451200,0.31976797,0.35147541
1698465600,0.32552146,0.35149218
1698480000,0.32485810,0.35193663
1698494400,0.32232278,0.35213189
1698508800,0.31944782,0.35203602
1698523200,0.31578568,0.35358210
1698537600,0.31795568,0.35355032
1698552000,0.32220471,0.35342097
1698566400,0.32466707,0.35318523
1698580800,0.32683925,0.35315987
1698595200,0.32881903,0.35412300
1698609600,0.32916070,0.35426847
1698624000,0.33492522,0.35436217
1698638400,0.33435177,0.35437511
1698652800,0.33068476,0.35438324
1698667200,0.33157062,0.35457853
1698681600,0.33314987,0.35433095
1698696000,0.33422562,0.35442568
1698710400,0.33446689,0.35352031
1698724800,0.33518735,0.35345117
1698739200,0.33548815,0.35176950
1698753600,0.33546392,0.35129039
1698768000,0.33576438,0.35124447
1698782400,0.33513121,0.35111395
1698796800,0.33482638,0.35153528
1698811200,0.33346610,0.35153977
1698825600,0.33215865,0.35177443
1698840000,0.32842505,0.35154080
1698854400,0.32982717,0.35135211
1698868800,0.32989830,0.34078938
1698883200,0.33087198,0.34046921
1698897600,0.33067953,0.33929484
1698912000,0.33118469,0.33919077
1698926400,0.32876886,0.33145420
1698940800,0.32583361,0.33023822
1698955200,0.32633506,0.33024309
1698969600,0.32546154,0.32983292
1698984000,0.32570492,0.32900484
1698998400,0.32111219,0.32840176
1699012800,0.32137021,0.32430893
1699027200,0.32228150,0.32371197
1699041600,0.32210714,0.32755007
1699056000,0.32338954,0.32853205
1699070400,0.32233543,0.33168548
1699084800,0.31685261,0.33170776
1699099200,0.31383831,0.33171519
1699113600,0.30806634,0.33490473
1699128000,0.31450407,0.33340169
1699142400,0.31552090,0.33312409
1699156800,0.31605826,0.33421293
1699171200,0.31648659,0.33432790
1699185600,0.32016960,0.33915406
1699200000,0.31840664,0.35095982
1699214400,0.31770265,0.35114985
1699228800,0.31728984,0.35165460
1699243200,0.32127406,0.35267849
1699257600,0.32357637,0.35220140
1699272000,0.32415424,0.35210372
1699286400,0.32606214,0.35211525
1699300800,0.32638863,0.35222367
1699315200,0.32590919,0.36418008
1699329600,0.32695370,0.36418870
1699344000,0.32823367,0.36641543
1699358400,0.32961950,0.36891791
1699372800,0.32754358,0.36343431
1699387200,0.32944296,0.36355577
1699401600,0.32838712,0.36348665
1699416000,0.32846242,0.36354582
1699430400,0.32788058,0.36361161
1699444800,0.31972203,0.36530548
1699459200,0.32346729,0.36393759
1699473600,0.32490734,0.36467847
1699488000,0.32366751,0.35577911
1699502400,0.32496120,0.35569149
1699516800,0.32435194,0.35596115
1699531200,0.32362098,0.35536416
1699545600,0.32250645,0.34896896
1699560000,0.32063427,0.34822393
1699574400,0.32204316,0.34840494
1699588800,0.32089355,0.34744249
1699603200,0.32091153,0.34772666
1699617600,0.31821375,0.34798388
1699632000,0.31613762,0.34814811
1699646400,0.31608191,0.34815155
1699660800,0.31097158,0.36765859
1699675200,0.29835577,0.36794589
1699689600,0.31745280,0.36622883
1699704000,0.31853140,0.36845848
1699718400,0.31841789,0.37871045
1699732800,0.31901126,0.38085430
1699747200,0.31864387,0.38266541
1699761600,0.31449568,0.38278221
1699776000,0.31561477,0.38383587
1699790400,0.31540326,0.38415034
1699804800,0.32037717,0.38450297
1699819200,0.31921612,0.38558716
1699833600,0.31831297,0.38949441
1699848000,0.31984956,0.39028704
1699862400,0.32988999,0.39016764
1699876800,0.33420830,0.39741299
1699891200,0.33367871,0.40295247
1699905600,0.33362697,0.40116961
1699920000,0.33510433,0.40136922
1699934400,0.33322243,0.40107040
1699948800,0.32997812,0.40003329
1699963200,0.33026186,0.40512514
1699977600,0.32123695,0.40036775
1699992000,0.32123147,0.39969624
1700006400,0.32273597,0.39988300
1700020800,0.32179678,0.39943848
1700035200,0.31826244,0.39411663
1700049600,0.31664705,0.40020335
1700064000,0.31205766,0.38856532
1700078400,0.31205370,0.38727540
1700092800,0.31153246,0.38717406
1700107200,0.31182275,0.38729097
1700121600,0.31093108,0.38695419
1700136000,0.30683316,0.37978625
1700150400,0.30654286,0.37764249
1700164800,0.30641346,0.37712355
1700179200,0.30624230,0.37712964
1700193600,0.30620002,0.37644939
1700208000,0.30407454,0.37629841
1700222400,0.30323789,0.37511459
1700236800,0.30325996,0.37488828
1700251200,0.30300537,0.37906200
1700265600,0.30348762,0.37893936
1700280000,0.30407471,0.37892387
1700294400,0.30601525,0.37892600
1700308800,0.30488088,0.37822344
1700323200,0.30483331,0.38021109
1700337600,0.30317625,0.38804424
1700352000,0.30581050,0.38960059
1700366400,0.30572560,0.38954160
1700380800,0.31004195,0.38928146
1700395200,0.31175960,0.39107236
1700409600,0.31426743,0.38977389
1700424000,0.31462798,0.38811235
1700438400,0.31510304,0.38778625
1700452800,0.32142894,0.38989790
1700467200,0.32431245,0.38986013
1700481600,0.32296791,0.39984577
1700496000,0.32309101,0.40022452
1700510400,0.32320401,0.40028805
1700524800,0.32341461,0.40028254
1700539200,0.32471206,0.40001152
1700553600,0.32774376,0.40022094
1700568000,0.33004872,0.40004109
1700582400,0.33174787,0.40042096
1700596800,0.31956129,0.38770615
1700611200,0.31761593,0.38462944
1700625600,0.31848181,0.38594267
1700640000,0.31867487,0.38628900
1700654400,0.31850661,0.38623961
1700668800,0.31275586,0.38041872
1700683200,0.31209944,0.38133309
1700697600,0.31232216,0.38291933
1700712000,0.31241595,0.38290789
1700726400,0.31351164,0.38291011
1700740800,0.30971711,0.38197290
1700755200,0.31079144,0.38070902
1700769600,0.31127596,0.38070858
1700784000,0.31116212,0.38075212
1700798400,0.31165890,0.38069977
1700812800,0.31045689,0.38064548
1700827200,0.30829394,0.38031712
1700841600,0.30900365,0.37997760
1700856000,0.30943243,0.38330838
1700870400,0.30883786,0.38341319
1700884800,0.30912879,0.38340726
1700899200,0.30806868,0.38339978
1700913600,0.31788622,0.38499920
1700928000,0.32389844,0.38501801
1700942400,0.32297659,0.38513817
1700956800,0.32309673,0.38520747
1700971200,0.32353559,0.38884800
1700985600,0.33914126,0.38887746
1701000000,0.33805968,0.38959338
1701014400,0.33836426,0.39025329
1701028800,0.33793771,0.39168591
1701043200,0.33747609,0.39234836
1701057600,0.34329598,0.39273231
1701072000,0.34967178,0.39489713
1701086400,0.34913737,0.39472452
1701100800,0.34963989,0.39494981
1701115200,0.34556100,0.39412345
1701129600,0.34555344,0.39400428
1701144000,0.34657063,0.39513763
1701158400,0.34753270,0.39495725
1701172800,0.34583782,0.39753228
1701187200,0.34130080,0.39667232
1701201600,0.34095028,0.39654476
1701216000,0.34042636,0.39652480
1701230400,0.34037657,0.39798276
1701244800,0.34060566,0.40076327
1701259200,0.33680724,0.40264540
1701273600,0.33752747,0.40239555
1701288000,0.33700297,0.40227924
1701302400,0.33683679,0.40231982
1701316800,0.33644645,0.40232827
1701331200,0.33512387,0.40232663
1701345600,0.33391748,0.40411283
1701360000,0.33503725,0.40318722
1701374400,0.33394317,0.40349613
1701388800,0.33570693,0.40251329
1701403200,0.33510179,0.40361121
1701417600,0.33527358,0.40340131
1701432000,0.33586816,0.40340418
1701446400,0.33668702,0.40286365
1701460800,0.33413470,0.40385362
1701475200,0.33465374,0.40384471
1701489600,0.33428332,0.40405302
1701504000,0.33746460,0.40428846
1701518400,0.33563166,0.40409209
1701532800,0.33711895,0.40759862
1701547200,0.33671802,0.40960165
1701561600,0.33697563,0.42306536
1701576000,0.33774410,0.42313590
1701590400,0.33830753,0.42316146
1701604800,0.33708052,0.42348324
1701619200,0.33794970,0.42339682
1701633600,0.33597025,0.42008700
1701648000,0.33495140,0.41992682
1701662400,0.33320638,0.41782520
1701676800,0.33351352,0.42986988
1701691200,0.33295644,0.43383429
1701705600,0.33191753,0.43248711
1701720000,0.33051746,0.43294026
1701734400,0.32956239,0.43315536
1701748800,0.32948853,0.43295582
1701763200,0.32979383,0.43382492
1701777600,0.32744443,0.43569707
1701792000,0.32406676,0.42620947
1701806400,0.32314241,0.42630072
1701820800,0.32304905,0.42936333
1701835200,0.32300980,0.42914964
1701849600,0.32222416,0.42839259
1701864000,0.31803553,0.42861526
1701878400,0.31742696,0.42867482
1701892800,0.31742060,0.43083171
1701907200,0.31857099,0.42091842
1701921600,0.31700560,0.42152212
1701936000,0.31782690,0.41846598
1701950400,0.31849211,0.41643212
1701964800,0.31837851,0.41559503
1701979200,0.31640385,0.41553129
1701993600,0.32239822,0.41540988
1702008000,0.32010671,0.41548771
1702022400,0.31808853,0.41533927
1702036800,0.31989559,0.41375235
1702051200,0.31982407,0.41354644
1702065600,0.32073539,0.41369890
1702080000,0.31955229,0.41477159
1702094400,0.32083649,0.41634694
1702108800,0.32541095,0.41851133
1702123200,0.32495412,0.41903341
1702137600,0.32367480,0.44549806
1702152000,0.32521423,0.44516670
1702166400,0.32542590,0.44502321
1702180800,0.32372931,0.44498012
1702195200,0.32400971,0.44485879
1702209600,0.32388972,0.44480867
1702224000,0.33046762,0.44473790
1702238400,0.32847741,0.44764299
1702252800,0.33225354,0.43176493
1702267200,0.33158424,0.43259926
1702281600,0.33188935,0.43286632
1702296000,0.33209337,0.43095111
1702310400,0.33010173,0.42767569
1702324800,0.32640136,0.42596808
1702339200,0.32617400,0.42413322
1702353600,0.32588154,0.42564457
1702368000,0.32595819,0.43061552
1702382400,0.32264686,0.43066793
1702396800,0.32131459,0.43033983
1702411200,0.32066760,0.43013322
1702425600,0.32270339,0.42688294
1702440000,0.32185623,0.42618598
1702454400,0.32079626,0.42611421
1702468800,0.32310304,0.43143328
1702483200,0.32270007,0.43586565
1702497600,0.32055145,0.43931924
1702512000,0.32055364,0.43935508
1702526400,0.32070680,0.44081122
1702540800,0.31901070,0.44147567
1702555200,0.31843771,0.43878278
1702569600,0.32263937,0.43678695
1702584000,0.32080159,0.43682582
1702598400,0.32191029,0.43672607
1702612800,0.32124823,0.43742208
1702627200,0.32127025,0.43768342
1702641600,0.32378937,0.43193856
1702656000,0.32327569,0.43208926
1702670400,0.32301360,0.43801651
1702684800,0.32425700,0.44132940
1702699200,0.32343058,0.44138197
1702713600,0.32871169,0.44129161
1702728000,0.33028224,0.44225684
1702742400,0.33176690,0.44552953
1702756800,0.32691245,0.44694996
1702771200,0.33145848,0.44720324
1702785600,0.33062676,0.44735126
1702800000,0.33339885,0.44739478
1702814400,0.33324611,0.44789523
1702828800,0.33577813,0.44730480
1702843200,0.34004830,0.44294455
1702857600,0.33925379,0.44313183
1702872000,0.33820804,0.44339717
1702886400,0.34101562,0.44339741
1702900800,0.34253557,0.44359046
1702915200,0.33928538,0.44206270
1702929600,0.34302808,0.43526091
1702944000,0.34209431,0.43415431
1702958400,0.34216873,0.43489536
1702972800,0.34292027,0.43582692
1702987200,0.34452543,0.43411642
1703001600,0.33827559,0.45379752
1703016000,0.33419409,0.45444065
1703030400,0.33574425,0.45482246
1703044800,0.33979120,0.45334142
1703059200,0.33491436,0.45359617
1703073600,0.34187510,0.44706642
1703088000,0.34028099,0.45336861
1703102400,0.33928176,0.45346050
1703116800,0.33540739,0.45346190
1703131200,0.33810943,0.45341062
1703145600,0.32693137,0.45313511
1703160000,0.32682424,0.45297601
1703174400,0.32899877,0.45270007
1703188800,0.33142779,0.45217647
1703203200,0.33058306,0.45207065
1703217600,0.33384661,0.45092276
1703232000,0.33391046,0.45066912
1703246400,0.33404985,0.45069560
1703260800,0.33592756,0.45061908
1703275200,0.33840576,0.44998674
1703289600,0.33828832,0.44972082
1703304000,0.33480600,0.44993611
1703318400,0.33516329,0.45033290
1703332800,0.33822396,0.45003259
1703347200,0.33450363,0.45786931
1703361600,0.32685802,0.45836470
1703376000,0.32979767,0.45978405
1703390400,0.34342176,0.45997097
1703404800,0.33791026,0.46713080
1703419200,0.33998951,0.46830203
1703433600,0.34749812,0.46833243
1703448000,0.35513478,0.46985607
1703462400,0.35425866,0.47013815
1703476800,0.35318066,0.47135694
1703491200,0.35271491,0.47175343
1703505600,0.35603319,0.47059101
1703520000,0.35205814,0.47094735
1703534400,0.35196787,0.47149030
1703548800,0.35231165,0.47143730
1703563200,0.35599463,0.46838150
1703577600,0.35333502,0.46847370
1703592000,0.35488489,0.46882748
1703606400,0.35543687,0.46850556
1703620800,0.35611196,0.46725547
1703635200,0.35346339,0.46676596
1703649600,0.35357535,0.46652409
1703664000,0.35497947,0.47821587
1703678400,0.35251396,0.47833291
1703692800,0.35258468,0.48136765
1703707200,0.35277455,0.48137286
1703721600,0.34999596,0.48137364
1703736000,0.35028030,0.48050118
1703750400,0.34800638,0.48052176
1703764800,0.35390509,0.47807165
1703779200,0.35266475,0.47795505
1703793600,0.35193820,0.47821823
1703808000,0.35165303,0.47815601
1703822400,0.35376189,0.47711611
1703836800,0.35335134,0.47482628
1703851200,0.35445098,0.47288807
1703865600,0.35364730,0.47403284
1703880000,0.35307491,0.47434861
1703894400,0.35306689,0.47496851
1703908800,0.35004598,0.47552440
1703923200,0.34315726,0.47574088
1703937600,0.35076048,0.47498353
1703952000,0.34907364,0.47594976
1703966400,0.35058549,0.47636002
1703980800,0.34962416,0.47667298
1703995200,0.35278201,0.47591393
1704009600,0.34756268,0.47612971
1704024000,0.34814924,0.47633879
1704038400,0.34870097,0.47644078
1704052800,0.35145072,0.47797247
1704067200,0.34782361,0.47794933
1704081600,0.34986634,0.47787126
1704096000,0.35055789,0.47876515
1704110400,0.34997323,0.48214622
1704124800,0.35424861,0.47875893
1704139200,0.35521917,0.48050338
1704153600,0.33989531,0.47076845
1704168000,0.34538227,0.47091878
1704182400,0.35071632,0.47099663
1704196800,0.35589421,0.47215127
1704211200,0.35707756,0.47509820
1704225600,0.33374478,0.47513152
1704240000,0.34154025,0.47460604
1704254400,0.34464657,0.47425050
1704268800,0.33856445,0.46332197
1704283200,0.34213272,0.45965080
1704297600,0.34671563,0.45881012
1704312000,0.35013141,0.45852527
1704326400,0.35326364,0.45808422
1704340800,0.34734971,0.45750707
1704355200,0.34365853,0.45652700
1704369600,0.34091128,0.45093038
1704384000,0.34245254,0.45092157
1704398400,0.34735911,0.45067347
1704412800,0.34680401,0.44733485
1704427200,0.34841000,0.44685383
1704441600,0.34058331,0.44714989
1704456000,0.34690465,0.44686368
1704470400,0.34688639,0.44741291
1704484800,0.34403466,0.44528222
1704499200,0.34402492,0.44512646
1704513600,0.34716187,0.44534681
1704528000,0.34082430,0.44546082
1704542400,0.34953192,0.44729351
1704556800,0.33855806,0.44737240
1704571200,0.33997265,0.44733766
1704585600,0.32967131,0.44745118
1704600000,0.33835099,0.44733319
1704614400,0.32970514,0.44735935
1704628800,0.32898013,0.44856353
1704643200,0.33978655,0.44836263
1704657600,0.34802083,0.44783415
1704672000,0.35092208,0.44752486
1704686400,0.35276762,0.44615555
1704700800,0.35178895,0.44322482
1704715200,0.35412682,0.44245648
1704729600,0.32856787,0.41789594
1704744000,0.33491005,0.42197598
1704758400,0.34020107,0.42221640
1704772800,0.34632440,0.42226546
1704787200,0.35107283,0.42227634
1704801600,0.32382147,0.42417783
1704816000,0.32490577,0.42416341
1704830400,0.33784406,0.42109472
1704844800,0.33231546,0.42526730
1704859200,0.34265768,0.42434657
1704873600,0.35147777,0.42627753
1704888000,0.34852661,0.42631874
1704902400,0.34897579,0.42250250
1704916800,0.35113705,0.42239630
1704931200,0.34980780,0.42237945
1704945600,0.35698507,0.42056579
1704960000,0.35344248,0.41514294
1704974400,0.35116327,0.41557427
1704988800,0.34948349,0.41559518
1705003200,0.35865010,0.41507534
1705017600,0.35815056,0.42139554
1705032000,0.34245857,0.42205747
1705046400,0.33862533,0.42239098
1705060800,0.34572729,0.41138998
1705075200,0.34450035,0.40194749
1705089600,0.34867651,0.39799477
1705104000,0.35207380,0.39787833
1705118400,0.35751492,0.39598843
1705132800,0.35370871,0.39488489
1705147200,0.34778186,0.41421902
1705161600,0.34591966,0.41499523
1705176000,0.34551023,0.41786843
1705190400,0.34767270,0.41756447
1705204800,0.34749067,0.41702058
1705219200,0.34220262,0.41692302
1705233600,0.33755222,0.42361273
1705248000,0.34326560,0.42361653
1705262400,0.34772552,0.41968660
1705276800,0.34844218,0.41484915
1705291200,0.35027390,0.41529005
1705305600,0.34617812,0.43195030
1705320000,0.35808433,0.43049580
1705334400,0.35152653,0.42673814
1705348800,0.34821218,0.42527245
1705363200,0.35105610,0.42557753
1705377600,0.35186192,0.42699411
1705392000,0.35167411,0.42859657
1705406400,0.34880211,0.42886740
1705420800,0.33882899,0.42888248
1705435200,0.33163616,0.42895546
1705449600,0.34220616,0.42919163
1705464000,0.34356781,0.43046690
1705478400,0.33381553,0.43177151
1705492800,0.34359554,0.43211858
1705507200,0.34508613,0.43207484
1705521600,0.34228602,0.43271255
1705536000,0.34367790,0.43256298
1705550400,0.34973433,0.43182326
1705564800,0.35212710,0.43105690
1705579200,0.34923432,0.43381668
1705593600,0.36177882,0.41395624
1705608000,0.36787667,0.41352115
1705622400,0.37380039,0.41305737
1705636800,0.37744692,0.41271701
1705651200,0.38007715,0.41253967
1705665600,0.36003863,0.40928798
1705680000,0.36297887,0.40186376
1705694400,0.36349971,0.40232256
1705708800,0.35904982,0.40234203
1705723200,0.36071018,0.40285660
1705737600,0.36486259,0.40282699
1705752000,0.32127432,0.40309027
1705766400,0.31826761,0.40349754
1705780800,0.31890520,0.40348833
1705795200,0.31651567,0.40372548
1705809600,0.31776541,0.40410683
1705824000,0.32494677,0.40518688
1705838400,0.32175898,0.40731855
1705852800,0.32407208,0.40831418
1705867200,0.33816904,0.40828596
1705881600,0.35786256,0.40747938
1705896000,0.35838228,0.40835685
1705910400,0.36261942,0.40978744
1705924800,0.35754605,0.40993160
1705939200,0.36792663,0.40120397
1705953600,0.37023035,0.40439177
1705968000,0.37482179,0.40311564
1705982400,0.37614636,0.40294201
1705996800,0.37282032,0.39484553
1706011200,0.36915504,0.39341969
1706025600,0.36896156,0.39337040
1706040000,0.37194573,0.38854026
1706054400,0.37358170,0.38814904
1706068800,0.36808670,0.38686215
1706083200,0.36747023,0.38695000
1706097600,0.36845824,0.38727779
1706112000,0.36069851,0.38671317
1706126400,0.36191809,0.38666763
1706140800,0.35366608,0.38669240
1706155200,0.34927766,0.38697698
1706169600,0.35503062,0.38682583
1706184000,0.36007506,0.38549062
1706198400,0.35623191,0.38644031
1706212800,0.34721683,0.38644102
1706227200,0.35744972,0.38637487
1706241600,0.35842968,0.38630884
1706256000,0.36291732,0.36887597
1706270400,0.36581372,0.36882278
1706284800,0.37332692,0.36477303
1706299200,0.37562868,0.36417314
1706313600,0.39372219,0.36436015
1706328000,0.38230520,0.36468111
1706342400,0.38162348,0.36489747
1706356800,0.36686059,0.38227381
1706371200,0.35850517,0.39147365
1706385600,0.36601385,0.39181118
1706400000,0.36572641,0.39780982
1706414400,0.36821619,0.39824540
1706428800,0.36810243,0.39879865
1706443200,0.37157561,0.39932356
1706457600,0.37807251,0.39941125
1706472000,0.37846801,0.39988433
1706486400,0.38040712,0.39905510
1706500800,0.38180262,0.40333227
1706515200,0.38121638,0.40770394
1706529600,0.38046643,0.41977353
1706544000,0.38219140,0.41891710
1706558400,0.38197296,0.43219155
1706572800,0.38251301,0.43461326
1706587200,0.38215834,0.43891734
1706601600,0.38055388,0.43895981
1706616000,0.37740488,0.43886815
1706630400,0.37485803,0.44343057
1706644800,0.38361786,0.44154801
1706659200,0.38055222,0.44155687
1706673600,0.38168047,0.44181586
1706688000,0.38462265,0.44129029
1706702400,0.38977136,0.43875455
1706716800,0.38456828,0.44156594
1706731200,0.39074124,0.43790031
1706745600,0.39239898,0.43540807
1706760000,0.39076621,0.43551840
1706774400,0.38687183,0.43550838
1706788800,0.38947597,0.43396079
1706803200,0.38896061,0.43103931
1706817600,0.38453904,0.43099606
1706832000,0.38352822,0.43099103
1706846400,0.38373912,0.43132759
1706860800,0.38064431,0.43143949
1706875200,0.35785080,0.43176085
1706889600,0.36234637,0.43275085
1706904000,0.36524533,0.43317658
1706918400,0.36397446,0.43357522
1706932800,0.36645712,0.43456340
1706947200,0.36547225,0.43658503
1706961600,0.36506257,0.44380604
1706976000,0.36285748,0.44575761
1706990400,0.36175269,0.44836823
1707004800,0.35807225,0.44836833
1707019200,0.36477730,0.45873855
1707033600,0.37697313,0.45845354
1707048000,0.37443705,0.45924524
1707062400,0.37933313,0.54864848
1707076800,0.37840457,0.56547950
1707091200,0.37862214,0.56679675
1707105600,0.38130027,0.59686759
1707120000,0.37515913,0.59759827
1707134400,0.38561137,0.59694049
1707148800,0.38478671,0.59703213
1707163200,0.38356183,0.59840908
1707177600,0.38235809,0.59834738
1707192000,0.38127808,0.59888999
1707206400,0.36223253,0.59945945
1707220800,0.37935320,0.59878208
1707235200,0.37792001,0.59890399
1707249600,0.37957583,0.59948149
1707264000,0.38426570,0.59918013
1707278400,0.38396840,0.59910160
1707292800,0.37548451,0.59963394
1707307200,0.37819388,0.59953957
1707321600,0.38978823,0.60072147
1707336000,0.39961978,0.59884580
1707350400,0.39878419,0.59870255
1707364800,0.39874666,0.59862288
1707379200,0.39910072,0.59839742
1707393600,0.40082937,0.59693890
1707408000,0.39112155,0.59692881
1707422400,0.38869831,0.59699194
1707436800,0.40227670,0.59527209
1707451200,0.39992616,0.59527371
1707465600,0.40258728,0.59364324
1707480000,0.40126576,0.59391280
1707494400,0.40589072,0.59258054
1707508800,0.39914048,0.59302167
1707523200,0.39749008,0.59330310
1707537600,0.38972417,0.60575677
1707552000,0.39451000,0.60557220
1707566400,0.39048208,0.60543661
1707580800,0.38856792,0.60541606
1707595200,0.39108840,0.60521673
1707609600,0.40855270,0.60094588
1707624000,0.40797273,0.60106047
1707638400,0.40640111,0.60085352
1707652800,0.40722318,0.60017331
1707667200,0.40755985,0.59995432
1707681600,0.39435387,0.60001217
1707696000,0.39392309,0.60057112
1707710400,0.39127552,0.60180091
1707724800,0.38917323,0.60146489
1707739200,0.42173621,0.58718120
1707753600,0.41553532,0.58670591
1707768000,0.41670993,0.58470601
1707782400,0.41547368,0.58472102
1707796800,0.41569677,0.58469387
1707811200,0.40689079,0.58459062
1707825600,0.41228906,0.58567025
1707840000,0.41030531,0.59094393
1707854400,0.41241315,0.59738492
1707868800,0.41152834,0.61793771
1707883200,0.41210108,0.61765862
1707897600,0.41860247,0.60728036
1707912000,0.41658969,0.60767315
1707926400,0.41551437,0.60874545
1707940800,0.41567113,0.60940149
1707955200,0.41685311,0.60842631
1707969600,0.40786235,0.60744388
1707984000,0.41014562,0.60939779
1707998400,0.41099397,0.60880080
1708012800,0.41010505,0.61312862
1708027200,0.40875243,0.61891368
1708041600,0.40839719,0.62153058
1708056000,0.40567353,0.62223438
1708070400,0.40612175,0.62493884
1708084800,0.40640400,0.62671896
1708099200,0.40613186,0.62743426
1708113600,0.40661267,0.62691499
1708128000,0.40428631,0.62722545
1708142400,0.39976129,0.62734509
1708156800,0.39873057,0.62720551
1708171200,0.40501446,0.62652259
1708185600,0.40512149,0.62641437
1708200000,0.40494675,0.62691452
1708214400,0.40004780,0.63264545
1708228800,0.40016263,0.63582347
1708243200,0.39528785,0.64173674
1708257600,0.39000945,0.64393396
1708272000,0.38685027,0.64427397
1708286400,0.39145874,0.65771988
1708300800,0.38902182,0.65780281
1708315200,0.39124889,0.66070620
1708329600,0.39039320,0.66106489
1708344000,0.39223573,0.66102043
1708358400,0.39145375,0.67026586
1708372800,0.38961628,0.67962357
1708387200,0.38828639,0.68185084
1708401600,0.38976711,0.68175273
1708416000,0.39311933,0.68109636
1708430400,0.39693032,0.68025310
1708444800,0.39847182,0.68303831
1708459200,0.39807658,0.68301870
1708473600,0.40618213,0.68327465
1708488000,0.40612118,0.68267332
1708502400,0.40668504,0.68949758
1708516800,0.40402070,0.68969950
1708531200,0.40320217,0.68969080
1708545600,0.41000362,0.68757561
1708560000,0.40808284,0.68741594
1708574400,0.40685595,0.68939186
1708588800,0.40676144,0.68926734
1708603200,0.40344041,0.68977017
1708617600,0.39968393,0.68987058
1708632000,0.40016739,0.69130256
1708646400,0.39985762,0.69118288
1708660800,0.39961075,0.69183519
1708675200,0.40240760,0.69290281
1708689600,0.40355039,0.69282969
1708704000,0.40221466,0.69283329
1708718400,0.40458257,0.69587232
1708732800,0.40256367,0.69584116
1708747200,0.40216001,0.69610616
1708761600,0.39868421,0.69609499
1708776000,0.39745393,0.71290558
1708790400,0.40279246,0.71427208
1708804800,0.39734800,0.71604720
1708819200,0.39761447,0.71653778
1708833600,0.39816128,0.71653729
1708848000,0.39810848,0.71655599
1708862400,0.38994744,0.71687042
1708876800,0.39179594,0.71773697
1708891200,0.39019042,0.71814285
1708905600,0.39259795,0.71831471
1708920000,0.39549309,0.71889888
1708934400,0.39573321,0.71924623
1708948800,0.41622606,0.71326875
1708963200,0.41910727,0.70833854
1708977600,0.41728609,0.70905617
1708992000,0.42052434,0.70568567
1709006400,0.41889501,0.70757771
1709020800,0.41646883,0.70733011
1709035200,0.41443324,0.70717499
1709049600,0.41549792,0.70638242
1709064000,0.41233531,0.70589831
1709078400,0.40748153,0.70607002
1709092800,0.41639685,0.70401710
1709107200,0.41813161,0.70158425
1709121600,0.42279744,0.69579621
1709136000,0.41970155,0.69612223
1709150400,0.42578707,0.68758980
1709164800,0.42454279,0.68585499
1709179200,0.42525293,0.68299395
1709193600,0.41241692,0.68301122
1709208000,0.41238023,0.68298137
1709222400,0.41250512,0.67987539
1709236800,0.41115900,0.67958262
1709251200,0.40728984,0.67977975
1709265600,0.40969764,0.67980480
1709280000,0.41044429,0.67936043
1709294400,0.40846864,0.67855420
1709308800,0.41030179,0.67751323
1709323200,0.40906982,0.67750435
1709337600,0.40771093,0.67846132
1709352000,0.40937402,0.67989657
1709366400,0.40793777,0.67986169
1709380800,0.40255444,0.68244007
1709395200,0.40517010,0.68561662
1709409600,0.40406993,0.68558624
1709424000,0.40192713,0.70210248
1709438400,0.40522827,0.70195789
1709452800,0.40503924,0.70347233
1709467200,0.40543020,0.70444351
1709481600,0.40838626,0.70656105
1709496000,0.40875884,0.70687329
1709510400,0.40866243,0.70782771
1709524800,0.41007226,0.70716074
1709539200,0.41127630,0.70590958
1709553600,0.41316318,0.70140999
1709568000,0.41299571,0.70013070
1709582400,0.41359780,0.69848127
1709596800,0.40902589,0.69864611
1709611200,0.41458687,0.69211572
1709625600,0.41020036,0.69224862
1709640000,0.41269966,0.69482314
1709654400,0.41527747,0.62750974
1709668800,0.41547601,0.61236926
1709683200,0.41470410,0.61180107
1709697600,0.41636084,0.58397926
1709712000,0.41503194,0.58369124
1709726400,0.41285009,0.58969496
1709740800,0.41106986,0.59075114
1709755200,0.41266853,0.58964677
1709769600,0.40374386,0.58962285
1709784000,0.40559702,0.58913813
1709798400,0.40551919,0.58881683
1709812800,0.40521193,0.58906415
1709827200,0.40335034,0.58903131
1709841600,0.40560945,0.58902062
1709856000,0.40460930,0.58934201
1709870400,0.40181544,0.58933418
1709884800,0.40491632,0.58879264
1709899200,0.40141968,0.58894651
1709913600,0.40879180,0.58676275
1709928000,0.40920261,0.58584738
1709942400,0.40684200,0.58581184
1709956800,0.40606409,0.58899118
1709971200,0.40514772,0.59335658
1709985600,0.39981556,0.59358340
1710000000,0.39373566,0.59357060
1710014400,0.39620191,0.59351881
1710028800,0.40806030,0.59248397
1710043200,0.40679045,0.59417117
1710057600,0.40748093,0.59445210
1710072000,0.40939552,0.59911964
1710086400,0.40902286,0.59906406
1710100800,0.40860892,0.59857671
1710115200,0.40875464,0.59829697
1710129600,0.41201709,0.58573826
1710144000,0.41178894,0.58564134
1710158400,0.41423117,0.58542525
1710172800,0.40903973,0.58940897
1710187200,0.41332360,0.59031830
1710201600,0.40774781,0.58989015
1710216000,0.40904533,0.58927489
1710230400,0.40539489,0.59053491
1710244800,0.40855624,0.59030036
1710259200,0.40970487,0.59052894
1710273600,0.40744292,0.59092815
1710288000,0.40982751,0.59213352
1710302400,0.41236278,0.59100522
1710316800,0.41044718,0.59095648
1710331200,0.41248241,0.59512054
1710345600,0.41383358,0.60780482
1710360000,0.41156475,0.60786184
1710374400,0.40946998,0.60780088
1710388800,0.41073199,0.60787909
1710403200,0.40881702,0.60785708
1710417600,0.41400464,0.60229945
1710432000,0.41433624,0.61511254
1710446400,0.41383802,0.60924811
1710460800,0.41075027,0.58903788
1710475200,0.41019118,0.59169860
1710489600,0.41415675,0.59075452
1710504000,0.41424801,0.59034948
1710518400,0.41516267,0.58922565
1710532800,0.40826693,0.59376965
1710547200,0.40807382,0.59420107
1710561600,0.40721478,0.59726487
1710576000,0.41153338,0.59455644
1710590400,0.40818879,0.59830002
1710604800,0.41255330,0.59759177
1710619200,0.41278193,0.59154347
1710633600,0.43432038,0.58859663
1710648000,0.43435841,0.58740507
1710662400,0.43592708,0.58402630
1710676800,0.43513351,0.58584343
1710691200,0.43259550,0.58712699
1710705600,0.42943300,0.59012812
1710720000,0.43002359,0.58969726
1710734400,0.42391645,0.59041615
1710748800,0.41338478,0.59165638
1710763200,0.41950165,0.60351257
1710777600,0.42171483,0.60417690
1710792000,0.42317552,0.60361340
1710806400,0.43027209,0.59883152
1710820800,0.43288361,0.59703282
1710835200,0.43386262,0.59613538
1710849600,0.43560284,0.59562945
1710864000,0.43641918,0.59527532
1710878400,0.43342194,0.57993985
1710892800,0.43329693,0.58724065
1710907200,0.43465552,0.60277607
1710921600,0.43453350,0.60264149
1710936000,0.43533900,0.60297800
1710950400,0.42923688,0.59240730
1710964800,0.43157000,0.58214456
1710979200,0.43280500,0.57940090
1710993600,0.43342869,0.57924447
1711008000,0.43364041,0.57940502
1711022400,0.43209321,0.58191011
1711036800,0.42549660,0.57792789
1711051200,0.42068313,0.57784580
1711065600,0.42374208,0.57740194
1711080000,0.42351847,0.57732650
1711094400,0.42988278,0.56783712
1711108800,0.42784753,0.56755848
1711123200,0.42791507,0.56818044
1711137600,0.42952405,0.56847794
1711152000,0.43057216,0.56983430
1711166400,0.42047298,0.56738682
1711180800,0.41682482,0.56741400
1711195200,0.42217022,0.56683616
1711209600,0.42214666,0.56759649
1711224000,0.42680081,0.56580459
1711238400,0.41842836,0.56611550
1711252800,0.42405364,0.56551090
1711267200,0.42622865,0.56381577
1711281600,0.42619625,0.56388912
1711296000,0.42181795,0.56382760
1711310400,0.42928099,0.55957188
1711324800,0.42654439,0.55962063
1711339200,0.42744256,0.55908712
1711353600,0.44550311,0.55909771
1711368000,0.46066899,0.54673214
1711382400,0.45668517,0.54528367
1711396800,0.45641024,0.54315212
1711411200,0.45709747,0.54248953
1711425600,0.45291951,0.54267982
1711440000,0.44521667,0.54268555
1711454400,0.44573079,0.54236732
1711468800,0.44484261,0.54196110
1711483200,0.44406503,0.54151477
1711497600,0.44399023,0.54121977
1711512000,0.44710761,0.54016319
1711526400,0.44640196,0.53953486
1711540800,0.45145032,0.53682275
1711555200,0.44645312,0.53686161
1711569600,0.45029485,0.53541242
1711584000,0.44518577,0.53664499
1711598400,0.45194485,0.53370592
1711612800,0.44419168,0.53361305
1711627200,0.44755162,0.53313585
1711641600,0.44487415,0.53341251
1711656000,0.43931791,0.53344268
1711670400,0.43831559,0.53403096
1711684800,0.45191363,0.53304492
1711699200,0.45129505,0.53323615
1711713600,0.45873444,0.53062865
1711728000,0.45741493,0.53006272
1711742400,0.45494356,0.53099537
1711756800,0.45083103,0.53285591
1711771200,0.45059326,0.53286503
1711785600,0.44885367,0.53270880
1711800000,0.44372873,0.53443994
1711814400,0.44141152,0.53445036
1711828800,0.44663242,0.53672635
1711843200,0.44917668,0.53659727
1711857600,0.45353741,0.53694139
1711872000,0.44794195,0.54748426
1711886400,0.44677756,0.54800178
1711900800,0.45901319,0.55215070
1711915200,0.45946976,0.55599653
1711929600,0.46360239,0.55532594
1711944000,0.46584352,0.57727134
1711958400,0.46013511,0.57785055
1711972800,0.46563355,0.57817925
1711987200,0.46544171,0.57425778
1712001600,0.45403273,0.57923950
1712016000,0.46373250,0.56189388
1712030400,0.45675951,0.56194653
1712044800,0.46041846,0.56243161
1712059200,0.45893813,0.56245829
1712073600,0.50199748,0.55887349
1712088000,0.49691237,0.55813146
1712102400,0.49780904,0.55760223
1712116800,0.48706012,0.55833661
1712131200,0.48430527,0.55835291
1712145600,0.48888063,0.57438886
1712160000,0.47829387,0.57496463
1712174400,0.48366770,0.57656474
1712188800,0.48773398,0.57644034
1712203200,0.48945653,0.57613202
1712217600,0.48702130,0.57826133
1712232000,0.49774252,0.57460858
1712246400,0.49496738,0.57340414
1712260800,0.48276730,0.57339521
1712275200,0.49198223,0.57370282
1712289600,0.49545817,0.57225234
1712304000,0.49133144,0.57171351
1712318400,0.50273514,0.56544720
1712332800,0.49680613,0.56501508
1712347200,0.49116985,0.56476398
1712361600,0.47905740,0.56480158
1712376000,0.48572127,0.56584830
1712390400,0.48726283,0.56586497
1712404800,0.48807765,0.56612569
1712419200,0.48400473,0.56651989
1712433600,0.48870268,0.56575505
1712448000,0.48792571,0.56519124
1712462400,0.47558429,0.56569847
1712476800,0.47331849,0.56581495
1712491200,0.48323697,0.56582177
1712505600,0.48649264,0.56616890
1712520000,0.48288236,0.56778857
1712534400,0.47519906,0.56860208
1712548800,0.49356602,0.56669601
1712563200,0.49764510,0.56213460
1712577600,0.48843121,0.56190166
1712592000,0.48038959,0.56193494
1712606400,0.47971126,0.56458481
1712620800,0.48491271,0.56503842
1712635200,0.49135234,0.56369736
1712649600,0.48699778,0.56338600
1712664000,0.49806450,0.56165775
1712678400,0.48589466,0.56185739
1712692800,0.48243168,0.56278432
1712707200,0.47532332,0.56284366
1712721600,0.48184120,0.56289967
1712736000,0.48369839,0.56279965
1712750400,0.48479230,0.57824526
1712764800,0.49549218,0.57431604
1712779200,0.49095889,0.57340414
1712793600,0.50001015,0.57337655
1712808000,0.49614816,0.57360118
1712822400,0.50955338,0.57255146
1712836800,0.48817611,0.57324556
1712851200,0.50236943,0.57272115
1712865600,0.50170539,0.57254157
1712880000,0.50682210,0.57063677
1712894400,0.49824258,0.57055479
1712908800,0.49553264,0.57085631
1712923200,0.51358667,0.56625543
1712937600,0.52524304,0.55176199
1712952000,0.51143347,0.55161854
1712966400,0.49949371,0.55188154
1712980800,0.51106678,0.55543433
1712995200,0.50375301,0.55583617
1713009600,0.49721372,0.55583724
1713024000,0.52856674,0.53560705
1713038400,0.52297047,0.53343303
1713052800,0.52000359,0.53316658
1713067200,0.52490858,0.53079173
1713081600,0.51717848,0.53064326
1713096000,0.49856020,0.53064159
1713110400,0.49443619,0.53081976
1713124800,0.52244165,0.52491074
1713139200,0.51497233,0.52466209
1713153600,0.52179803,0.52118595
1713168000,0.51665033,0.52082232
1713182400,0.52441976,0.53042805
1713196800,0.52417680,0.53105197
1713211200,0.50478386,0.53112791
1713225600,0.51667729,0.53074712
1713240000,0.51739639,0.53009924
1713254400,0.51198286,0.52988731
1713268800,0.51937081,0.52647681
1713283200,0.51908863,0.52524620
1713297600,0.52178273,0.52180391
1713312000,0.50428674,0.52216196
1713326400,0.51810665,0.52278563
1713340800,0.51429731,0.52143013
1713355200,0.52735483,0.50837094
1713369600,0.52020310,0.50691738
1713384000,0.51375560,0.50674312
1713398400,0.52016492,0.50520371
1713412800,0.52134998,0.50321591
1713427200,0.52346136,0.49690055
1713441600,0.51995292,0.49502673
1713456000,0.50627820,0.49502361
1713470400,0.50445293,0.49501013
1713484800,0.52576337,0.48638344
1713499200,0.53362129,0.46247922
1713513600,0.57423839,0.46213639
1713528000,0.56219148,0.46208617
1713542400,0.55187806,0.46402082
1713556800,0.54993928,0.46355467
1713571200,0.56241843,0.46399466
1713585600,0.55796580,0.46405268
1713600000,0.55874299,0.46387392
1713614400,0.55872470,0.46071178
1713628800,0.54855326,0.47910792
1713643200,0.54274355,0.48309683
1713657600,0.53978368,0.48293176
1713672000,0.53512673,0.48333832
1713686400,0.55348424,0.48348737
1713700800,0.54970006,0.48772049
1713715200,0.54299099,0.48767621
1713729600,0.53929864,0.48905162
1713744000,0.53925561,0.48742756
1713758400,0.53259777,0.48740917
1713772800,0.52839557,0.48736892
1713787200,0.52694219,0.48856668
1713801600,0.53034360,0.48949160
1713816000,0.53084166,0.48970488
1713830400,0.52940583,0.48948957
1713844800,0.52713186,0.48937935
1713859200,0.52238390,0.48953128
1713873600,0.52683614,0.49859036
1713888000,0.52376823,0.50082639
1713902400,0.52391261,0.50262628
1713916800,0.52639146,0.50256095
1713931200,0.52339948,0.50389719
1713945600,0.53098678,0.50394916
1713960000,0.55419551,0.49600638
1713974400,0.53861158,0.49681625
1713988800,0.52752316,0.49753241
1714003200,0.51865359,0.49765340
1714017600,0.51686888,0.49740909
1714032000,0.52546772,0.49770218
1714046400,0.53041207,0.49760983
1714060800,0.52771668,0.49681319
1714075200,0.52185523,0.49673545
1714089600,0.51934235,0.49678420
1714104000,0.51634985,0.49694513
1714118400,0.51447545,0.49703365
1714132800,0.52338293,0.49572887
1714147200,0.51739133,0.49551883
1714161600,0.51219146,0.49587024
1714176000,0.51789065,0.49481839
1714190400,0.51059733,0.49491451
1714204800,0.51156774,0.49498699
1714219200,0.50978347,0.50409307
1714233600,0.51469887,0.50638409
1714248000,0.51903843,0.50641563
1714262400,0.51815473,0.51054854
1714276800,0.51461418,0.51084021
1714291200,0.51331360,0.51150823
1714305600,0.51228095,0.51148718
1714320000,0.50957875,0.51143287
1714334400,0.51606979,0.51033977
1714348800,0.52183567,0.50887804
1714363200,0.51462076,0.51063433
1714377600,0.50960095,0.51070301
1714392000,0.51864986,0.50910799
1714406400,0.51235589,0.50910672
1714420800,0.52597795,0.50688624
1714435200,0.51631306,0.50723202
1714449600,0.51464195,0.50719645
1714464000,0.56183812,0.49594663
1714478400,0.54118066,0.49664544
1714492800,0.55275247,0.49095268
1714507200,0.55310741,0.48661772
1714521600,0.54016881,0.48610629
1714536000,0.60321613,0.45772805
1714550400,0.57641144,0.45703058
1714564800,0.57111650,0.45621988
1714579200,0.55895757,0.45651256
1714593600,0.56605131,0.45026379
1714608000,0.56913288,0.44690661
1714622400,0.55850077,0.44675327
1714636800,0.56041625,0.44363290
1714651200,0.55618714,0.44169593
1714665600,0.55258704,0.44171015
1714680000,0.54907195,0.44156909
1714694400,0.54735463,0.44030962
1714708800,0.54724019,0.43936509
1714723200,0.54656617,0.44017274
1714737600,0.58883263,0.41889016
1714752000,0.56687149,0.41858519
1714766400,0.55944995,0.41634571
1714780800,0.55034838,0.41731310
1714795200,0.54325462,0.41782345
1714809600,0.55722458,0.41478008
1714824000,0.55033357,0.41536207
1714838400,0.54799017,0.41569681
1714852800,0.54573999,0.41599518
1714867200,0.54365882,0.41480937
1714881600,0.54560772,0.41394495
1714896000,0.54203682,0.41393322
1714910400,0.54053380,0.41925648
1714924800,0.53863851,0.41813265
1714939200,0.53658711,0.41808140
1714953600,0.52631772,0.41849913
1714968000,0.53507688,0.41713659
1714982400,0.53157858,0.41686990
1714996800,0.53336118,0.41690323
1715011200,0.53312851,0.41647706
1715025600,0.52437663,0.41655690
1715040000,0.52368539,0.41654324
1715054400,0.52928617,0.41585329
1715068800,0.52446732,0.41574844
1715083200,0.52358020,0.41556812
1715097600,0.53035573,0.41632159
1715112000,0.53464284,0.41423346
1715126400,0.53300768,0.41321497
1715140800,0.53552272,0.41133224
1715155200,0.52586634,0.41226452
1715169600,0.52381815,0.41312764
1715184000,0.52495192,0.42232245
1715198400,0.53615494,0.41876453
1715212800,0.53266542,0.41787630
1715227200,0.53280656,0.41713068
1715241600,0.52923611,0.41709138
1715256000,0.53965727,0.41229985
1715270400,0.53282433,0.41192579
1715284800,0.53561988,0.41067225
1715299200,0.52943130,0.41059831
1715313600,0.53061001,0.41044632
1715328000,0.52592859,0.41031657
1715342400,0.54784873,0.38779331
1715356800,0.53747384,0.38774428
1715371200,0.53551994,0.38768739
1715385600,0.53428024,0.38764505
1715400000,0.53868182,0.38767041
1715414400,0.52714426,0.38736665
1715428800,0.53107016,0.38725449
1715443200,0.52130230,0.38839262
1715457600,0.52967335,0.38801891
1715472000,0.52443942,0.39179141
1715486400,0.52519171,0.39423195
1715500800,0.52738206,0.39533425
1715515200,0.52685540,0.39651038
1715529600,0.51520256,0.40066043
1715544000,0.52007883,0.40064176
1715558400,0.52674111,0.40029666
1715572800,0.53851975,0.39503851
1715587200,0.53412655,0.39478901
1715601600,0.53270269,0.40611409
1715616000,0.53124081,0.42005745
1715630400,0.53192886,0.42122253
1715644800,0.52990466,0.42231589
1715659200,0.52861227,0.42157090
1715673600,0.53729517,0.42142051
1715688000,0.52898722,0.42642440
1715702400,0.53768407,0.42624253
1715716800,0.52703517,0.42634884
1715731200,0.53535341,0.42578649
1715745600,0.53389001,0.42562858
1715760000,0.53555941,0.42546131
1715774400,0.55548601,0.40918917
1715788800,0.55450319,0.40584825
1715803200,0.54680450,0.40690658
1715817600,0.54747211,0.40689442
1715832000,0.54742224,0.40684456
1715846400,0.54205859,0.40662361
1715860800,0.53843953,0.40498488
1715875200,0.54076212,0.40353426
1715889600,0.53246449,0.40353641
1715904000,0.53941175,0.40309392
1715918400,0.54387941,0.40106644
1715932800,0.53584915,0.40120609
1715947200,0.54394378,0.39861416
1715961600,0.53594305,0.39870788
1715976000,0.53399472,0.39875263
1715990400,0.52938231,0.39947130
1716004800,0.53198783,0.39949960
1716019200,0.52621266,0.39949416
1716033600,0.53030750,0.39979396
1716048000,0.52490452,0.40571531
1716062400,0.52115194,0.40583380
1716076800,0.53033045,0.40880228
1716091200,0.52858060,0.40880493
1716105600,0.51979234,0.40906802
1716120000,0.53530738,0.41022400
1716134400,0.54403235,0.40812760
1716148800,0.53941770,0.40980889
1716163200,0.54213600,0.40952537
1716177600,0.53887671,0.40951060
1716192000,0.53773658,0.40951822
1716206400,0.53858291,0.40912488
1716220800,0.55645760,0.38739761
1716235200,0.55434741,0.38242505
1716249600,0.54179746,0.38255090
1716264000,0.55043977,0.38371533
1716278400,0.54876705,0.38388638
1716292800,0.54884832,0.38542194
1716307200,0.54287375,0.38465394
1716321600,0.54602624,0.38236711
1716336000,0.54014167,0.38272681
1716350400,0.54139941,0.38287950
1716364800,0.52777201,0.38358420
1716379200,0.54063785,0.38200826
1716393600,0.54588010,0.38038320
1716408000,0.54177842,0.37994988
1716422400,0.53932839,0.37986443
1716436800,0.53927599,0.37963736
1716451200,0.53749904,0.37965258
1716465600,0.55723319,0.36717238
1716480000,0.55280253,0.36407778
1716494400,0.55129154,0.36157196
1716508800,0.54228233,0.36164889
1716523200,0.54794195,0.35978547
1716537600,0.54112541,0.35971925
1716552000,0.54765712,0.35705717
1716566400,0.54864070,0.35409533
1716580800,0.54637451,0.35650556
1716595200,0.54156054,0.35682039
1716609600,0.53448296,0.35748783
1716624000,0.54075273,0.36299801
1716638400,0.53749948,0.36405593
1716652800,0.53647443,0.37403267
1716667200,0.53404735,0.37849881
1716681600,0.53496474,0.38214914
1716696000,0.53496673,0.38350391
1716710400,0.53353164,0.38494719
1716724800,0.53472636,0.38593289
1716739200,0.52994690,0.38612522
1716753600,0.53492461,0.38587166
1716768000,0.53492384,0.38549371
1716782400,0.53330195,0.38543463
1716796800,0.53238997,0.38567004
1716811200,0.55526536,0.37366186
1716825600,0.55202931,0.37082695
1716840000,0.54290808,0.37079974
1716854400,0.55409341,0.36398807
1716868800,0.54649545,0.36383035
1716883200,0.54737828,0.36304791
1716897600,0.53636798,0.36353987
1716912000,0.53692848,0.36360084
1716926400,0.53480518,0.36396567
1716940800,0.53985903,0.36332774
1716955200,0.54402835,0.36175087
1716969600,0.53901213,0.36184593
1716984000,0.53903661,0.36296396
1716998400,0.53531343,0.36680875
1717012800,0.53809208,0.36672070
1717027200,0.53793063,0.36652597
1717041600,0.53886539,0.36598910
1717056000,0.53578782,0.36578780
1717070400,0.54065707,0.36406041
1717084800,0.53381006,0.36405704
1717099200,0.53538706,0.36381736
1717113600,0.53824603,0.36377004
1717128000,0.54055675,0.36498727
1717142400,0.53584111,0.36491122
1717156800,0.54758031,0.36063255
1717171200,0.54414391,0.36042425
1717185600,0.54081314,0.36261350
1717200000,0.54078406,0.36415521
1717214400,0.53860097,0.36420335
1717228800,0.53264979,0.36587654
1717243200,0.52771580,0.36692732
1717257600,0.53067097,0.36694751
1717272000,0.52496607,0.36755225
1717286400,0.52401862,0.36782501
1717300800,0.52576164,0.36886296
1717315200,0.53797137,0.36806291
1717329600,0.53303925,0.37149420
1717344000,0.53766499,0.37095132
1717358400,0.53062419,0.37110661
1717372800,0.54043955,0.37525506
1717387200,0.53963013,0.37453515
1717401600,0.53706595,0.37541406
1717416000,0.54012385,0.37472692
1717430400,0.54004842,0.37518359
1717444800,0.53801090,0.37618303
1717459200,0.53780726,0.38119036
1717473600,0.53502334,0.38483383
1717488000,0.53162304,0.38579279
1717502400,0.54934561,0.37924806
1717516800,0.53703371,0.37938035
1717531200,0.53815863,0.38660422
1717545600,0.54202167,0.40225301
1717560000,0.54004602,0.40536374
1717574400,0.53479046,0.41076070
1717588800,0.53996541,0.41603939
1717603200,0.53767320,0.41597665
1717617600,0.53529140,0.41608090
1717632000,0.53100862,0.41636468
1717646400,0.52931999,0.41660538
1717660800,0.53046553,0.41661278
1717675200,0.52861010,0.41794691
1717689600,0.54115909,0.41725344
1717704000,0.53813153,0.41760864
1717718400,0.53603594,0.41785720
1717732800,0.53437739,0.41942301
1717747200,0.54011425,0.41852917
1717761600,0.53932887,0.41943604
1717776000,0.55277062,0.41055457
1717790400,0.54037635,0.41828158
1717804800,0.54044907,0.42044545
1717819200,0.53905739,0.42260859
1717833600,0.55288167,0.42997167
1717848000,0.52782111,0.43857673
1717862400,0.52376224,0.44097588
1717876800,0.53083157,0.44115065
1717891200,0.52790348,0.44200284
1717905600,0.52204844,0.44201113
1717920000,0.52507709,0.44245984
1717934400,0.52984121,0.44241230
1717948800,0.53455244,0.44295715
1717963200,0.53188959,0.44305404
1717977600,0.52842966,0.44314493
1717992000,0.54213473,0.44542123
1718006400,0.54083559,0.44626984
1718020800,0.54804987,0.44781169
1718035200,0.55160822,0.44725336
1718049600,0.54746390,0.44775973
1718064000,0.55543541,0.44457684
1718078400,0.55596442,0.44397419
1718092800,0.55590567,0.44400625
1718107200,0.55606753,0.45048296
1718121600,0.55740523,0.44679879
1718136000,0.54557994,0.44680834
1718150400,0.54779619,0.44750057
1718164800,0.54675661,0.44764910
1718179200,0.55142441,0.44735462
1718193600,0.55371415,0.44100066
1718208000,0.55412022,0.42890553
1718222400,0.55348036,0.42779530
1718236800,0.55571454,0.42607992
1718251200,0.55341559,0.42642498
1718265600,0.54492510,0.42700775
1718280000,0.55085472,0.42237621
1718294400,0.54330000,0.42246949
1718308800,0.54468523,0.42358553
1718323200,0.53951789,0.42395168
1718337600,0.54431904,0.42512090
1718352000,0.52923996,0.42504697
1718366400,0.54313608,0.42381648
1718380800,0.54912931,0.42105574
1718395200,0.54944789,0.42280520
1718409600,0.54687296,0.43546673
1718424000,0.54706714,0.43552663
1718438400,0.54732265,0.43591033
1718452800,0.53359030,0.43709183
1718467200,0.53373303,0.43745020
1718481600,0.52995359,0.44356568
1718496000,0.53043118,0.44354183
1718510400,0.52791961,0.45475458
1718524800,0.53556412,0.45678272
1718539200,0.53864786,0.46091301
1718553600,0.53775752,0.46094649
1718568000,0.53711082,0.46092289
1718582400,0.54821939,0.46178635
1718596800,0.54225190,0.46236094
1718611200,0.54739164,0.46306347
1718625600,0.55193374,0.46242415
1718640000,0.55881555,0.45737882
1718654400,0.55410787,0.45780719
1718668800,0.56161256,0.45677713
1718683200,0.55604795,0.45686021
1718697600,0.56081606,0.45665509
1718712000,0.55738245,0.45967481
1718726400,0.55435502,0.45953082
1718740800,0.55481272,0.45855436
1718755200,0.55297883,0.45863869
1718769600,0.55055094,0.45977082
1718784000,0.54656277,0.46014313
1718798400,0.55168911,0.46884283
1718812800,0.52812581,0.47363010
1718827200,0.53140704,0.47412169
1718841600,0.53675153,0.47402165
1718856000,0.55215073,0.47267431
1718870400,0.55030876,0.47236605
1718884800,0.55847804,0.46693597
1718899200,0.55497682,0.46739590
1718913600,0.55616782,0.46740277
1718928000,0.56121528,0.46703477
1718942400,0.56164768,0.46733086
1718956800,0.54776764,0.46682367
1718971200,0.53724522,0.46699172
1718985600,0.55281932,0.46651185
1719000000,0.54495104,0.46801810
1719014400,0.54787552,0.46811868
1719028800,0.54483227,0.46921155
1719043200,0.54808515,0.46922550
1719057600,0.53050803,0.46969999
1719072000,0.53141776,0.47343754
1719086400,0.52640468,0.47476850
1719100800,0.53515325,0.47470580
1719115200,0.51898648,0.47702550
1719129600,0.52453873,0.47704127
1719144000,0.53827582,0.47687487
1719158400,0.53482600,0.48031054
1719172800,0.55942690,0.47807155
1719187200,0.55898640,0.47774158
1719201600,0.56184365,0.47724236
1719216000,0.56321400,0.47293725
1719230400,0.56385217,0.47213470
1719244800,0.56041382,0.46499484
1719259200,0.56146558,0.46153007
1719273600,0.55174746,0.46340262
1719288000,0.55032693,0.46210297
1719302400,0.55116149,0.46081769
1719316800,0.54907655,0.46097117
1719331200,0.54436618,0.46080105
1719345600,0.54283361,0.46437902
1719360000,0.53901382,0.46892480
1719374400,0.53912084,0.46889269
1719388800,0.53893460,0.46904131
1719403200,0.52816007,0.46925108
1719417600,0.54317026,0.46895416
1719432000,0.53776503,0.46891766
1719446400,0.53909672,0.46888591
1719460800,0.54140245,0.46883160
1719475200,0.54571111,0.46818847
1719489600,0.54344026,0.46900924
1719504000,0.54004890,0.46987588
1719518400,0.54454487,0.47008384
1719532800,0.54040735,0.47006174
1719547200,0.54596301,0.46975484
1719561600,0.54366766,0.46974232
1719576000,0.54848336,0.46864569
1719590400,0.55063396,0.46613034
1719604800,0.54773230,0.46585939
1719619200,0.54843456,0.46871349
1719633600,0.54875586,0.46847268
1719648000,0.54056092,0.46847765
1719662400,0.53079356,0.47445772
1719676800,0.53647014,0.47616184
1719691200,0.52951974,0.47679433
1719705600,0.52857764,0.47687033
1719720000,0.54662556,0.47589089
1719734400,0.53793550,0.47621818
1719748800,0.54228888,0.47651651
1719763200,0.54661755,0.47631635
1719777600,0.55067562,0.47468689
1719792000,0.54948863,0.47343511
1719806400,0.54447636,0.47347111
1719820800,0.55118727,0.47225056
1719835200,0.55066002,0.47162841
1719849600,0.54380666,0.47515557
1719864000,0.54780854,0.47575861
1719878400,0.54678219,0.47690653
1719892800,0.54826165,0.47647775
1719907200,0.54386051,0.47664259
1719921600,0.55076891,0.48075184
1719936000,0.53788193,0.48099494
1719950400,0.54622419,0.49145256
1719964800,0.55175900,0.48895037
1719979200,0.54302569,0.48951050
1719993600,0.54634880,0.48940390
1720008000,0.54324429,0.49387693
1720022400,0.54845212,0.49479607
1720036800,0.54257537,0.49788555
1720051200,0.55085722,0.49421503
1720065600,0.55186362,0.49144839
1720080000,0.55013182,0.49086743
1720094400,0.54908000,0.49363746
1720108800,0.54549826,0.49512941
1720123200,0.55331881,0.49014906
1720137600,0.55777472,0.47698031
1720152000,0.55604121,0.47466481
1720166400,0.55872065,0.47087556
1720180800,0.56028551,0.47706138
1720195200,0.55150059,0.47701764
1720209600,0.54676811,0.48145297
1720224000,0.54665861,0.54886426
1720238400,0.54227973,0.55438900
1720252800,0.52343683,0.56119483
1720267200,0.53692360,0.59263711
1720281600,0.54036507,0.59457472
1720296000,0.53998053,0.59541967
1720310400,0.53903448,0.60439894
1720324800,0.54506608,0.60360370
1720339200,0.53463998,0.60545622
1720353600,0.54385482,0.60854234
1720368000,0.54046390,0.60862760
1720382400,0.55269023,0.60488212
1720396800,0.55076767,0.60539648
1720411200,0.55236342,0.60389184
1720425600,0.55644644,0.59860030
1720440000,0.55870434,0.59460884
1720454400,0.55489813,0.59869476
1720468800,0.54954990,0.59895479
1720483200,0.55285072,0.61032457
1720497600,0.53900086,0.61036086
1720512000,0.53937283,0.61006843
1720526400,0.51893715,0.62273732
1720540800,0.53535418,0.62225940
1720555200,0.52788131,0.63628991
1720569600,0.52816783,0.63644126
1720584000,0.54269817,0.63532393
1720598400,0.54258113,0.63479052
1720612800,0.54682312,0.63488597
1720627200,0.54385241,0.63650589
1720641600,0.54534346,0.63617704
1720656000,0.53905131,0.63650050
1720670400,0.54536199,0.63577524
1720684800,0.54338123,0.63477113
1720699200,0.55296174,0.62971465
1720713600,0.53110350,0.63038619
1720728000,0.53075032,0.63039684
1720742400,0.53688371,0.62996872
1720756800,0.53217057,0.62992383
1720771200,0.51667138,0.63080679
1720785600,0.53922505,0.62869467
1720800000,0.53679223,0.62848643
1720814400,0.53123802,0.63060501
1720828800,0.52478919,0.63069555
1720843200,0.53127692,0.63039942
1720857600,0.52721292,0.63383240
1720872000,0.52372840,0.63385495
1720886400,0.52060292,0.63720103
1720900800,0.52788966,0.63666505
1720915200,0.52457896,0.63671641
1720929600,0.52848810,0.63602712
1720944000,0.51820262,0.63650973
1720958400,0.51524630,0.63777259
1720972800,0.51727897,0.64216994
1720987200,0.53213835,0.64039399
1721001600,0.55409899,0.63211895
1721016000,0.54016138,0.63202544
1721030400,0.54026983,0.63196636
1721044800,0.54136074,0.63944156
1721059200,0.53719444,0.63996252
1721073600,0.54561992,0.63587921
1721088000,0.52875925,0.63602937
1721102400,0.55673471,0.62851363
1721116800,0.55088385,0.62839114
1721131200,0.55396675,0.62761105
1721145600,0.54276094,0.64726481
1721160000,0.53750643,0.64801379
1721174400,0.54138555,0.64732837
1721188800,0.53758381,0.64771783
1721203200,0.53490820,0.64702295
1721217600,0.52550123,0.64724754
1721232000,0.52889872,0.65444952
1721246400,0.52924727,0.65601569
1721260800,0.53483169,0.65497309
1721275200,0.52721501,0.65490172
1721289600,0.52352098,0.65490878
1721304000,0.54260884,0.65181717
1721318400,0.52597000,0.65183239
1721332800,0.53400932,0.65134808
1721347200,0.53172412,0.65117311
1721361600,0.53550168,0.65049133
1721376000,0.52828312,0.65073210
1721390400,0.55106938,0.64436007
1721404800,0.55184327,0.64092953
1721419200,0.54425792,0.64477322
1721433600,0.51686052,0.64505878
1721448000,0.51735430,0.64519871
1721462400,0.51482312,0.64525194
1721476800,0.52063370,0.64512113
1721491200,0.52236417,0.64512574
1721505600,0.51429394,0.64574114
1721520000,0.50977930,0.64905369
1721534400,0.52310433,0.64887544
1721548800,0.51593819,0.64918206
1721563200,0.51762865,0.65650086
1721577600,0.51866566,0.65753141
1721592000,0.52711459,0.65701814
1721606400,0.52031262,0.65711076
1721620800,0.52484386,0.65657241
1721635200,0.51913497,0.65668138
1721649600,0.52203903,0.65640216
1721664000,0.53212420,0.66375521
1721678400,0.52929839,0.66319604
1721692800,0.51499763,0.66412151
1721707200,0.52654753,0.66305003
1721721600,0.50854969,0.66329168
1721736000,0.50224592,0.66517836
1721750400,0.52563226,0.66275571
1721764800,0.52019321,0.66241812
1721779200,0.51047055,0.66247921
1721793600,0.50117508,0.66300110
1721808000,0.51635159,0.66310621
1721822400,0.51039429,0.66459645
1721836800,0.51820167,0.67432544
1721851200,0.51359494,0.67453631
1721865600,0.53109938,0.67124374
1721880000,0.51025358,0.67180935
1721894400,0.51167114,0.67217364
1721908800,0.52598999,0.67134626
1721923200,0.50605542,0.67148914
1721937600,0.53060790,0.66891052
1721952000,0.53549335,0.66571174
1721966400,0.52186005,0.66577133
1721980800,0.52561655,0.66544813
1721995200,0.52244882,0.66543841
1722009600,0.52439864,0.66509958
1722024000,0.50826470,0.66515079
1722038400,0.51155298,0.66521853
1722052800,0.51519619,0.66567719
1722067200,0.50972260,0.66570888
1722081600,0.52058679,0.66501997
1722096000,0.52155596,0.66450653
1722110400,0.52038215,0.66459903
1722124800,0.51063690,0.66460690
1722139200,0.51994972,0.66432611
1722153600,0.49609321,0.66470692
1722168000,0.49249494,0.66591235
1722182400,0.48918890,0.66587904
1722196800,0.48509850,0.68237720
1722211200,0.50203201,0.68025329
1722225600,0.49138706,0.68277441
1722240000,0.48760628,0.68718172
1722254400,0.50751635,0.68528778
1722268800,0.50048245,0.68412172
1722283200,0.49841619,0.68371822
1722297600,0.49385740,0.68367407
1722312000,0.49619823,0.68393607
1722326400,0.49373463,0.68424915
1722340800,0.49309536,0.68524394
1722355200,0.49030460,0.69083644
1722369600,0.48976041,0.69079772
1722384000,0.48754251,0.69102198
1722398400,0.48651331,0.69108753
1722412800,0.48327016,0.69106386
1722427200,0.48484071,0.69514629
1722441600,0.50274760,0.69369137
1722456000,0.50152667,0.69333628
1722470400,0.50434559,0.69243343
1722484800,0.50190494,0.69220962
1722499200,0.50123863,0.69199023
1722513600,0.51811357,0.68731140
1722528000,0.50651049,0.68727561
1722542400,0.52862954,0.67984470
1722556800,0.52544493,0.67929470
1722571200,0.51831991,0.67887315
1722585600,0.51673465,0.67850423
1722600000,0.52605908,0.67514658
1722614400,0.52349311,0.67403900
1722628800,0.52938514,0.67502429
1722643200,0.52397936,0.67522997
1722657600,0.52046755,0.67525683
1722672000,0.52007872,0.67720673
1722686400,0.52999746,0.67490033
1722700800,0.52835387,0.67376926
1722715200,0.52663094,0.67463937
1722729600,0.51365824,0.67464259
1722744000,0.52590043,0.67431210
1722758400,0.52472438,0.67360653
1722772800,0.54126906,0.67026805
1722787200,0.52896201,0.67030108
1722801600,0.54134716,0.66752418
1722816000,0.58017174,0.61517976
1722830400,0.57374993,0.61007210
1722844800,0.57609878,0.60386696
1722859200,0.58787940,0.57994369
1722873600,0.57220522,0.57699235
1722888000,0.56765075,0.57569027
1722902400,0.57397093,0.56822337
1722916800,0.56622610,0.56788599
1722931200,0.56524512,0.56644485
1722945600,0.56743149,0.56356501
1722960000,0.56269028,0.56319164
1722974400,0.56299235,0.56157030
1722988800,0.56475635,0.55995709
1723003200,0.55468754,0.56210169
1723017600,0.54656247,0.56221802
1723032000,0.56210599,0.57333487
1723046400,0.56758492,0.56814426
1723060800,0.56200434,0.56837588
1723075200,0.57466559,0.55553998
1723089600,0.56200117,0.55629042
1723104000,0.56153342,0.55624742
1723118400,0.57574143,0.54282009
1723132800,0.54359447,0.54336166
1723147200,0.56293266,0.52703632
1723161600,0.55322076,0.52704521
1723176000,0.54320219,0.52619745
1723190400,0.53656122,0.52606473
1723204800,0.54182685,0.52677413
1723219200,0.53332051,0.52610237
1723233600,0.52711297,0.52713144
1723248000,0.52941076,0.52685411
1723262400,0.52739872,0.52641616
1723276800,0.52026405,0.52669638
1723291200,0.52201135,0.52621115
1723305600,0.52331946,0.53588898
1723320000,0.51645931,0.53586665
1723334400,0.51779465,0.53671973
1723348800,0.51646723,0.53821563
1723363200,0.51875362,0.53716775
1723377600,0.51906607,0.53756755
1723392000,0.51117164,0.54333674
1723406400,0.51760415,0.54111456
1723420800,0.51238313,0.54327501
1723435200,0.49801236,0.54324319
1723449600,0.51167632,0.53878864
1723464000,0.48692404,0.53857265
1723478400,0.49758769,0.53788821
1723492800,0.49283745,0.53786253
1723507200,0.49334269,0.54042211
1723521600,0.48673619,0.54031867
1723536000,0.48648701,0.53977269
1723550400,0.48807423,0.53931511
1723564800,0.50062492,0.53663279
1723579200,0.49402963,0.53669459
1723593600,0.49674339,0.53654899
1723608000,0.48996388,0.53680546
1723622400,0.49472406,0.53668798
1723636800,0.51409952,0.53732445
1723651200,0.51113791,0.53637895
1723665600,0.50825760,0.53814180
1723680000,0.50737925,0.53805397
1723694400,0.50895935,0.53757976
1723708800,0.50982045,0.53640778
1723723200,0.51159385,0.53361745
1723737600,0.53848175,0.50947312
1723752000,0.53319893,0.50860972
1723766400,0.52909698,0.50820336
1723780800,0.53097669,0.50714900
1723795200,0.52177094,0.50721544
1723809600,0.52128428,0.50721517
1723824000,0.53607708,0.49836786
1723838400,0.53542381,0.49777981
1723852800,0.53117008,0.49849813
1723867200,0.52637935,0.49875188
1723881600,0.52303685,0.49886249
1723896000,0.52331294,0.50111120
1723910400,0.51612187,0.50109035
1723924800,0.51045861,0.50159746
1723939200,0.51663942,0.50164886
1723953600,0.51192851,0.50304942
1723968000,0.51523050,0.50277200
1723982400,0.51196697,0.51657089
1723996800,0.51205595,0.52057243
1724011200,0.52596394,0.51567404
1724025600,0.52012263,0.51550523
1724040000,0.51662643,0.51534761
1724054400,0.48771250,0.51644650
1724068800,0.48685754,0.51703477
1724083200,0.48684773,0.51793615
1724097600,0.48771018,0.52613202
1724112000,0.49908358,0.52243864
1724126400,0.49479560,0.52213248
1724140800,0.48016606,0.52268222
1724155200,0.49949913,0.51402634
1724169600,0.49846578,0.51248379
1724184000,0.49777948,0.51200091
1724198400,0.49664576,0.51357351
1724212800,0.49743521,0.51330097
1724227200,0.49507940,0.51299092
1724241600,0.49184291,0.51311810
1724256000,0.51900785,0.50050954
1724270400,0.51363605,0.50041852
1724284800,0.51577542,0.49948651
1724299200,0.51565177,0.49876464
1724313600,0.52060165,0.49841591
1724328000,0.51593059,0.49591995
1724342400,0.51299486,0.49583270
1724356800,0.51160853,0.49588996
1724371200,0.51154538,0.49596974
1724385600,0.51369192,0.49535889
1724400000,0.50997145,0.49507088
1724414400,0.51527794,0.49299272
1724428800,0.52952120,0.47950151
1724443200,0.52720987,0.47952605
1724457600,0.52624954,0.48124825
1724472000,0.52039521,0.48227133
1724486400,0.51881547,0.48182662
1724500800,0.50908438,0.48192439
1724515200,0.51004219,0.48204977
1724529600,0.50727506,0.48204065
1724544000,0.50503135,0.48211833
1724558400,0.50459291,0.48252090
1724572800,0.48745381,0.48253426
1724587200,0.48993333,0.48269911
1724601600,0.48592516,0.48692942
1724616000,0.48716765,0.48686423
1724630400,0.48703233,0.48687208
1724644800,0.48885098,0.48728718
1724659200,0.48737550,0.48717467
1724673600,0.48859272,0.48736370
1724688000,0.48886046,0.48751139
1724702400,0.49038808,0.48690210
1724716800,0.48636866,0.48723255
1724731200,0.48201846,0.48760084
1724745600,0.44750452,0.48763865
1724760000,0.45613295,0.48813438
1724774400,0.45633809,0.48838843
1724788800,0.51153758,0.46554201
1724803200,0.50736954,0.46555891
1724817600,0.51412528,0.46179979
1724832000,0.52089976,0.45520270
1724846400,0.52337655,0.45290386
1724860800,0.51707920,0.45323734
1724875200,0.51704577,0.45320923
1724889600,0.51597047,0.45341021
1724904000,0.51528335,0.45288380
1724918400,0.51306354,0.45205181
1724932800,0.51739604,0.45027755
1724947200,0.52834308,0.44149304
1724961600,0.52429659,0.44158357
1724976000,0.52569192,0.44117428
1724990400,0.52503917,0.44133284
1725004800,0.52329799,0.44140566
1725019200,0.52945045,0.43475424
1725033600,0.52931133,0.43330500
1725048000,0.52864872,0.43300668
1725062400,0.52602029,0.43681023
1725076800,0.52571127,0.43674818
1725091200,0.51773900,0.43857715
1725105600,0.50640319,0.43884497
1725120000,0.50510744,0.43888445
1725134400,0.50356206,0.43878532
1725148800,0.50530061,0.43853063
1725163200,0.49846095,0.43890697
1725177600,0.50197390,0.43883515
1725192000,0.49702836,0.44289229
1725206400,0.50258924,0.44559447
1725220800,0.51473118,0.44219181
1725235200,0.51328335,0.44445751
1725249600,0.51071715,0.44428139
1725264000,0.51048295,0.44222946
1725278400,0.50638296,0.44376460
1725292800,0.50313115,0.45345648
1725307200,0.50879817,0.45215532
1725321600,0.50363513,0.45452498
1725336000,0.49282709,0.45548337
1725350400,0.49146534,0.45558962
1725364800,0.51101156,0.44833599
1725379200,0.50687123,0.44870748
1725393600,0.50916615,0.44817469
1725408000,0.51367072,0.44545426
1725422400,0.50981558,0.44621802
1725436800,0.50678287,0.44610004
1725451200,0.52185701,0.43628969
1725465600,0.51571731,0.43746210
1725480000,0.51584724,0.43781354
1725494400,0.52139076,0.43509709
1725508800,0.51522385,0.43526263
1725523200,0.51533806,0.43456883
1725537600,0.51618755,0.43229921
1725552000,0.51219346,0.43272747
1725566400,0.50966254,0.43288417
1725580800,0.51155885,0.43224817
1725595200,0.51596868,0.42944538
1725609600,0.51161228,0.42933634
1725624000,0.52981161,0.41262562
1725638400,0.52791532,0.41137029
1725652800,0.52796608,0.41058564
1725667200,0.52537756,0.41218328
1725681600,0.52523109,0.41110856
1725696000,0.51339105,0.41174978
1725710400,0.51770183,0.41188229
1725724800,0.51611971,0.41160280
1725739200,0.51587452,0.41569861
1725753600,0.51781155,0.41587765
1725768000,0.50458946,0.41621149
1725782400,0.50457383,0.41645484
1725796800,0.52188782,0.41319956
1725811200,0.52274411,0.41108888
1725825600,0.52392896,0.40975289
1725840000,0.52127831,0.40973556
1725854400,0.51772413,0.40971469
1725868800,0.51685382,0.40935704
1725883200,0.50935485,0.40934069
1725897600,0.53791542,0.40238861
1725912000,0.52104476,0.40291351
1725926400,0.53310400,0.40182989
1725940800,0.52535143,0.39972658
1725955200,0.51207250,0.40025106
1725969600,0.51648345,0.39940303
1725984000,0.53146955,0.39503313
1725998400,0.52587707,0.39592367
1726012800,0.53104734,0.39321438
1726027200,0.52305420,0.39317894
1726041600,0.52076698,0.39418629
1726056000,0.51551896,0.39893758
1726070400,0.52869727,0.39662398
1726084800,0.52174531,0.39729392
1726099200,0.53142147,0.39333839
1726113600,0.52171755,0.39345805
1726128000,0.52061327,0.39352309
1726142400,0.52379539,0.39231226
1726156800,0.52992122,0.38880138
1726171200,0.52178539,0.38865449
1726185600,0.52275306,0.38927446
1726200000,0.52324009,0.38899054
1726214400,0.51448512,0.38896597
1726228800,0.53661018,0.37477720
1726243200,0.52447351,0.37573969
1726257600,0.53405870,0.37304823
1726272000,0.52858066,0.38085214
1726286400,0.52757000,0.38130316
1726300800,0.51611932,0.38075905
1726315200,0.51111557,0.38408522
1726329600,0.49721609,0.38408725
1726344000,0.50309546,0.38404279
1726358400,0.50220426,0.38564840
1726372800,0.49029210,0.38590154
1726387200,0.49326635,0.38602906
1726401600,0.49947030,0.38716272
1726416000,0.50226285,0.38948060
1726430400,0.51263933,0.38701067
1726444800,0.51430990,0.38570857
1726459200,0.51166920,0.38548728
1726473600,0.50388228,0.38894079
1726488000,0.51464953,0.38588299
1726502400,0.49615173,0.38588250
1726516800,0.50773281,0.38527131
1726531200,0.50400947,0.38512700
1726545600,0.49973455,0.38328970
1726560000,0.49413276,0.38335153
1726574400,0.52779315,0.36603774
1726588800,0.52977551,0.36233486
1726603200,0.52434553,0.36330350
1726617600,0.52230140,0.36308159
1726632000,0.51800021,0.36365400
1726646400,0.51993918,0.36223692
1726660800,0.51372155,0.36511709
1726675200,0.51861660,0.36314792
1726689600,0.53663474,0.35006999
1726704000,0.52985635,0.34946209
1726718400,0.51875663,0.34951236
1726732800,0.53151071,0.34827093
1726747200,0.52968144,0.34727789
1726761600,0.51105061,0.34726218
1726776000,0.51586926,0.34699487
1726790400,0.52546112,0.34429815
1726804800,0.51658379,0.34422267
1726819200,0.50836239,0.34422302
1726833600,0.51621268,0.34404494
1726848000,0.51857475,0.34340896
1726862400,0.51285040,0.34372422
1726876800,0.51292419,0.34329884
1726891200,0.49986584,0.34380120
1726905600,0.48968837,0.34408728
1726920000,0.49051451,0.34702960
1726934400,0.47989864,0.34772757
1726948800,0.48488134,0.34807389
1726963200,0.48757122,0.34779997
1726977600,0.48644034,0.34767582
1726992000,0.48554779,0.34760611
1727006400,0.46608727,0.34756828
1727020800,0.47766624,0.34670462
1727035200,0.47974810,0.34601485
1727049600,0.48934324,0.34378676
1727064000,0.49414556,0.34143449
1727078400,0.48753489,0.34224288
1727092800,0.48740235,0.34220219
1727107200,0.48526951,0.34193726
1727121600,0.47110777,0.34215579
1727136000,0.47139084,0.34334004
1727150400,0.47922238,0.34262212
1727164800,0.47012318,0.34267167
1727179200,0.47650364,0.34279019
1727193600,0.49920803,0.33810846
1727208000,0.48737935,0.33809145
1727222400,0.49149205,0.33808282
1727236800,0.49960503,0.33726200
1727251200,0.48610617,0.33870881
1727265600,0.49110605,0.33895721
1727280000,0.49188030,0.34070698
1727294400,0.47979178,0.34083156
1727308800,0.48892386,0.34051075
1727323200,0.49122034,0.33998989
1727337600,0.49417723,0.33892174
1727352000,0.50310167,0.33599313
1727366400,0.49971409,0.33531555
1727380800,0.49712166,0.33456548
1727395200,0.49400735,0.33449656
1727409600,0.48901586,0.33449105
1727424000,0.47871033,0.33451116
1727438400,0.49386729,0.33477756
1727452800,0.49155713,0.33426512
1727467200,0.48495167,0.33432810
1727481600,0.49052122,0.33430649
1727496000,0.48982605,0.33612120
1727510400,0.46867277,0.33652368
1727524800,0.47469816,0.33664930
1727539200,0.46739760,0.34068059
1727553600,0.47071025,0.34114625
1727568000,0.46116271,0.34464549
1727582400,0.47418995,0.34417022
1727596800,0.47118731,0.34473362
1727611200,0.46741024,0.34783716
1727625600,0.47027737,0.34783571
1727640000,0.47382313,0.34750233
1727654400,0.49436942,0.34348057
1727668800,0.47478147,0.34347496
1727683200,0.49135021,0.34142192
1727697600,0.48717618,0.34106185
1727712000,0.48685176,0.34089449
1727726400,0.47837258,0.34170143
1727740800,0.48657694,0.34087299
1727755200,0.48046713,0.34038640
1727769600,0.47688535,0.34031037
1727784000,0.49957702,0.34416959
1727798400,0.50604269,0.34122017
1727812800,0.51049203,0.33795592
1727827200,0.51587002,0.33701179
1727841600,0.50044339,0.33704886
1727856000,0.51315379,0.33752512
1727870400,0.51445960,0.33725272
1727884800,0.53069671,0.32402572
1727899200,0.52396331,0.32319605
1727913600,0.52559161,0.31986572
1727928000,0.52370404,0.31870256
1727942400,0.51718644,0.31872143
1727956800,0.50992954,0.31879942
1727971200,0.51280357,0.31806063
1727985600,0.50697538,0.31783359
1728000000,0.50136542,0.32107191
1728014400,0.50890166,0.31995159
1728028800,0.49613899,0.31996157
1728043200,0.50751572,0.31952731
1728057600,0.51240128,0.31918332
1728072000,0.51027146,0.31860074
1728086400,0.50663110,0.31871275
1728100800,0.50383397,0.31916299
1728115200,0.49655366,0.31922765
1728129600,0.48510225,0.31930657
1728144000,0.49336768,0.32103637
1728158400,0.49157056,0.32076024
1728172800,0.48867991,0.32114170
1728187200,0.48171677,0.32288346
1728201600,0.46791430,0.32285854
1728216000,0.48210855,0.32347912
1728230400,0.46586978,0.32454538
1728244800,0.46715662,0.32467425
1728259200,0.48064019,0.40159025
1728273600,0.46552262,0.40398904
1728288000,0.47658436,0.40568083
1728302400,0.48213814,0.40448446
1728316800,0.48064403,0.40959463
1728331200,0.49638549,0.40513252
1728345600,0.49205224,0.40532731
1728360000,0.49035861,0.40518960
1728374400,0.48743718,0.40491772
1728388800,0.48731767,0.40915768
1728403200,0.46930362,0.40973795
1728417600,0.47493773,0.41068246
1728432000,0.47832511,0.41039621
1728446400,0.47340270,0.41051105
1728460800,0.46894460,0.41059908
1728475200,0.46963342,0.41110255
1728489600,0.50533302,0.40508155
1728504000,0.49932342,0.40504795
1728518400,0.49660335,0.40495597
1728532800,0.48799060,0.40501785
1728547200,0.49844657,0.40450784
1728561600,0.49435105,0.40362691
1728576000,0.50695824,0.39916772
1728590400,0.50637484,0.39838543
1728604800,0.50305108,0.39865025
1728619200,0.49203327,0.40495809
1728633600,0.50249325,0.40681705
1728648000,0.50777381,0.40214981
1728662400,0.50775282,0.39992031
1728676800,0.50653094,0.39998303
1728691200,0.49302478,0.40297537
1728705600,0.49987880,0.40321766
1728720000,0.49630670,0.40551478
1728734400,0.49608112,0.41333645
1728748800,0.49021156,0.42181029
1728763200,0.49184921,0.43352812
1728777600,0.50150325,0.43312328
1728792000,0.49405587,0.43448074
1728806400,0.49001343,0.44070806
1728820800,0.49181419,0.44074586
1728835200,0.49588036,0.44775815
1728849600,0.48773559,0.44859719
1728864000,0.51466475,0.44309971
1728878400,0.50612149,0.44269639
1728892800,0.49838700,0.44264581
1728907200,0.50935933,0.47730893
1728921600,0.48994595,0.48499718
1728936000,0.49532303,0.48495895
1728950400,0.50524377,0.48385748
1728964800,0.49357658,0.48461015
1728979200,0.48819565,0.48517614
1728993600,0.49559060,0.50235971
1729008000,0.50386040,0.50327073
1729022400,0.49030527,0.51005756
1729036800,0.47996954,0.51116808
1729051200,0.49319609,0.51156162
1729065600,0.50841377,0.51514398
1729080000,0.49545589,0.51713861
1729094400,0.48230563,0.52229238
1729108800,0.49234008,0.52276859
1729123200,0.48566549,0.52287035
1729137600,0.48991480,0.52272244
1729152000,0.49457782,0.52228420
1729166400,0.50204380,0.52174329
1729180800,0.49703327,0.52069149
1729195200,0.49779765,0.52014405
1729209600,0.48742469,0.52026206
1729224000,0.49052631,0.51999688
1729238400,0.48751803,0.51983743
1729252800,0.50200646,0.51740700
1729267200,0.48636614,0.51740598
1729281600,0.48750526,0.51741267
1729296000,0.47839295,0.51845900
1729310400,0.48261951,0.51994539
1729324800,0.47575620,0.52255960
1729339200,0.47236717,0.52797864
1729353600,0.47061647,0.53157079
1729368000,0.47588082,0.53154713
1729382400,0.46817034,0.53279014
1729396800,0.46861590,0.53273483
1729411200,0.46163352,0.53274024
1729425600,0.46920077,0.53342939
1729440000,0.46468310,0.53418248
1729454400,0.47787264,0.53458307
1729468800,0.46710982,0.53464499
1729483200,0.47356861,0.53502887
1729497600,0.46700736,0.53530367
1729512000,0.47891119,0.53537954
1729526400,0.47623791,0.53562388
1729540800,0.47519354,0.53543918
1729555200,0.45938793,0.53735260
1729569600,0.44809573,0.53971959
1729584000,0.45486572,0.54086915
1729598400,0.44801057,0.54257744
1729612800,0.45455415,0.54417519
1729627200,0.45036224,0.54440333
1729641600,0.45993633,0.54439159
1729656000,0.45857814,0.54438688
1729670400,0.46676830,0.54392347
1729684800,0.46141608,0.54388324
1729699200,0.46304037,0.54393007
1729713600,0.46342619,0.54384121
1729728000,0.47285267,0.54304870
1729742400,0.46374199,0.54303259
1729756800,0.46402641,0.54300156
1729771200,0.46952909,0.54260975
1729785600,0.47567405,0.54263437
1729800000,0.46004088,0.54265372
1729814400,0.46783833,0.54288108
1729828800,0.46678105,0.54235337
1729843200,0.47066158,0.54296056
1729857600,0.46974585,0.54464897
1729872000,0.47902336,0.54345762
1729886400,0.47126790,0.54629938
1729900800,0.47261409,0.54617583
1729915200,0.46639015,0.54620562
1729929600,0.46844064,0.54619724
1729944000,0.47049022,0.55166765
1729958400,0.47136930,0.55357266
1729972800,0.46409987,0.55702966
1729987200,0.46631547,0.55945037
1730001600,0.46187245,0.55998648
1730016000,0.46017169,0.56269677
1730030400,0.47734748,0.56204627
1730044800,0.46120912,0.56373553
1730059200,0.46678283,0.56377442
1730073600,0.45300982,0.56408296
1730088000,0.46412525,0.56391124
1730102400,0.45602968,0.56370112
1730116800,0.45661083,0.56966594
1730131200,0.47640934,0.56835723
1730145600,0.47167778,0.56856756
1730160000,0.48134724,0.56659454
1730174400,0.46524823,0.56666954
1730188800,0.47201543,0.56628778
1730203200,0.48234926,0.56465606
1730217600,0.47463801,0.56457843
1730232000,0.46985109,0.56489164
1730246400,0.47881377,0.56542992
1730260800,0.46279617,0.56651626
1730275200,0.47062670,0.56920876
1730289600,0.46655810,0.56998522
1730304000,0.46932845,0.57052498
1730318400,0.47517869,0.57002926
1730332800,0.46051473,0.57066244
1730347200,0.45937666,0.57067298
1730361600,0.46574613,0.57101556
1730376000,0.50143864,0.56573206
1730390400,0.49682650,0.56531290
1730404800,0.49055193,0.56556806
1730419200,0.50210488,0.56371986
1730433600,0.49068578,0.56371364
1730448000,0.49448353,0.56302167
1730462400,0.49638533,0.56195230
1730476800,0.47638844,0.56198115
1730491200,0.48280967,0.56188746
1730505600,0.47665062,0.56242107
1730520000,0.47451560,0.56265722
1730534400,0.46900894,0.56325649
1730548800,0.47038898,0.56740297
1730563200,0.46444753,0.56940942
1730577600,0.46781887,0.56934852
1730592000,0.48781401,0.56749263
1730606400,0.47097194,0.56786349
1730620800,0.47446836,0.56816849
1730635200,0.48006979,0.56852782
1730649600,0.48703285,0.56788094
1730664000,0.47271737,0.56812534
1730678400,0.48070078,0.56793753
1730692800,0.46589221,0.56825689
1730707200,0.45926973,0.56831007
1730721600,0.45569581,0.56855329
1730736000,0.46488736,0.56951800
1730750400,0.44962600,0.57176587
1730764800,0.45633326,0.59116365
1730779200,0.46027260,0.59115275
1730793600,0.44733125,0.59140554
1730808000,0.46376139,0.59117288
1730822400,0.46557048,0.59586022
1730836800,0.46324217,0.60034849
1730851200,0.57056856,0.55126437
1730865600,0.56330964,0.54968324
1730880000,0.56458505,0.54795340
1730894400,0.54707263,0.54956331
1730908800,0.56855137,0.55043749
1730923200,0.54861888,0.55339837
1730937600,0.55502687,0.55307837
1730952000,0.55080996,0.55293787
1730966400,0.54361854,0.55297372
1730980800,0.55974849,0.54962740
1730995200,0.55510210,0.54930257
1731009600,0.55697625,0.54858585
1731024000,0.54489490,0.54859197
1731038400,0.55258804,0.54851883
1731052800,0.54621846,0.54842878
1731067200,0.55012647,0.54808176
1731081600,0.55011019,0.54757045
1731096000,0.54977110,0.54830318
1731110400,0.54509363,0.55247336
1731124800,0.54384449,0.55265938
1731139200,0.53714373,0.55517716
1731153600,0.53824250,0.55522550
1731168000,0.46870466,0.55587691
1731182400,0.47491737,0.55549293
1731196800,0.47280451,0.55522878
1731211200,0.49690858,0.55073504
1731225600,0.49083424,0.54901318
1731240000,0.48404144,0.55415179
1731254400,0.47332689,0.55422827
1731268800,0.48924809,0.55395970
1731283200,0.49590862,0.55257234
1731297600,0.48165921,0.55229028
1731312000,0.49075860,0.55166840
1731326400,0.50878937,0.55028276
1731340800,0.52264846,0.54431000
1731355200,0.53796980,0.53493602
1731369600,0.53069122,0.53454598
1731384000,0.53408196,0.53370508
1731398400,0.54314620,0.52837928
1731412800,0.53558194,0.53044875
1731427200,0.54827603,0.52988723
1731441600,0.54376535,0.52951601
1731456000,0.54533164,0.52860178
1731470400,0.53722124,0.52868079
1731484800,0.53861953,0.52860408
1731499200,0.58111837,0.49513134
1731513600,0.58075384,0.49054524
1731528000,0.56217915,0.49050348
1731542400,0.55137924,0.49078521
1731556800,0.54564958,0.48993889
1731571200,0.53717770,0.48924969
1731585600,0.57623264,0.47034266
1731600000,0.56392269,0.46689994
1731614400,0.56721874,0.45945171
1731628800,0.55601878,0.45839894
1731643200,0.54798827,0.45784427
1731657600,0.55726514,0.45200262
1731672000,0.55077699,0.44965124
1731686400,0.55564211,0.44388600
1731700800,0.54549324,0.44492015
1731715200,0.53844871,0.44483994
1731729600,0.53197937,0.44503178
1731744000,0.52715652,0.44684076
1731758400,0.52254347,0.45407008
1731772800,0.52012766,0.45364574
1731787200,0.51877504,0.45352861
1731801600,0.51582162,0.45429511
1731816000,0.51361639,0.45412061
1731830400,0.51009939,0.45410640
1731844800,0.50874306,0.45393088
1731859200,0.50522599,0.45388589
1731873600,0.50304744,0.45394819
1731888000,0.50832041,0.45506867
1731902400,0.51330926,0.45355692
1731916800,0.52186081,0.45090620
1731931200,0.53693785,0.44488297
1731945600,0.53808678,0.44350044
1731960000,0.52642076,0.45287684
1731974400,0.52547750,0.45274245
1731988800,0.51833837,0.45290537
1732003200,0.51250107,0.45365223
1732017600,0.51132588,0.45657447
1732032000,0.51152540,0.47132100
1732046400,0.51189173,0.47028047
1732060800,0.50717161,0.47040156
1732075200,0.50854398,0.47014482
1732089600,0.50658403,0.50561772
1732104000,0.51422027,0.52716091
1732118400,0.51063887,0.52649156
1732132800,0.50609227,0.52688874
1732147200,0.51348317,0.52507954
1732161600,0.51923909,0.52547590
1732176000,0.51628121,0.52477833
1732190400,0.51822239,0.52369761
1732204800,0.51938155,0.52203660
1732219200,0.51234259,0.52177962
1732233600,0.51431286,0.52157466
1732248000,0.51084998,0.52225050
1732262400,0.50648647,0.52320086
1732276800,0.49776351,0.52680275
1732291200,0.49744914,0.52706863
1732305600,0.49350663,0.52722765
1732320000,0.49137471,0.52795700
1732334400,0.48895074,0.52843813
1732348800,0.48738626,0.52881743
1732363200,0.48049394,0.53844768
1732377600,0.49822557,0.53760816
1732392000,0.49438843,0.54189482
1732406400,0.49790817,0.54187702
1732420800,0.49554383,0.54185722
1732435200,0.50623134,0.54040407
1732449600,0.51243974,0.55570568
1732464000,0.50811228,0.55594772
1732478400,0.51827402,0.55430697
1732492800,0.50943351,0.55482997
1732507200,0.50776594,0.55479050
1732521600,0.50295805,0.55480203
1732536000,0.52520652,0.54963038
1732550400,0.52271068,0.54779297
1732564800,0.52825067,0.54440033
1732579200,0.52928144,0.54196527
1732593600,0.52490387,0.54314253
1732608000,0.52728424,0.54536061
1732622400,0.52126002,0.54513230
1732636800,0.52208061,0.54337938
1732651200,0.51471314,0.54342082
1732665600,0.51476631,0.54341790
1732680000,0.51341466,0.54428317
1732694400,0.50816035,0.54817651
1732708800,0.52899767,0.54869190
1732723200,0.52473043,0.54758900
1732737600,0.52186744,0.54715734
1732752000,0.51763620,0.54711240
1732766400,0.51539538,0.54706195
1732780800,0.50488885,0.54714343
1732795200,0.50205330,0.54695034
1732809600,0.49463790,0.54730561
1732824000,0.49808300,0.54702916
1732838400,0.50530399,0.54598291
1732852800,0.50895851,0.54487251
1732867200,0.51859012,0.54195356
1732881600,0.51645742,0.54137075
1732896000,0.51521020,0.54181957
1732910400,0.50958553,0.54184251
1732924800,0.51132769,0.54117796
1732939200,0.50169225,0.54116405
1732953600,0.50607340,0.54077467
1732968000,0.50162335,0.54478404
1732982400,0.50278012,0.55119573
1732996800,0.50186709,0.55391452
1733011200,0.49657148,0.55405863
1733025600,0.49310400,0.55423362
1733040000,0.50106574,0.55608340
1733054400,0.49361845,0.55778771
1733068800,0.48981060,0.55965094
1733083200,0.48616395,0.56011069
1733097600,0.50086148,0.55966996
1733112000,0.49885098,0.55934346
1733126400,0.50582284,0.55870961
1733140800,0.52363278,0.55558670
1733155200,0.52586072,0.55355731
1733169600,0.51595304,0.55355340
1733184000,0.51898065,0.55367128
1733198400,0.52081798,0.55408505
1733212800,0.51084713,0.55465389
1733227200,0.50312687,0.55421781
1733241600,0.50103836,0.55496598
1733256000,0.50393203,0.55480896
1733270400,0.49667202,0.55480224
1733284800,0.50556224,0.55469446
1733299200,0.49982390,0.55476611
1733313600,0.50279420,0.55526420
1733328000,0.51630089,0.55413309
1733342400,0.52214527,0.55199906
1733356800,0.54541337,0.53084773
1733371200,0.54011382,0.52979359
1733385600,0.53757681,0.52964047
1733400000,0.53915516,0.52837792
1733414400,0.54348369,0.52270028
1733428800,0.53452543,0.51733851
1733443200,0.53063325,0.51663513
1733457600,0.52817011,0.51644989
1733472000,0.52136666,0.51684830
1733486400,0.52521627,0.51532149
1733500800,0.52739010,0.50997772
1733515200,0.52970859,0.50681259
1733529600,0.52535677,0.50718503
1733544000,0.52078237,0.50727867
1733558400,0.52049971,0.50725510
1733572800,0.50877718,0.51727749
1733587200,0.48885914,0.51728306
1733601600,0.48226720,0.51740944
1733616000,0.48019994,0.51767003
1733630400,0.48287089,0.51761342
1733644800,0.47791216,0.51827780
1733659200,0.47995901,0.52798588
1733673600,0.50130587,0.53061746
1733688000,0.51700921,0.52974506
1733702400,0.52898684,0.52552991
1733716800,0.52487159,0.52614512
1733731200,0.52711349,0.52387848
1733745600,0.51825048,0.52394278
1733760000,0.52063901,0.52520443
1733774400,0.51439836,0.52601157
1733788800,0.51569326,0.52711890
1733803200,0.50769540,0.52778291
1733817600,0.50465047,0.52742857
1733832000,0.51759330,0.52266363
1733846400,0.51227813,0.52929205
1733860800,0.51560150,0.52918083
1733875200,0.51747647,0.53003732
1733889600,0.51199676,0.53072255
1733904000,0.51421754,0.53001163
1733918400,0.52544382,0.52744955
1733932800,0.52329246,0.52999427
1733947200,0.51613446,0.53039315
1733961600,0.51725373,0.53075449
1733976000,0.52149098,0.53043039
1733990400,0.51046341,0.53055024
1734004800,0.52171442,0.52813306
1734019200,0.52972042,0.52209682
1734033600,0.52667134,0.52184373
1734048000,0.52292114,0.52173515
1734062400,0.52347963,0.52171184
1734076800,0.52024878,0.52165884
1734091200,0.51208449,0.52240260
1734105600,0.52344315,0.51992491
1734120000,0.51519303,0.51994124
1734134400,0.52164635,0.51952743
1734148800,0.51517970,0.51997821
1734163200,0.51464910,0.52967986
1734177600,0.50349101,0.53185399
1734192000,0.50677071,0.53176960
1734206400,0.49995668,0.53820705
1734220800,0.50260830,0.53821328
1734235200,0.49292525,0.53820657
1734249600,0.50649039,0.54061346
1734264000,0.50070384,0.54061643
1734278400,0.50493379,0.54043809
1734292800,0.51146804,0.53909124
1734307200,0.50716832,0.53975223
1734321600,0.50416306,0.53956150
1734336000,0.50170714,0.53840998
1734350400,0.51915670,0.53800566
1734364800,0.51285610,0.53871110
1734379200,0.51526367,0.53879850
1734393600,0.51200842,0.53917240
1734408000,0.50657402,0.53927520
1734422400,0.49352701,0.53967495
1734436800,0.49674323,0.53957139
1734451200,0.49063164,0.54103972
1734465600,0.48767428,0.54114722
1734480000,0.50370536,0.54039181
1734494400,0.50195845,0.54041112
1734508800,0.50386790,0.54054643
1734523200,0.50435930,0.54338665
1734537600,0.51114442,0.54443432
1734552000,0.52092761,0.53939373
1734566400,0.51944382,0.53850431
1734580800,0.51727523,0.53894825
1734595200,0.51908162,0.53893377
1734609600,0.52198114,0.53671368
1734624000,0.53021568,0.52306837
1734638400,0.52446265,0.52299176
1734652800,0.52489297,0.52300048
1734667200,0.52405328,0.52250348
1734681600,0.54240907,0.48854024
1734696000,0.54663074,0.46335199
1734710400,0.53954480,0.46461248
1734724800,0.54248797,0.48947948
1734739200,0.54100371,0.48958075
1734753600,0.53995886,0.51783309
1734768000,0.52685622,0.51854005
1734782400,0.52809658,0.52867054
1734796800,0.52526995,0.53039339
1734811200,0.52081999,0.53260676
1734825600,0.51829201,0.53315313
1734840000,0.52184667,0.53335789
1734854400,0.52315214,0.53556321
1734868800,0.52985652,0.53199629
1734883200,0.52794847,0.54112243
1734897600,0.52729816,0.54168151
1734912000,0.52866883,0.54123913
1734926400,0.52727192,0.54096510
1734940800,0.51979179,0.54058215
1734955200,0.53434081,0.53175412
1734969600,0.52835591,0.53191056
1734984000,0.53561092,0.52847311
1734998400,0.52680075,0.52974916
1735012800,0.51644813,0.52978273
1735027200,0.51133482,0.53026279
1735041600,0.53229201,0.52326440
1735056000,0.52732083,0.52492946
1735070400,0.52829265,0.52365573
1735084800,0.52755035,0.52310137
1735099200,0.52263214,0.52440700
1735113600,0.49916444,0.52450031
1735128000,0.50177997,0.52426467
1735142400,0.49884790,0.52395892
1735156800,0.49626660,0.52470973
1735171200,0.49664101,0.52471523
1735185600,0.50368452,0.52355953
1735200000,0.51041554,0.51838736
1735214400,0.50618854,0.51830541
1735228800,0.50165091,0.51832630
1735243200,0.50598703,0.51828327
1735257600,0.50651141,0.51786105
1735272000,0.50298834,0.51581574
1735286400,0.50875694,0.51167335
1735300800,0.51340816,0.50428150
1735315200,0.50721039,0.50425744
1735329600,0.50920318,0.51050821
1735344000,0.50769732,0.51221298
1735358400,0.50039741,0.51870741
1735372800,0.48941489,0.51861685
1735387200,0.48923737,0.52485778
1735401600,0.49182131,0.52694829
1735416000,0.49000436,0.53342140
1735430400,0.48916367,0.53371562
1735444800,0.48737373,0.53372183
1735459200,0.48870863,0.53364493
1735473600,0.48918988,0.53337109
1735488000,0.49645245,0.53236332
1735502400,0.49246041,0.53365515
1735516800,0.48772591,0.53424016
1735531200,0.48665581,0.53478759
1735545600,0.48885024,0.53479809
1735560000,0.50198015,0.53095530
1735574400,0.50893979,0.52689303
1735588800,0.50967126,0.52362982
1735603200,0.50522888,0.52574039
1735617600,0.50313836,0.52555043
1735632000,0.50624725,0.52314180
1735646400,0.50406537,0.52138761
1735660800,0.50395009,0.51936243
1735675200,0.50272711,0.51967633
1735689600,0.50101576,0.51973410
1735704000,0.49738997,0.51972285
1735718400,0.49595555,0.51995256
1735732800,0.49794013,0.51914602
1735747200,0.49321170,0.52941501
1735761600,0.48942334,0.52943275
1735776000,0.49491631,0.52926325
1735790400,0.49852805,0.52844207
1735804800,0.49790226,0.52752599
1735819200,0.49551141,0.52743111
1735833600,0.49035946,0.52674520
1735848000,0.48702598,0.52772689
1735862400,0.48105889,0.53019744
1735876800,0.48571553,0.52978831
1735891200,0.48018686,0.53025648
1735905600,0.48033856,0.52966084
1735920000,0.48421175,0.52989069
1735934400,0.48156800,0.52998381
1735948800,0.47129202,0.54685753
1735963200,0.47072989,0.54895933
1735977600,0.47200523,0.54885551
1735992000,0.46438057,0.56497403
1736006400,0.46771573,0.57357728
1736020800,0.46191088,0.57383983
1736035200,0.46180363,0.57431202
1736049600,0.45793162,0.57913370
1736064000,0.46797149,0.57906162
1736078400,0.46631318,0.57903785
1736092800,0.46022958,0.57928323
1736107200,0.46418376,0.58058557
1736121600,0.46913178,0.58013134
1736136000,0.46539398,0.58005943
1736150400,0.46088781,0.58013484
1736164800,0.49338874,0.57120984
1736179200,0.48658514,0.57165708
1736193600,0.48664693,0.57217920
1736208000,0.48741429,0.57261923
1736222400,0.48131229,0.57333451
1736236800,0.47795460,0.57328290
1736251200,0.49846340,0.56716275
1736265600,0.49867145,0.56663955
1736280000,0.49509022,0.56680650
1736294400,0.49472103,0.56749107
1736308800,0.49752316,0.56722764
1736323200,0.49104932,0.56794218
1736337600,0.48570524,0.56814393
1736352000,0.49357093,0.56861486
1736366400,0.49352607,0.56791038
1736380800,0.49501820,0.56670501
1736395200,0.49470214,0.56625968
1736409600,0.49039650,0.56622513
1736424000,0.49346565,0.56564196
1736438400,0.50345655,0.55998311
1736452800,0.49883850,0.55955518
1736467200,0.50189379,0.55873541
1736481600,0.49769768,0.55813822
1736496000,0.49710574,0.55797315
1736510400,0.49756152,0.55588570
1736524800,0.50092953,0.55311569
1736539200,0.49698326,0.55295436
1736553600,0.48305663,0.55268714
1736568000,0.47802915,0.55312622
1736582400,0.48045115,0.55304173
1736596800,0.47918784,0.55322066
1736611200,0.47884697,0.55321673
1736625600,0.47973025,0.55307028
1736640000,0.47615688,0.55312671
1736654400,0.47950845,0.55344953
1736668800,0.47688431,0.55346096
1736683200,0.48077861,0.55399089
1736697600,0.47967286,0.55826028
1736712000,0.47752405,0.55887211
1736726400,0.47858728,0.55904861
1736740800,0.47999236,0.55922656
1736755200,0.48320152,0.54998133
1736769600,0.48247744,0.54798122
1736784000,0.47870954,0.55011380
1736798400,0.48414762,0.54436307
1736812800,0.48134143,0.54436147
1736827200,0.47796447,0.54694490
1736841600,0.48321096,0.54349745
1736856000,0.47902609,0.54349151
1736870400,0.47870265,0.54360158
1736884800,0.47712257,0.54462456
1736899200,0.48179308,0.54426986
1736913600,0.47699580,0.54431773
1736928000,0.48107123,0.54403980
1736942400,0.48460800,0.53794060
1736956800,0.48317833,0.53825575
1736971200,0.48279281,0.53799479
1736985600,0.48371959,0.53685892
1737000000,0.48186440,0.53690051
1737014400,0.48261092,0.53656595
1737028800,0.48039217,0.53654823
1737043200,0.48378925,0.53508793
1737057600,0.48229289,0.53485716
1737072000,0.48227891,0.53365211
1737086400,0.48061203,0.53353622
1737100800,0.48153082,0.53295459
1737115200,0.48218150,0.52995133
1737129600,0.48302263,0.52645055
1737144000,0.48339904,0.52465417
1737158400,0.48108955,0.52437832
1737172800,0.48177629,0.52378387
1737187200,0.48186246,0.52314568
1737201600,0.48233806,0.52227436
1737216000,0.47970839,0.52225003
1737230400,0.47886396,0.52232859
1737244800,0.48075797,0.52234766
1737259200,0.47848312,0.52301459
1737273600,0.48114639,0.52233501
1737288000,0.48081110,0.52194674
1737302400,0.48135519,0.52360984
1737316800,0.48196440,0.50307321
1737331200,0.47951690,0.50283701
1737345600,0.48146055,0.47055394
1737360000,0.47975166,0.46989540
1737374400,0.48075385,0.45797041
1737388800,0.47981653,0.45594618
1737403200,0.47989221,0.45364024
1737417600,0.47926104,0.45314187
1737432000,0.47954094,0.45201449
1737446400,0.48020594,0.44828108
1737460800,0.47744910,0.44841125
1737475200,0.48067602,0.44017297
1737489600,0.47932678,0.43925162
1737504000,0.47884496,0.43890132
1737518400,0.47869148,0.43863027
1737532800,0.47618273,0.43892388
1737547200,0.47940915,0.43834633
1737561600,0.47870091,0.44912916
1737576000,0.47951260,0.44909191
1737590400,0.47976067,0.44720573
1737604800,0.47793923,0.44714508
1737619200,0.47919287,0.44659910
1737633600,0.48090683,0.43319012
1737648000,0.47998566,0.43060480
1737662400,0.47814333,0.43058954
1737676800,0.47693496,0.43061891
1737691200,0.48053913,0.42903881
1737705600,0.47946712,0.42911099
1737720000,0.47983427,0.42948319
1737734400,0.47835536,0.42959598
1737748800,0.48055209,0.42892194
1737763200,0.47971349,0.42982729
1737777600,0.48048007,0.42935330
1737792000,0.47976976,0.42927544
1737806400,0.47967605,0.43243598
1737820800,0.47919766,0.43262871
1737835200,0.48002908,0.44165420
1737849600,0.48010096,0.44209666
1737864000,0.47841216,0.45469464
1737878400,0.47946605,0.45469594
1737892800,0.47925244,0.46172904
1737907200,0.47910185,0.46258001
1737921600,0.48196719,0.45633237
1737936000,0.48122195,0.45440178
1737950400,0.48212898,0.44699409
1737964800,0.47973627,0.44695212
1737979200,0.48189021,0.44147199
1737993600,0.48331917,0.46347469
1738008000,0.48429730,0.45621235
1738022400,0.48338060,0.45762440
1738036800,0.48249256,0.45947953
1738051200,0.48175150,0.45978964
1738065600,0.48154461,0.46237258
1738080000,0.48346880,0.46572371
1738094400,0.48415897,0.46484043
1738108800,0.48389721,0.49744363
1738123200,0.48389577,0.49984119
1738137600,0.48303252,0.50308434
1738152000,0.48384400,0.52387378
1738166400,0.48468970,0.52137154
1738180800,0.48311344,0.52137112
1738195200,0.48481876,0.52057750
1738209600,0.48313374,0.52100337
1738224000,0.48365666,0.52096333
1738238400,0.48313544,0.52092360
1738252800,0.48226194,0.52158913
1738267200,0.48307832,0.52136574
1738281600,0.48256083,0.52127077
1738296000,0.48072013,0.52151624
1738310400,0.48114112,0.52124795
1738324800,0.47947153,0.52346877
1738339200,0.48277080,0.56408785
1738353600,0.48070449,0.56487611
1738368000,0.48086164,0.56785929
1738382400,0.48056930,0.56798349
1738396800,0.48073046,0.56807214
1738411200,0.48063887,0.57699795
1738425600,0.48167462,0.60283772
1738440000,0.48210795,0.60235309
1738454400,0.48268032,0.60712696
1738468800,0.48184632,0.60782494
1738483200,0.48177738,0.60805055
1738497600,0.48147760,0.60915475
1738512000,0.48192579,0.64410699
1738526400,0.48151886,0.64494088
1738540800,0.48506566,0.63095654
1738555200,0.48458643,0.62985435
1738569600,0.48328161,0.63565060
1738584000,0.48656722,0.62379992
1738598400,0.48695712,0.61818432
1738612800,0.48587669,0.61874861
1738627200,0.48609255,0.61943048
1738641600,0.48712090,0.61500101
1738656000,0.48568970,0.61473084
1738670400,0.48560386,0.61490332
1738684800,0.48580536,0.62103329
1738699200,0.48645335,0.62221490
1738713600,0.49225794,0.63291662
1738728000,0.49260966,0.63522660
1738742400,0.49245798,0.63558233
1738756800,0.49288252,0.63587468
1738771200,0.49339102,0.63598204
1738785600,0.49251188,0.63654911
1738800000,0.49191810,0.63686633
1738814400,0.49154365,0.63628902
1738828800,0.49123572,0.63585006
1738843200,0.49040233,0.63354528
1738857600,0.48904915,0.63184125
1738872000,0.48915532,0.63147481
1738886400,0.48910869,0.63071054
1738900800,0.48742758,0.63023918
1738915200,0.48648679,0.63050890
1738929600,0.48724397,0.63545174
1738944000,0.48667138,0.63366135
1738958400,0.48625313,0.63890434
1738972800,0.48651281,0.64141965
1738987200,0.48666783,0.64128610
1739001600,0.48713369,0.64326304
1739016000,0.48900363,0.66024010
1739030400,0.48797082,0.66107743
1739044800,0.48849095,0.66138082
1739059200,0.48754098,0.66201498
1739073600,0.48780864,0.66315021
1739088000,0.48738347,0.66518980
1739102400,0.48825718,0.66559450
1739116800,0.48752601,0.67026606
1739131200,0.48818110,0.67012363
1739145600,0.48812184,0.67090690
1739160000,0.48687712,0.67068394
1739174400,0.48626224,0.67100207
1739188800,0.48601655,0.67297107
1739203200,0.48617962,0.67491805
1739217600,0.48640371,0.67559790
1739232000,0.48643085,0.67556469
1739246400,0.48522648,0.67544051
1739260800,0.48437891,0.67546085
1739275200,0.48300903,0.67929801
1739289600,0.48336826,0.67649789
1739304000,0.48361477,0.67717802
1739318400,0.48385323,0.67775454
1739332800,0.48380472,0.67729195
1739347200,0.48450851,0.67876518
1739361600,0.48607824,0.68130052
1739376000,0.48522612,0.67959118
1739390400,0.48541118,0.67957457
1739404800,0.48577324,0.67975877
1739419200,0.48522062,0.67819851
1739433600,0.49710479,0.67827491
1739448000,0.49674697,0.67833420
1739462400,0.49531154,0.67823760
1739476800,0.49495674,0.67742020
1739491200,0.49422974,0.67715080
1739505600,0.49506054,0.67711693
1739520000,0.49494967,0.68127359
1739534400,0.49483729,0.68227132
1739548800,0.49418787,0.68149954
1739563200,0.49475832,0.68164612
1739577600,0.49547708,0.68316669
1739592000,0.49439440,0.68307516
1739606400,0.49252314,0.68302665
1739620800,0.49158530,0.68302927
1739635200,0.49013015,0.68403011
1739649600,0.49042994,0.68426696
1739664000,0.48932386,0.68521682
1739678400,0.48782537,0.68514002
1739692800,0.48699081,0.68551264
1739707200,0.48691247,0.68654040
1739721600,0.48778848,0.68716537
1739736000,0.48637092,0.68656471
1739750400,0.48825367,0.68667207
1739764800,0.48794075,0.68666780
1739779200,0.48819684,0.68731871
1739793600,0.48562727,0.68809180
1739808000,0.48369788,0.68861775
1739822400,0.48348237,0.69087602
1739836800,0.48400148,0.69170966
1739851200,0.48563985,0.69116967
1739865600,0.48495045,0.69122302
1739880000,0.48525119,0.69196363
1739894400,0.48848355,0.69015767
1739908800,0.49165825,0.68782866
1739923200,0.49396844,0.68791001
1739937600,0.49437206,0.68835257
1739952000,0.49270441,0.68789549
1739966400,0.49255269,0.68801585
1739980800,0.49109712,0.68820008
1739995200,0.49099183,0.68802404
1740009600,0.49140378,0.68791687
1740024000,0.49126360,0.68788940
1740038400,0.49054502,0.68781035
1740052800,0.48996578,0.68772775
1740067200,0.49240626,0.68559292
1740081600,0.49464367,0.68571179
1740096000,0.49449964,0.68588847
1740110400,0.49566409,0.68589155
1740124800,0.49345350,0.68588198
1740139200,0.49104399,0.68596919
1740153600,0.50528095,0.67884721
1740168000,0.50697307,0.67957241
1740182400,0.50927737,0.67980350
1740196800,0.51068981,0.67993361
1740211200,0.50709636,0.68062695
1740225600,0.50139947,0.68112262
1740240000,0.49524925,0.68112797
1740254400,0.49449774,0.68178276
1740268800,0.49426397,0.68280375
1740283200,0.49248548,0.68280209
1740297600,0.49484482,0.68372166
1740312000,0.49738398,0.68345856
1740326400,0.49857840,0.68349301
1740340800,0.49887269,0.68377340
1740355200,0.50018004,0.68318762
1740369600,0.50104263,0.68421953
1740384000,0.50033255,0.68425967
1740398400,0.50137410,0.68370773
1740412800,0.50293395,0.68362435
1740427200,0.50666708,0.67789622
1740441600,0.50844938,0.67815138
1740456000,0.51157326,0.66984840
1740470400,0.51198619,0.67007485
1740484800,0.51121470,0.66523660
1740499200,0.51181438,0.66463812
1740513600,0.51205321,0.66405447
1740528000,0.51099657,0.66422335
1740542400,0.51137533,0.66702467
1740556800,0.50776673,0.66700749
1740571200,0.50678631,0.66731850
1740585600,0.51542938,0.65032578
1740600000,0.51817146,0.65057586
1740614400,0.51746305,0.64938222
1740628800,0.51777512,0.64830530
1740643200,0.51874681,0.65092032
1740657600,0.51382325,0.64921732
1740672000,0.51500453,0.64673991
1740686400,0.51574168,0.64628030
1740700800,0.52105315,0.62127300
1740715200,0.52271598,0.61887266
1740729600,0.52299156,0.61620510
1740744000,0.52398093,0.59845373
1740758400,0.52655890,0.59822125
1740772800,0.52515149,0.59825960
1740787200,0.52255391,0.59803003
1740801600,0.52247564,0.59787192
1740816000,0.51774412,0.59796153
1740830400,0.51715994,0.60004137
1740844800,0.51617305,0.60085411
1740859200,0.51517028,0.60037514
1740873600,0.50608852,0.60055428
1740888000,0.50552827,0.60067532
1740902400,0.50762667,0.60096872
1740916800,0.50556103,0.60109037
1740931200,0.50461819,0.55359918
1740945600,0.50720934,0.55285256
1740960000,0.50635780,0.55035631
1740974400,0.50834869,0.55024981
1740988800,0.50852334,0.55018672
1741003200,0.50422549,0.54763700
1741017600,0.50460693,0.51891371
1741032000,0.50708925,0.54783858
1741046400,0.50546003,0.54179294
1741060800,0.50726282,0.54080274
1741075200,0.50711826,0.54011030
1741089600,0.50565025,0.54037214
1741104000,0.50401173,0.49657910
1741118400,0.50604673,0.49724130
1741132800,0.50692177,0.49710607
1741147200,0.50626286,0.49838196
1741161600,0.50494362,0.49364353
1741176000,0.50408308,0.49056387
1741190400,0.50414012,0.48950929
1741204800,0.50487671,0.48851628
1741219200,0.50467849,0.48719222
1741233600,0.50581111,0.48710939
1741248000,0.50921981,0.48712790
1741262400,0.50510268,0.48769852
1741276800,0.50424691,0.47962043
1741291200,0.50490999,0.47725011
1741305600,0.50440875,0.46293220
1741320000,0.50562572,0.45990265
1741334400,0.50745690,0.45936841
1741348800,0.50741306,0.45905269
1741363200,0.50709830,0.47583924
1741377600,0.50565217,0.47712731
1741392000,0.50547597,0.47713888
1741406400,0.50700808,0.49072987
1741420800,0.50908430,0.49587050
1741435200,0.50809818,0.50189658
1741449600,0.50873470,0.50208060
1741464000,0.50978875,0.50416359
1741478400,0.50865509,0.50504827
1741492800,0.50872833,0.50530610
1741507200,0.50745674,0.50419473
1741521600,0.50762196,0.50172955
1741536000,0.50959882,0.50695959
1741550400,0.50779949,0.50077363
1741564800,0.50823437,0.50075434
1741579200,0.51018385,0.51464628
1741593600,0.52168643,0.51625904
1741608000,0.51802127,0.49636734
1741622400,0.51958747,0.54122556
1741636800,0.51995972,0.54098732
1741651200,0.51984552,0.54045629
1741665600,0.51968592,0.53903998
1741680000,0.52058157,0.53634834
1741694400,0.52073222,0.55231365
1741708800,0.51958269,0.54774640
1741723200,0.51930038,0.54769892
1741737600,0.51945751,0.54911797
1741752000,0.51960690,0.54923335
1741766400,0.51963668,0.55000733
1741780800,0.51996608,0.54763306
1741795200,0.51919258,0.54803144
1741809600,0.51901920,0.54750038
1741824000,0.51889192,0.54779103
1741838400,0.51999857,0.54847645
1741852800,0.52040865,0.54851313
1741867200,0.52014544,0.54561030
1741881600,0.52024057,0.54446771
1741896000,0.51987677,0.54319579
1741910400,0.51997991,0.54224728
1741924800,0.52382437,0.54374378
1741939200,0.52459438,0.54192678
1741953600,0.52361222,0.53932365
1741968000,0.52378785,0.53931550
1741982400,0.52432920,0.53885540
1741996800,0.52488274,0.53954450
1742011200,0.52510977,0.53889281
1742025600,0.52776314,0.53895553
1742040000,0.52769391,0.53985479
1742054400,0.52811321,0.54080322
1742068800,0.52862606,0.54092106
1742083200,0.53011321,0.54174918
1742097600,0.53200765,0.54194246
1742112000,0.52748721,0.53666259
1742126400,0.52695596,0.53594383
1742140800,0.52668331,0.53710680
1742155200,0.52671547,0.53692149
1742169600,0.52598829,0.53495403
1742184000,0.52878753,0.53513805
1742198400,0.52962189,0.53582478
1742212800,0.53032533,0.53682816
1742227200,0.53030011,0.53590709
1742241600,0.53079528,0.53575131
1742256000,0.53068848,0.53453576
1742270400,0.53189364,0.53520945
1742284800,0.53197605,0.53472510
1742299200,0.53144727,0.53318490
1742313600,0.55676864,0.53251662
1742328000,0.55717219,0.53225923
1742342400,0.55674058,0.53212872
1742356800,0.55589501,0.53217275
1742371200,0.55664830,0.53132876
1742385600,0.55451794,0.53026470
1742400000,0.55283186,0.52962246
1742414400,0.54820553,0.52660000
1742428800,0.55417683,0.52553182
1742443200,0.55427622,0.52570729
1742457600,0.55574344,0.52558440
1742472000,0.55567595,0.52459572
1742486400,0.55901347,0.52417790
1742500800,0.55672074,0.52417865
1742515200,0.55868551,0.52408588
1742529600,0.55817668,0.52379041
1742544000,0.55987155,0.52434246
1742558400,0.56110609,0.52402316
1742572800,0.56278983,0.52381607
1742587200,0.56103517,0.52426692
1742601600,0.56345423,0.53031456
1742616000,0.56539414,0.53042213
1742630400,0.56888114,0.53078986
1742644800,0.57227527,0.53243514
1742659200,0.57209636,0.53292954
1742673600,0.57280469,0.53276981
1742688000,0.57410760,0.53314267
1742702400,0.57599401,0.53328341
1742716800,0.57965249,0.53308118
1742731200,0.59242625,0.54000283
1742745600,0.60003356,0.54032630
1742760000,0.58901091,0.54368994
1742774400,0.58679856,0.54346498
1742788800,0.59105746,0.54459038
1742803200,0.58876299,0.54430847
1742817600,0.58498759,0.54376988
1742832000,0.58377040,0.54386938
1742846400,0.58476509,0.54309910
1742860800,0.57887222,0.54308468
1742875200,0.57805527,0.54336488
1742889600,0.57636226,0.54222230
1742904000,0.57447774,0.54246877
1742918400,0.57421546,0.54248302
1742932800,0.57294732,0.54200203
1742947200,0.57146907,0.54242376
1742961600,0.56814104,0.54114453
1742976000,0.56616756,0.54195015
1742990400,0.56307494,0.54032743
1743004800,0.56176546,0.54032321
1743019200,0.56185823,0.54065124
1743033600,0.57835461,0.53986258
1743048000,0.57904952,0.53979245
1743062400,0.57929069,0.53967865
1743076800,0.58539202,0.53973580
1743091200,0.58674645,0.53973925
1743105600,0.58890476,0.53979241
1743120000,0.59147120,0.53970480
1743134400,0.57839494,0.53619917
1743148800,0.57735157,0.53622807
1743163200,0.57401268,0.53420548
1743177600,0.57747549,0.53444799
1743192000,0.57583761,0.53451129
1743206400,0.58100534,0.53444895
1743220800,0.58064162,0.53503112
1743235200,0.57018260,0.53200859
1743249600,0.57127482,0.53464839
1743264000,0.57147663,0.53585304
1743278400,0.57615010,0.53587594
1743292800,0.57589387,0.53572208
1743307200,0.58448557,0.53581926
1743321600,0.58529858,0.53585939
1743336000,0.58515172,0.53573369
1743350400,0.58778679,0.53598275
1743364800,0.58865908,0.53723117
1743379200,0.58365603,0.53674234
1743393600,0.58232928,0.53668129
1743408000,0.58187746,0.53689768
1743422400,0.57355886,0.53602762
1743436800,0.56944767,0.53447276
1743451200,0.58014806,0.53444062
1743465600,0.57946517,0.53463945
1743480000,0.58552461,0.53431779
1743494400,0.58531215,0.53521998
1743508800,0.57722701,0.53320820
1743523200,0.57657454,0.53318616
1743537600,0.57730421,0.53310785
1743552000,0.58805638,0.53292031
1743566400,0.58828939,0.53356278
1743580800,0.59012624,0.53391642
1743595200,0.56550563,0.52713698
1743609600,0.56542808,0.52728011
1743624000,0.52205278,0.49659393
1743638400,0.52018186,0.49510697
1743652800,0.51980973,0.49508848
1743667200,0.52019545,0.49500719
1743681600,0.51898033,0.49336257
1743696000,0.52174561,0.49336939
1743710400,0.52117965,0.49161024
1743724800,0.52078882,0.49144245
1743739200,0.52090763,0.48925593
1743753600,0.53325110,0.48680427
1743768000,0.53163356,0.48673571
1743782400,0.53185096,0.48460042
1743796800,0.53028224,0.48689317
1743811200,0.53057846,0.48686934
1743825600,0.53110436,0.48752384
1743840000,0.53124478,0.48832638
1743854400,0.53153684,0.48747267
1743868800,0.53071344,0.48786133
1743883200,0.53189787,0.48731236
1743897600,0.53076200,0.48735635
1743912000,0.53705027,0.48719790
1743926400,0.53608779,0.48769770
1743940800,0.58238459,0.48838030
1743955200,0.55956848,0.47140895
1743969600,0.55531405,0.47357359
1743984000,0.55379858,0.47244475
1743998400,0.54356956,0.45853936
1744012800,0.53893483,0.45289559
1744027200,0.53540487,0.44585091
1744041600,0.53380681,0.44646558
1744056000,0.53488882,0.44528172
1744070400,0.53516948,0.45017293
1744084800,0.53404924,0.44991500
1744099200,0.53452951,0.44943492
1744113600,0.53318505,0.44719128
1744128000,0.52994891,0.44126254
1744142400,0.52855442,0.44580321
1744156800,0.52754249,0.44301456
1744171200,0.52159190,0.42861349
1744185600,0.51904258,0.42429823
1744200000,0.51799316,0.42184156
1744214400,0.50303559,0.36015201
1744228800,0.50059796,0.35996806
1744243200,0.50090636,0.35847887
1744257600,0.49952168,0.35879169
1744272000,0.50484320,0.35878773
1744286400,0.50130865,0.33299234
1744300800,0.50025518,0.33082451
1744315200,0.50179028,0.33517297
1744329600,0.50535503,0.33212463
1744344000,0.50647346,0.33232666
1744358400,0.50530860,0.33285171
1744372800,0.50504688,0.33281526
1744387200,0.50582488,0.32831549
1744401600,0.50449942,0.32796761
1744416000,0.50453917,0.32745712
1744430400,0.50603302,0.32601247
1744444800,0.50691586,0.32668413
1744459200,0.50749140,0.32346922
1744473600,0.51727830,0.32447191
1744488000,0.52810805,0.32572938
1744502400,0.52698561,0.32765138
1744516800,0.53429761,0.32645272
1744531200,0.52583079,0.32835666
1744545600,0.53488485,0.32721465
1744560000,0.53238673,0.32926141
1744574400,0.53764870,0.32995251
1744588800,0.54066162,0.32859496
1744603200,0.53106600,0.32864236
1744617600,0.54141799,0.32839548
1744632000,0.54660072,0.32714619
1744646400,0.54842146,0.32559859
1744660800,0.54581867,0.32546007
1744675200,0.55107038,0.32509589
1744689600,0.55091379,0.32638573
1744704000,0.54810139,0.32688520
1744718400,0.55353388,0.32718169
1744732800,0.55494814,0.32512479
1744747200,0.55291641,0.32550626
1744761600,0.54813974,0.32560625
1744776000,0.55790951,0.32538503
1744790400,0.55976003,0.32424264
1744804800,0.55950771,0.32306057
1744819200,0.56017918,0.32246777
1744833600,0.56101975,0.32275059
1744848000,0.55387491,0.32275951
1744862400,0.56588545,0.32166112
1744876800,0.55807020,0.32194993
1744891200,0.55327730,0.32195388
1744905600,0.56447838,0.32174382
1744920000,0.55978208,0.32174074
1744934400,0.55703442,0.32177801
1744948800,0.56205076,0.32224432
1744963200,0.55716214,0.32224640
1744977600,0.56478006,0.32693314
1744992000,0.56618079,0.33112566
1745006400,0.56526524,0.34143162
1745020800,0.57368782,0.35353906
1745035200,0.57563167,0.35339907
1745049600,0.56878551,0.35356060
1745064000,0.56691914,0.35865939
1745078400,0.57371754,0.35939959
1745092800,0.56768083,0.35940362
1745107200,0.56724635,0.35940957
1745121600,0.58178110,0.35972552
1745136000,0.58673692,0.35890137
1745150400,0.58504788,0.35880189
1745164800,0.58757931,0.36247035
1745179200,0.59148615,0.36181343
1745193600,0.57497682,0.35280004
1745208000,0.57910915,0.35284738
1745222400,0.58763195,0.35230585
1745236800,0.58727481,0.35788775
1745251200,0.58886836,0.35731476
1745265600,0.57701341,0.35873560
1745280000,0.58792852,0.36364027
1745294400,0.58747575,0.36388950
1745308800,0.58138843,0.36385545
1745323200,0.56507557,0.35300742
1745337600,0.57254422,0.35245679
1745352000,0.56254363,0.34464459
1745366400,0.56670390,0.34481781
1745380800,0.57483912,0.34291505
1745395200,0.57338469,0.34606393
1745409600,0.57441773,0.34596171
1745424000,0.57148871,0.34585962
1745438400,0.57373250,0.34863200
1745452800,0.57637344,0.34814537
1745467200,0.57556747,0.34853490
1745481600,0.57827400,0.35206490
1745496000,0.58203698,0.35149196
1745510400,0.58286204,0.35124670
1745524800,0.58127775,0.35306945
1745539200,0.58417047,0.35243947
1745553600,0.58494885,0.35224362
1745568000,0.58641632,0.35114362
1745582400,0.58693312,0.35090541
1745596800,0.58647372,0.35161742
1745611200,0.59043340,0.35328846
1745625600,0.58326582,0.35381501
1745640000,0.58421237,0.35409961
1745654400,0.58926509,0.35395820
1745668800,0.58833454,0.35394644
1745683200,0.57864567,0.35498467
1745697600,0.58818364,0.35496325
1745712000,0.59273930,0.35505036
1745726400,0.58529220,0.35555256
1745740800,0.58855332,0.35552092
1745755200,0.58424818,0.35592413
1745769600,0.59835529,0.35548000
1745784000,0.60026320,0.35571229
1745798400,0.59576724,0.35569644
1745812800,0.60361070,0.35435640
1745827200,0.60491595,0.35371229
1745841600,0.59609180,0.35385285
1745856000,0.59607905,0.35199057
1745870400,0.59539642,0.35274043
1745884800,0.60171603,0.35266597
1745899200,0.60365879,0.35258630
1745913600,0.59847032,0.35367965
1745928000,0.59615947,0.35777910
1745942400,0.60162402,0.35986235
1745956800,0.60358836,0.35792401
1745971200,0.60373661,0.35714262
1745985600,0.60434867,0.35840025
1746000000,0.60761304,0.35903113
1746014400,0.60520200,0.35699642
1746028800,0.59663756,0.35816574
1746043200,0.59228530,0.35884427
1746057600,0.60850231,0.35830770
1746072000,0.60576633,0.35823820
1746086400,0.60513156,0.35650662
1746100800,0.60539627,0.35707281
1746115200,0.60578077,0.35690420
1746129600,0.59618295,0.35691146
1746144000,0.61232109,0.35631945
1746158400,0.60966857,0.35533986
1746172800,0.60816976,0.35479677
1746187200,0.60905831,0.35505176
1746201600,0.61178443,0.35501950
1746216000,0.60287951,0.35548711
1746230400,0.61255891,0.35618016
1746244800,0.59864432,0.35667698
1746259200,0.61105243,0.35910040
1746273600,0.61279490,0.35904324
1746288000,0.60728947,0.35903507
1746302400,0.61662694,0.36136527
1746316800,0.62083781,0.36145801
1746331200,0.62323662,0.36157102
1746345600,0.62787353,0.36118756
1746360000,0.61866582,0.36392755
1746374400,0.62258405,0.36408530
1746388800,0.62521130,0.36204660
1746403200,0.62472129,0.36201095
1746417600,0.63031614,0.36124426
1746432000,0.63043243,0.36017882
1746446400,0.63047642,0.36009523
1746460800,0.63060576,0.35979099
1746475200,0.63211718,0.35945731
1746489600,0.63048123,0.35948433
1746504000,0.62097665,0.35991950
1746518400,0.63368312,0.35930895
1746532800,0.63187520,0.35836884
1746547200,0.63121050,0.36841127
1746561600,0.60910156,0.36225939
1746576000,0.61456837,0.36366544
1746590400,0.62280550,0.36387220
1746604800,0.61321232,0.36488921
1746619200,0.62031932,0.36685856
1746633600,0.61399912,0.36691752
1746648000,0.61554096,0.36549981
1746662400,0.58480538,0.35867409
1746676800,0.59213710,0.35861024
1746691200,0.60231497,0.35866775
1746705600,0.60564014,0.35593887
1746720000,0.61089841,0.35551522
1746734400,0.58369343,0.34902975
1746748800,0.59308033,0.34792986
1746763200,0.59512070,0.34550064
1746777600,0.59933467,0.34477792
1746792000,0.59653258,0.34489253
1746806400,0.60486085,0.34492014
1746820800,0.60489564,0.34550633
1746835200,0.60454367,0.34541723
1746849600,0.60792823,0.34503601
1746864000,0.61317819,0.35211607
1746878400,0.61597176,0.35200010
1746892800,0.60857010,0.35294421
1746907200,0.61603721,0.35347717
1746921600,0.62167792,0.35322988
1746936000,0.62766351,0.35277374
1746950400,0.62070418,0.35051290
1746964800,0.62637545,0.35059093
1746979200,0.63115629,0.35081601
1746993600,0.63600568,0.35146360
1747008000,0.62784925,0.35193871
1747022400,0.63610044,0.35183057
1747036800,0.63875953,0.35112103
1747051200,0.63117117,0.34928453
1747065600,0.63372030,0.34987816
1747080000,0.63291450,0.34837486
1747094400,0.62892797,0.34721862
1747108800,0.62888649,0.34588500
1747123200,0.62486187,0.34484029
1747137600,0.61822892,0.34484764
1747152000,0.62829916,0.34293541
1747166400,0.62984992,0.34383774
1747180800,0.63327024,0.34674520
1747195200,0.63086679,0.34728784
1747209600,0.63764838,0.34726720
1747224000,0.64064383,0.34711567
1747238400,0.63233614,0.34721797
1747252800,0.63608056,0.34870005
1747267200,0.64400005,0.34889711
1747281600,0.63967520,0.34744011
1747296000,0.64233047,0.34692377
1747310400,0.64116631,0.34573338
1747324800,0.64045077,0.34572631
1747339200,0.64912801,0.34586655
1747353600,0.68874180,0.34578056
1747368000,0.69439339,0.34564663
1747382400,0.67892296,0.34598798
1747396800,0.69828330,0.34617908
1747411200,0.68623767,0.34631923
1747425600,0.70114390,0.34598150
1747440000,0.68936624,0.34617553
1747454400,0.69776105,0.34804884
1747468800,0.70740586,0.34780744
1747483200,0.69452626,0.34822302
1747497600,0.70164404,0.35009467
1747512000,0.69547168,0.35490174
1747526400,0.70982435,0.35587368
1747540800,0.71653264,0.35638000
1747555200,0.70296459,0.35816371
1747569600,0.67837146,0.35671165
1747584000,0.65779321,0.35308832
1747598400,0.60382481,0.34313750
1747612800,0.56870769,0.33084733
1747627200,0.58955365,0.33077607
1747641600,0.61173491,0.33062727
1747656000,0.60399271,0.32508924
1747670400,0.61146681,0.32578615
1747684800,0.59895492,0.32762895
1747699200,0.61820957,0.32764121
1747713600,0.63443109,0.32719131
1747728000,0.61693324,0.32721401
1747742400,0.61978577,0.32815176
1747756800,0.62347955,0.32399502
1747771200,0.61960722,0.32428794
1747785600,0.62279986,0.32429733
1747800000,0.64741127,0.32627302
1747814400,0.64332350,0.32630460
1747828800,0.60460239,0.32232386
1747843200,0.61676084,0.32355969
1747857600,0.62996512,0.32198048
1747872000,0.60522742,0.31547524
1747886400,0.61844768,0.31494423
1747900800,0.61042417,0.31518249
1747915200,0.63170812,0.31517745
1747929600,0.63332867,0.31843329
1747944000,0.62675692,0.31821557
1747958400,0.62934534,0.31798297
1747972800,0.63351290,0.31785370
1747987200,0.62804843,0.31336973
1748001600,0.62677353,0.33832141
1748016000,0.64352898,0.33826554
1748030400,0.64078105,0.34307071
1748044800,0.64282141,0.34158145
1748059200,0.64182936,0.34159901
1748073600,0.60636236,0.33822738
1748088000,0.61302174,0.33813512
1748102400,0.60367549,0.34344661
1748116800,0.61834188,0.34885364
1748131200,0.62039786,0.34890597
1748145600,0.61241113,0.34867047
1748160000,0.61930977,0.34857197
1748174400,0.62433672,0.34841516
1748188800,0.61533110,0.34784767
1748203200,0.61514285,0.34558664
1748217600,0.62139966,0.34508785
1748232000,0.62799023,0.34499523
1748246400,0.63258175,0.34534401
1748260800,0.63276958,0.34528706
1748275200,0.62479072,0.34492923
1748289600,0.62067855,0.34505448
1748304000,0.62802251,0.34508401
1748318400,0.63256627,0.34455457
1748332800,0.62411226,0.34498174
1748347200,0.63144915,0.34456994
1748361600,0.63041376,0.34458124
1748376000,0.63611260,0.34383298
1748390400,0.62448483,0.34419766
1748404800,0.62063947,0.34466636
1748419200,0.62438102,0.34467800
1748433600,0.62339107,0.34029730
1748448000,0.62005826,0.34056949
1748462400,0.64216243,0.33983126
1748476800,0.64559063,0.33977336
1748491200,0.65128156,0.33973888
1748505600,0.63348670,0.33855028
1748520000,0.61649295,0.33405035
1748534400,0.61667897,0.33141424
1748548800,0.61972689,0.33139260
1748563200,0.64145090,0.33109837
1748577600,0.63967037,0.32945907
1748592000,0.62958119,0.33007630
1748606400,0.62310718,0.33066674
1748620800,0.63103109,0.32955437
1748635200,0.63456029,0.33023606
1748649600,0.63161637,0.33009191
1748664000,0.62530253,0.33123517
1748678400,0.63597669,0.33106473
1748692800,0.63034173,0.32925514
1748707200,0.62090651,0.32927342
1748721600,0.62341294,0.32984875
1748736000,0.63675639,0.32979858
1748750400,0.63868405,0.32976220
1748764800,0.59934969,0.33014705
1748779200,0.63059111,0.33022087
1748793600,0.57803361,0.33040893
1748808000,0.58260267,0.33000800
1748822400,0.58649502,0.32921303
1748836800,0.58921112,0.32999654
1748851200,0.58596466,0.32732673
1748865600,0.58993247,0.32925009
1748880000,0.58905336,0.33072007
1748894400,0.58673644,0.32872998
1748908800,0.58991477,0.32865996
1748923200,0.58668764,0.32911892
1748937600,0.58637289,0.32923824
1748952000,0.58641023,0.32652773
1748966400,0.58286356,0.32704483
1748980800,0.58598690,0.32591152
1748995200,0.58781906,0.32601159
1749009600,0.59149290,0.32629232
1749024000,0.58000146,0.32630304
1749038400,0.58098470,0.32897063
1749052800,0.57221020,0.32867230
1749067200,0.57158853,0.32908754
1749081600,0.57501258,0.32892776
1749096000,0.58132827,0.32845718
1749110400,0.58343970,0.32828774
1749124800,0.58253657,0.32816108
1749139200,0.56895091,0.31656405
1749153600,0.58055203,0.31611657
1749168000,0.58451237,0.31432113
1749182400,0.58900470,0.31360387
1749196800,0.59131835,0.31242184
1749211200,0.57659570,0.31126210
1749225600,0.57936405,0.31015208
1749240000,0.57661101,0.31077560
1749254400,0.58327375,0.31027148
1749268800,0.57946135,0.31043915
1749283200,0.57551363,0.31061774
1749297600,0.56900050,0.31050256
1749312000,0.57085915,0.31054187
1749326400,0.56529600,0.31056771
1749340800,0.56505086,0.31077779
1749355200,0.56556232,0.31130706
1749369600,0.56016202,0.31138186
1749384000,0.56486617,0.31163947
1749398400,0.57039030,0.31182430
1749412800,0.58181523,0.31118456
1749427200,0.58119626,0.31163403
1749441600,0.58372022,0.31179270
1749456000,0.57901552,0.30374380
1749470400,0.58541348,0.30373959
1749484800,0.59277445,0.31213041
1749499200,0.58325443,0.30693755
1749513600,0.51712780,0.30619791
1749528000,0.51419006,0.30605749
1749542400,0.51372917,0.30598107
1749556800,0.51345758,0.30567153
1749571200,0.51005835,0.31141652
1749585600,0.51040601,0.32110626
1749600000,0.51045177,0.32157317
1749614400,0.50970081,0.32207482
1749628800,0.50870687,0.32212841
1749643200,0.50872688,0.32267999
1749657600,0.51071565,0.32287030
1749672000,0.50890725,0.32336403
1749686400,0.51026699,0.32266084
1749700800,0.50963451,0.32257286
1749715200,0.51066199,0.32172790
1749729600,0.50787916,0.32234832
1749744000,0.50793255,0.32255013
1749758400,0.51059695,0.32076672
1749772800,0.51440313,0.31735054
1749787200,0.51330780,0.31677906
1749801600,0.51218105,0.31675642
1749816000,0.51210253,0.31706348
1749830400,0.51089432,0.31704152
1749844800,0.51061039,0.31536522
1749859200,0.51126986,0.31572991
1749873600,0.51027265,0.32429301
1749888000,0.50924255,0.32631263
1749902400,0.50943728,0.32957994
1749916800,0.50701895,0.32955392
1749931200,0.50695694,0.32873998
1749945600,0.50592304,0.33763572
1749960000,0.50550204,0.33789737
1749974400,0.50669790,0.33770474
1749988800,0.50816320,0.33767937
1750003200,0.50660192,0.33750542
1750017600,0.50670546,0.33966192
1750032000,0.50700050,0.33957844
1750046400,0.51051752,0.33821906
1750060800,0.50875519,0.33860573
1750075200,0.50920628,0.33827023
1750089600,0.51193558,0.33632650
1750104000,0.51646238,0.33173863
1750118400,0.51518398,0.33095006
1750132800,0.51518575,0.32989833
1750147200,0.51600420,0.32807575
1750161600,0.51726298,0.32562503
1750176000,0.51473744,0.32526041
1750190400,0.51330359,0.32531182
1750204800,0.51329977,0.32615198
1750219200,0.51159265,0.32706825
1750233600,0.45918784,0.32707024
1750248000,0.46328231,0.32928747
1750262400,0.45217658,0.32812169
1750276800,0.45291479,0.32673351
1750291200,0.44948265,0.32688783
1750305600,0.44278865,0.32656708
1750320000,0.44156155,0.32653215
1750334400,0.44263849,0.32561746
1750348800,0.44688882,0.32553296
1750363200,0.44298823,0.32527377
1750377600,0.44563193,0.32527365
1750392000,0.44401775,0.32307057
1750406400,0.44452478,0.32305700
1750420800,0.45366199,0.31883171
1750435200,0.45000458,0.31759245
1750449600,0.44720789,0.31877146
1750464000,0.44252483,0.32049363
1750478400,0.44282216,0.32163929
1750492800,0.44627972,0.32345394
1750507200,0.45567302,0.32340215
1750521600,0.45032547,0.32329716
1750536000,0.44752686,0.32374944
1750550400,0.44184152,0.32370751
1750564800,0.43994740,0.32454218
1750579200,0.43586285,0.32612048
1750593600,0.50094821,0.30018040
1750608000,0.48568371,0.30026773
1750622400,0.48600633,0.29215201
1750636800,0.47717494,0.29456979
1750651200,0.46744424,0.29364401
1750665600,0.47302887,0.29298075
1750680000,0.47093292,0.29296507
1750694400,0.48148307,0.28678038
1750708800,0.48923434,0.27772412
1750723200,0.48084917,0.27748411
1750737600,0.47933849,0.27750463
1750752000,0.46822551,0.27739449
1750766400,0.47268215,0.27780888
1750780800,0.48480897,0.27755240
1750795200,0.48230095,0.27780964
1750809600,0.48007611,0.29052658
1750824000,0.47509559,0.29026288
1750838400,0.46957879,0.29229276
1750852800,0.47164159,0.29331601
1750867200,0.46556450,0.29369303
1750881600,0.46350256,0.29472946
1750896000,0.46097716,0.29421732
1750910400,0.46562563,0.29425371
1750924800,0.45820301,0.29409899
1750939200,0.46431248,0.29422035
1750953600,0.43473080,0.29409074
1750968000,0.43370038,0.29367191
1750982400,0.42907021,0.29330837
1750996800,0.42847246,0.29276516
1751011200,0.42797333,0.29275080
1751025600,0.42402419,0.29281572
1751040000,0.42434593,0.29283455
1751054400,0.42664757,0.29297671
1751068800,0.43156209,0.29290969
1751083200,0.42973620,0.29301026
1751097600,0.43125152,0.29301286
1751112000,0.43934709,0.29351533
1751126400,0.43672570,0.29345438
1751140800,0.44237983,0.29346335
1751155200,0.44270877,0.29435274
1751169600,0.43858146,0.29433224
1751184000,0.41469719,0.29235110
1751198400,0.41099577,0.29342606
1751212800,0.40644306,0.29324885
1751227200,0.40613912,0.29178206
1751241600,0.40330945,0.29183099
1751256000,0.40760107,0.29048894
1751270400,0.40976882,0.29098594
1751284800,0.40514658,0.29127119
1751299200,0.41103557,0.29289356
1751313600,0.40642723,0.29348091
1751328000,0.42020533,0.29403894
1751342400,0.41845982,0.29408056
1751356800,0.40875844,0.29369781
1751371200,0.40537385,0.29292409
1751385600,0.40593292,0.29562703
1751400000,0.40342780,0.29697575
1751414400,0.40023732,0.29647890
1751428800,0.40271492,0.29562959
1751443200,0.40213750,0.29547858
1751457600,0.40711054,0.29297347
1751472000,0.40628337,0.29771541
1751486400,0.40460686,0.29658570
1751500800,0.40295009,0.29705331
1751515200,0.39990346,0.29633820
1751529600,0.40317152,0.29623499
1751544000,0.40561070,0.29730599
1751558400,0.40871208,0.29704770
1751572800,0.40677357,0.29714461
1751587200,0.40668391,0.29861172
1751601600,0.40406762,0.29814674
1751616000,0.40477682,0.29815065
1751630400,0.40996072,0.29514572
1751644800,0.40472133,0.29530851
1751659200,0.39939619,0.29480920
1751673600,0.38552675,0.29499761
1751688000,0.38182338,0.29499166
1751702400,0.40892652,0.29501826
1751716800,0.40984824,0.29518417
1751731200,0.44773985,0.29518721
1751745600,0.45311853,0.29529108
1751760000,0.43665618,0.29617852
1751774400,0.44543302,0.29635066
1751788800,0.44173255,0.29743131
1751803200,0.38902339,0.30176562
1751817600,0.38382050,0.30237444
1751832000,0.37696228,0.30205359
1751846400,0.37430469,0.30247652
1751860800,0.36878275,0.30294550
1751875200,0.37627540,0.30267401
1751889600,0.37517057,0.30463429
1751904000,0.38109312,0.30458584
1751918400,0.37800528,0.30459042
1751932800,0.37614499,0.30460910
1751947200,0.37523265,0.30414196
1751961600,0.37482605,0.30852190
1751976000,0.37149741,0.30814725
1751990400,0.36922364,0.30863113
1752004800,0.36949049,0.30858650
1752019200,0.37032869,0.30899583
1752033600,0.36874173,0.30883566
1752048000,0.36990334,0.30866140
1752062400,0.37956310,0.30921895
1752076800,0.42372686,0.29969762
1752091200,0.39961588,0.29965940
1752105600,0.38430487,0.29970677
1752120000,0.37445738,0.29982896
1752134400,0.36698242,0.29994155
1752148800,0.40942138,0.29981319
1752163200,0.41963554,0.29356027
1752177600,0.45310493,0.28193425
1752192000,0.42728497,0.28703112
1752206400,0.41131203,0.28703161
1752220800,0.40064698,0.28732175
1752235200,0.39973878,0.28669147
1752249600,0.42404718,0.28466598
1752264000,0.41898985,0.28459517
1752278400,0.41549978,0.29382230
1752292800,0.41315212,0.29388661
1752307200,0.40972257,0.29509668
1752321600,0.41773095,0.29447247
1752336000,0.41881761,0.29638347
1752350400,0.41700879,0.29657336
1752364800,0.40814345,0.29642123
1752379200,0.40464481,0.29638972
1752393600,0.41484719,0.29667359
1752408000,0.39987537,0.29879328
1752422400,0.39622502,0.29875226
1752436800,0.39919905,0.29904999
1752451200,0.38708599,0.29787632
1752465600,0.43163816,0.28847090
1752480000,0.41342166,0.28752108
1752494400,0.41391087,0.28381580
1752508800,0.40511188,0.28820081
1752523200,0.39353195,0.28877443
1752537600,0.44497409,0.27830824
1752552000,0.42363195,0.28173413
1752566400,0.41319884,0.28246637
1752580800,0.40105268,0.29222316
1752595200,0.40551919,0.29232910
1752609600,0.42807549,0.28976965
1752624000,0.42058820,0.29026117
1752638400,0.40947254,0.28958504
1752652800,0.40651564,0.28908013
1752667200,0.40164089,0.29334966
1752681600,0.41941725,0.29353802
1752696000,0.40857593,0.29328959
1752710400,0.41053194,0.29293829
1752724800,0.41655995,0.29293092
1752739200,0.40922236,0.29289569
1752753600,0.39962601,0.29211101
1752768000,0.40804567,0.29209644
1752782400,0.40327178,0.29214044
1752796800,0.39482955,0.29067028
1752811200,0.39107439,0.28970958
1752825600,0.39352981,0.28978312
1752840000,0.39366923,0.28726568
1752854400,0.38410075,0.28758043
1752868800,0.38352767,0.28710617
1752883200,0.38351268,0.29313331
1752897600,0.38067157,0.29312205
1752912000,0.40107462,0.29320344
1752926400,0.40082157,0.29527093
1752940800,0.42633850,0.29529944
1752955200,0.42795227,0.29525094
1752969600,0.43218700,0.29835233
1752984000,0.43214471,0.29837147
1752998400,0.43184177,0.29878519
1753012800,0.38964477,0.30261011
1753027200,0.38466167,0.30304917
1753041600,0.37919842,0.30188593
1753056000,0.38234344,0.30054647
1753070400,0.37830001,0.29932049
1753084800,0.38542387,0.29710852
1753099200,0.37653947,0.29721007
1753113600,0.42607062,0.29528418
1753128000,0.42416519,0.29474990
1753142400,0.42334440,0.29480877
1753156800,0.41940119,0.29388671
1753171200,0.42364174,0.29280161
1753185600,0.41963066,0.29300202
1753200000,0.41881774,0.29346970
1753214400,0.42123752,0.29285957
1753228800,0.42712698,0.29067517
1753243200,0.42522570,0.29062132
1753257600,0.42520239,0.29161555
1753272000,0.42488482,0.31680752
1753286400,0.42402577,0.31684795
1753300800,0.41643435,0.31673977
1753315200,0.41625787,0.31924759
1753329600,0.41491412,0.31927658
1753344000,0.41537052,0.31956780
1753358400,0.41624963,0.31947356
1753372800,0.41157193,0.31957435
1753387200,0.41261641,0.31918615
1753401600,0.44003360,0.30779970
1753416000,0.43972916,0.30781017
1753430400,0.43957449,0.30534119
1753444800,0.44048789,0.30445163
1753459200,0.44214203,0.30844670
1753473600,0.43794777,0.30833970
1753488000,0.43548043,0.30879177
1753502400,0.43307586,0.31167935
1753516800,0.43254077,0.31149892
1753531200,0.42961759,0.31288804
1753545600,0.42069078,0.31641915
1753560000,0.42157534,0.31688181
1753574400,0.42193914,0.31688271
1753588800,0.41881465,0.31715625
1753603200,0.41679536,0.31744466
1753617600,0.41964806,0.31731722
1753632000,0.42198867,0.32006753
1753646400,0.42325592,0.32054462
1753660800,0.42308409,0.32072934
1753675200,0.42351398,0.32132934
1753689600,0.42243443,0.32186571
1753704000,0.42342338,0.32208321
1753718400,0.39666634,0.32206780
1753732800,0.39659620,0.32315757
1753747200,0.39351993,0.32319998
1753761600,0.38887504,0.32512848
1753776000,0.38191291,0.32508943
1753790400,0.38956413,0.32340843
1753804800,0.38944401,0.32440766
1753819200,0.38877258,0.32505679
1753833600,0.33927582,0.32608929
1753848000,0.33471254,0.33030161
1753862400,0.33702255,0.32986408
1753876800,0.33934353,0.33374433
1753891200,0.35397467,0.33234478
1753905600,0.36108404,0.33128914
1753920000,0.36326505,0.33079855
1753934400,0.35937565,0.33077316
1753948800,0.35930799,0.33070994
1753963200,0.35272958,0.33072985
1753977600,0.37350863,0.32785198
1753992000,0.37780511,0.32652195
1754006400,0.37245946,0.32674045
1754020800,0.37768297,0.32655665
1754035200,0.37578415,0.32662228
1754049600,0.36775650,0.32689103
1754064000,0.39505793,0.32108755
1754078400,0.38638284,0.32182436
1754092800,0.39312045,0.32187681
1754107200,0.38412722,0.32651286
1754121600,0.38632070,0.32706105
1754136000,0.38537459,0.32576135
1754150400,0.38667928,0.32555082
1754164800,0.38469937,0.32540191
1754179200,0.39293659,0.32544559
1754193600,0.38658468,0.32545192
1754208000,0.38312014,0.32578742
1754222400,0.37689227,0.32782039
1754236800,0.37937741,0.32765728
1754251200,0.36474552,0.32797792
1754265600,0.37146999,0.32784586
1754280000,0.36730905,0.32784504
1754294400,0.36224509,0.32796308
1754308800,0.35983763,0.32877435
1754323200,0.35622945,0.32877490
1754337600,0.35626516,0.32904407
1754352000,0.36840285,0.32862694
1754366400,0.36768840,0.32918813
1754380800,0.35400781,0.32836586
1754395200,0.38257153,0.32575120
1754409600,0.38186583,0.32505238
1754424000,0.38129733,0.32623699
1754438400,0.38312487,0.32628422
1754452800,0.38106920,0.32974595
1754467200,0.36693922,0.33025193
1754481600,0.38176141,0.33234196
1754496000,0.37357106,0.33349067
1754510400,0.37357689,0.33470347
1754524800,0.37403315,0.33474638
1754539200,0.37317062,0.33477030
1754553600,0.38183533,0.33061408
1754568000,0.37670158,0.33083555
1754582400,0.38179137,0.33019247
1754596800,0.37618891,0.33022851
1754611200,0.38352734,0.32968822
1754625600,0.37446928,0.32971169
1754640000,0.37364233,0.33010210
1754654400,0.37834574,0.32957988
1754668800,0.37484562,0.32952534
1754683200,0.37201996,0.32948159
1754697600,0.37143594,0.32939256
1754712000,0.36197948,0.32928453
1754726400,0.35929163,0.32996836
1754740800,0.35781345,0.33029667
1754755200,0.35834258,0.33056448
1754769600,0.35252951,0.33056271
1754784000,0.38055627,0.32533007
1754798400,0.37539780,0.32714390
1754812800,0.37563528,0.32724134
1754827200,0.37608556,0.33030993
1754841600,0.37399836,0.33049860
1754856000,0.37215477,0.33010958
1754870400,0.38879232,0.32187347
1754884800,0.38352926,0.32333160
1754899200,0.38739291,0.32229165
1754913600,0.38442458,0.32558250
1754928000,0.39063474,0.32365739
1754942400,0.38409834,0.32367679
1754956800,0.38145529,0.32384577
1754971200,0.38033010,0.32394259
1754985600,0.38286352,0.32367751
1755000000,0.38932983,0.32127545
1755014400,0.38543958,0.32127027
1755028800,0.38738893,0.32213657
1755043200,0.38886547,0.32164837
1755057600,0.38465382,0.32164592
1755072000,0.38905244,0.32052666
1755086400,0.38711284,0.32044607
1755100800,0.39206453,0.31965318
1755115200,0.38979153,0.31954353
1755129600,0.38455859,0.31954381
1755144000,0.39641452,0.31631965
1755158400,0.39617803,0.31557720
1755172800,0.41058074,0.30594137
1755187200,0.39646330,0.30584040
1755201600,0.39681663,0.30572962
1755216000,0.39700778,0.30519380
1755230400,0.39029058,0.30523209
1755244800,0.38058310,0.30522287
1755259200,0.39793389,0.30146142
1755273600,0.38244291,0.30142519
1755288000,0.38254360,0.30129039
1755302400,0.37970943,0.30133288
1755316800,0.37923388,0.30146030
1755331200,0.37299567,0.30219418
1755345600,0.37212501,0.30215686
1755360000,0.36709199,0.30237772
1755374400,0.37080107,0.30224904
1755388800,0.37069271,0.30211825
1755403200,0.37118341,0.30227980
1755417600,0.36783456,0.30251421
1755432000,0.36501055,0.30302781
1755446400,0.37191547,0.30352114
1755460800,0.36634071,0.30347668
1755475200,0.38164588,0.29763870
1755489600,0.36723704,0.29858601
1755504000,0.36818099,0.29972252
1755518400,0.37375283,0.29787177
1755532800,0.36955642,0.29791821
1755547200,0.36383490,0.29884678
1755561600,0.37519094,0.29771290
1755576000,0.36646411,0.29801341
1755590400,0.36766068,0.29756334
1755604800,0.37725770,0.29325967
1755619200,0.37657130,0.29259809
1755633600,0.37349605,0.29271424
1755648000,0.37583502,0.29215335
1755662400,0.37122752,0.29215134
1755676800,0.36715388,0.29255672
1755691200,0.36774411,0.29274918
1755705600,0.37401715,0.29215459
1755720000,0.36732183,0.29254252
1755734400,0.37095139,0.29247918
1755748800,0.36941231,0.29284256
1755763200,0.37358842,0.29207184
1755777600,0.37035761,0.29181862
1755792000,0.36689405,0.29135053
1755806400,0.36618298,0.29118178
1755820800,0.36748407,0.29085839
1755835200,0.36189296,0.29084777
1755849600,0.36716901,0.28985726
1755864000,0.39790383,0.26211214
1755878400,0.39162732,0.26199553
1755892800,0.39178963,0.26197048
1755907200,0.39598095,0.25940939
1755921600,0.39010956,0.26711730
1755936000,0.38388783,0.26684095
1755950400,0.38394143,0.26652295
1755964800,0.38330174,0.26713233
1755979200,0.37837982,0.26750587
1755993600,0.35899549,0.26746602
1756008000,0.35613913,0.26821347
1756022400,0.35402914,0.26817914
1756036800,0.35455872,0.26804887
1756051200,0.37013996,0.26480395
1756065600,0.37012400,0.26371893
1756080000,0.36965505,0.26341534
1756094400,0.37350363,0.26134351
1756108800,0.37119452,0.26154893
1756123200,0.37107285,0.25985306
1756137600,0.37414975,0.25555487
1756152000,0.37294776,0.25487300
1756166400,0.36936348,0.25566171
1756180800,0.36193074,0.25652543
1756195200,0.36100045,0.25649101
1756209600,0.35378282,0.25648278
1756224000,0.36197248,0.26191685
1756238400,0.36193857,0.26124623
1756252800,0.36081610,0.26151925
1756267200,0.36249470,0.26070112
1756281600,0.36295589,0.26011714
1756296000,0.36059488,0.25926823
1756310400,0.35598769,0.25930700
1756324800,0.36169192,0.25833767
1756339200,0.36208213,0.25727862
1756353600,0.36519875,0.25486399
1756368000,0.35966272,0.25480912
1756382400,0.35964629,0.25469667
1756396800,0.36156938,0.25339854
1756411200,0.36014126,0.25251880
1756425600,0.35986520,0.25119831
1756440000,0.36640646,0.24565955
1756454400,0.35936366,0.24569545
1756468800,0.36824782,0.24086190
1756483200,0.36477719,0.24095396
1756497600,0.36379199,0.24789569
1756512000,0.35925756,0.24812950
1756526400,0.35952247,0.24811374
1756540800,0.34443734,0.24816387
1756555200,0.34278887,0.25359183
1756569600,0.33975178,0.25389294
1756584000,0.33852555,0.25391739
1756598400,0.34684874,0.25363018
1756612800,0.35030547,0.25392046
1756627200,0.35039570,0.25439673
1756641600,0.35174933,0.25404629
1756656000,0.34934943,0.25689643
1756670400,0.35290025,0.25614447
1756684800,0.35355996,0.25545566
1756699200,0.36404636,0.24977389
1756713600,0.34356828,0.25791331
1756728000,0.33488912,0.25861927
1756742400,0.34101441,0.25825627
1756756800,0.32974049,0.26042402
1756771200,0.33824863,0.25848975
1756785600,0.32593098,0.25856922
1756800000,0.33140733,0.25822932
1756814400,0.33784593,0.25702105
1756828800,0.32939087,0.25881003
1756843200,0.33471279,0.25849010
1756857600,0.33245678,0.25851817
1756872000,0.32905034,0.25905502
1756886400,0.32959443,0.25948706
1756900800,0.33581130,0.26171620
1756915200,0.32767881,0.26284278
1756929600,0.33418729,0.26263706
1756944000,0.33532562,0.26211976
1756958400,0.33726036,0.26122095
1756972800,0.33423834,0.26119161
1756987200,0.34223302,0.25816097
1757001600,0.33666151,0.25811461
1757016000,0.33815148,0.25653659
1757030400,0.33637887,0.25895607
1757044800,0.34532344,0.25529377
1757059200,0.34190278,0.25721398
1757073600,0.34958465,0.25260949
1757088000,0.34755694,0.25108755
1757102400,0.34885305,0.25072370
1757116800,0.34530592,0.25058599
1757131200,0.34227784,0.25086166
1757145600,0.33561534,0.25215722
1757160000,0.34004079,0.25264286
1757174400,0.33699055,0.25269074
1757188800,0.33417665,0.25345548
1757203200,0.33764461,0.25333066
1757217600,0.33426486,0.25380377
1757232000,0.33835269,0.25405127
1757246400,0.32961076,0.26466940
1757260800,0.33041755,0.26470856
1757275200,0.33082545,0.26478947
1757289600,0.33043154,0.26477533
1757304000,0.32658030,0.26475566
1757318400,0.33704121,0.26578495
1757332800,0.33585971,0.26584747
1757347200,0.33662282,0.26771152
1757361600,0.32465484,0.26777318
1757376000,0.33017554,0.26982884
1757390400,0.33272129,0.26694030
1757404800,0.32907720,0.26745121
1757419200,0.33693660,0.26737027
1757433600,0.32753052,0.26708385
1757448000,0.32625982,0.26774751
1757462400,0.32321270,0.26826444
1757476800,0.32880864,0.26644839
1757491200,0.32466936,0.26685926
1757505600,0.33022511,0.27261835
1757520000,0.32762454,0.28121077
1757534400,0.32831474,0.30419905
1757548800,0.32757211,0.30429665
1757563200,0.32742553,0.31043009
1757577600,0.32058113,0.31589076
1757592000,0.32333358,0.31607173
1757606400,0.32288129,0.31669448
1757620800,0.32732631,0.31589791
1757635200,0.32401064,0.31587762
1757649600,0.32341843,0.31703367
1757664000,0.32477551,0.31709924
1757678400,0.32466917,0.31968958
1757692800,0.32992522,0.31852323
1757707200,0.32817217,0.31862384
1757721600,0.32493261,0.31862746
1757736000,0.32585743,0.31893921
1757750400,0.32592421,0.32092713
1757764800,0.32264585,0.32087807
1757779200,0.31794788,0.32400603
1757793600,0.31927519,0.32453901
1757808000,0.32017190,0.32854470
1757822400,0.31782893,0.33307344
1757836800,0.31478438,0.33327960
1757851200,0.32144382,0.33631326
1757865600,0.32144407,0.33622100
1757880000,0.32150980,0.33634065
1757894400,0.32075742,0.33788229
1757908800,0.32200046,0.33820380
1757923200,0.32408330,0.33815866
1757937600,0.32145069,0.33984316
1757952000,0.32254027,0.34004223
1757966400,0.31992724,0.34051077
1757980800,0.31912781,0.34092793
1757995200,0.32139585,0.34128067
1758009600,0.32007081,0.34190193
1758024000,0.32097782,0.35283630
1758038400,0.32382158,0.35206499
1758052800,0.31884336,0.35206503
1758067200,0.32250625,0.35325214
1758081600,0.32465188,0.36999320
1758096000,0.32591262,0.36899386
1758110400,0.32431948,0.37063572
1758124800,0.32347250,0.37074657
1758139200,0.32615140,0.36999641
1758153600,0.32819804,0.36891421
1758168000,0.32715884,0.36875586
1758182400,0.32481533,0.36903824
1758196800,0.32717716,0.36882027
1758211200,0.32550371,0.36881306
1758225600,0.32521317,0.36867067
1758240000,0.32429195,0.36865358
1758254400,0.32266034,0.36902959
1758268800,0.32539451,0.37002066
1758283200,0.32573599,0.37045498
1758297600,0.32651023,0.37003315
1758312000,0.32635521,0.36983850
1758326400,0.32560211,0.37287322
1758340800,0.32648671,0.37389193
1758355200,0.32458198,0.37392470
1758369600,0.32401600,0.37396694
1758384000,0.32469976,0.37405169
1758398400,0.32352256,0.37415741
1758412800,0.32213752,0.37691068
1758427200,0.32356249,0.37816969
1758441600,0.32389693,0.37838904
1758456000,0.32338349,0.40655535
1758470400,0.32327629,0.40926673
1758484800,0.32637274,0.42344343
1758499200,0.32822388,0.42309312
1758513600,0.32936564,0.41824367
1758528000,0.32760877,0.41886585
1758542400,0.32579488,0.41971969
1758556800,0.32831353,0.41958970
1758571200,0.32797477,0.41933323
1758585600,0.32546244,0.41994440
1758600000,0.32640249,0.42036149
1758614400,0.32475884,0.42035595
1758628800,0.32432113,0.42081481
1758643200,0.32726142,0.41923753
1758657600,0.32633169,0.41911433
1758672000,0.32601124,0.41916332
1758686400,0.32693259,0.41875134
1758700800,0.32642907,0.41850405
1758715200,0.32494104,0.41960188
1758729600,0.32401013,0.41997656
1758744000,0.32404414,0.42016087
1758758400,0.32500444,0.41962035
1758772800,0.32549207,0.41907672
1758787200,0.32497977,0.41889935
1758801600,0.32434013,0.41891409
1758816000,0.32725663,0.41326106
1758830400,0.32650821,0.41314097
1758844800,0.32679790,0.41290674
1758859200,0.32594315,0.41305834
1758873600,0.32186598,0.41561440
1758888000,0.31976993,0.41589851
1758902400,0.31987150,0.41587785
1758916800,0.32021111,0.41657568
1758931200,0.31964321,0.41676919
1758945600,0.31967571,0.41710309
1758960000,0.32057338,0.41712298
1758974400,0.32060897,0.41724386
1758988800,0.31903238,0.41725752
1759003200,0.32076111,0.41787046
1759017600,0.32120708,0.41786812
1759032000,0.32102472,0.41793866
1759046400,0.32113663,0.41795834
1759060800,0.32231318,0.41760221
1759075200,0.32243903,0.41861408
1759089600,0.32245885,0.41517334
1759104000,0.32198140,0.41522886
1759118400,0.32115163,0.41646665
1759132800,0.32599042,0.41660314
1759147200,0.32437487,0.41614581
1759161600,0.32341932,0.41683210
1759176000,0.32302464,0.41725690
1759190400,0.32280657,0.41787650
1759204800,0.32337432,0.41792314
1759219200,0.32204486,0.42093311
1759233600,0.32105590,0.42596524
1759248000,0.32211260,0.42586745
1759262400,0.32165538,0.42948208
1759276800,0.32114767,0.43041375
1759291200,0.32140243,0.43034083
1759305600,0.32059615,0.42606196
1759320000,0.31990682,0.42565902
1759334400,0.31912514,0.42579335
1759348800,0.31979526,0.42454945
1759363200,0.31910126,0.42495896
1759377600,0.31834616,0.42492981
1759392000,0.31827092,0.42484038
1759406400,0.32018652,0.42402287
1759420800,0.31975159,0.42293177
1759435200,0.31928223,0.42291695
1759449600,0.31930007,0.42285983
1759464000,0.32092299,0.42334640
1759478400,0.32067772,0.42305750
1759492800,0.32035188,0.42224237
1759507200,0.32005457,0.42153935
1759521600,0.31996197,0.42157672
1759536000,0.31934847,0.42987524
1759550400,0.31927863,0.43007066
1759564800,0.31968555,0.43008802
1759579200,0.31863142,0.43439100
1759593600,0.31058719,0.43606410
1759608000,0.31171058,0.43621119
1759622400,0.31597569,0.43483799
1759636800,0.31604931,0.44258859
1759651200,0.31587903,0.44109716
1759665600,0.31627723,0.44289611
1759680000,0.31598943,0.45245512
1759694400,0.31561721,0.45292430
1759708800,0.31508920,0.45323031
1759723200,0.31467546,0.45302567
1759737600,0.31521336,0.45230845
1759752000,0.31521158,0.45546045
1759766400,0.31462703,0.45540696
1759780800,0.31492431,0.45498735
1759795200,0.31484174,0.45491719
1759809600,0.31554096,0.45489577
1759824000,0.31570065,0.45447653
1759838400,0.31528711,0.45026466
1759852800,0.31459887,0.45078455
1759867200,0.31465779,0.45073155
1759881600,0.31423531,0.45121664
1759896000,0.31450824,0.45119178
1759910400,0.31249259,0.45315599
1759924800,0.31255584,0.45298036
1759939200,0.31358998,0.45996941
1759953600,0.31350240,0.45993318
1759968000,0.31439479,0.45929959
1759982400,0.31362937,0.45935445
1759996800,0.31392111,0.45910059
1760011200,0.31383328,0.45675779
1760025600,0.31325894,0.45684928
1760040000,0.31330228,0.45658948
1760054400,0.31350747,0.45675064
1760068800,0.31305732,0.45682977
1760083200,0.31194172,0.45666069
1760097600,0.31313350,0.45363141
1760112000,0.31264401,0.44948464
1760126400,0.31142577,0.43409159
1760140800,0.31099758,0.43590291
1760155200,0.31175234,0.43166988
1760169600,0.31115769,0.42777856
1760184000,0.31055395,0.42921084
1760198400,0.30935886,0.42938557
1760212800,0.30927837,0.42915721
1760227200,0.30798349,0.42940097
1760241600,0.30739514,0.43177731
1760256000,0.30728156,0.43194418
1760270400,0.30813520,0.43408889
1760284800,0.30849708,0.43281094
1760299200,0.30841705,0.43243724
1760313600,0.30417051,0.43251428
1760328000,0.30443676,0.43229355
1760342400,0.30426718,0.43546229
1760356800,0.30395607,0.44556491
1760371200,0.30422011,0.44441827
1760385600,0.30421790,0.44420107
1760400000,0.30430819,0.44147257
1760414400,0.30464967,0.44059472
1760428800,0.30507490,0.44086046
1760443200,0.30655426,0.44120090
1760457600,0.30650173,0.45137334
1760472000,0.30691820,0.45272588
1760486400,0.30714972,0.45199920
1760500800,0.30712723,0.45733656
1760515200,0.30675916,0.45814604
1760529600,0.30683653,0.45740741
1760544000,0.30678042,0.45850764
1760558400,0.30671223,0.46014029
1760572800,0.30666404,0.46436520
1760587200,0.30691073,0.46390297
1760601600,0.30690095,0.46391559
1760616000,0.30653204,0.45585700
1760630400,0.30644489,0.45579340
1760644800,0.30638664,0.45604883
1760659200,0.30657539,0.45508945
1760673600,0.30553871,0.44103534
1760688000,0.30536473,0.44138342
1760702400,0.30539312,0.44154310
1760716800,0.30563427,0.44192032
1760731200,0.30588732,0.44202072
1760745600,0.30474617,0.44387788
1760760000,0.30502425,0.44380677
1760774400,0.30449130,0.44357191
1760788800,0.30441452,0.44769887
1760803200,0.30452840,0.45537962
1760817600,0.30417568,0.45582009
1760832000,0.30411121,0.45872175
1760846400,0.30440776,0.45864144
1760860800,0.30508943,0.45918257
1760875200,0.30525324,0.46149176
1760889600,0.30531056,0.46136675
1760904000,0.30536608,0.46134938
1760918400,0.30558171,0.46050607
1760932800,0.30662178,0.45943971
1760947200,0.30651936,0.45970038
1760961600,0.30648764,0.46323455
1760976000,0.30666329,0.46496827
1760990400,0.30967163,0.47598586
1761004800,0.30920197,0.47502161
1761019200,0.30954793,0.47403797
1761033600,0.31007077,0.47400183
1761048000,0.29550761,0.45699797
1761062400,0.29559133,0.46891623
1761076800,0.29184289,0.45624410
1761091200,0.29404533,0.45734964
1761105600,0.29402924,0.46317263
1761120000,0.29241345,0.46856874
1761134400,0.29216759,0.46840211
1761148800,0.29183713,0.47132946
1761163200,0.29243678,0.47273909
1761177600,0.29185745,0.47289776
1761192000,0.29175033,0.47211756
1761206400,0.29369067,0.47251314
1761220800,0.29185799,0.47215989
1761235200,0.29276601,0.47221693
1761249600,0.29316664,0.47220463
1761264000,0.29260398,0.47625904
1761278400,0.29237715,0.47626889
1761292800,0.29422660,0.47669079
1761307200,0.29199567,0.47676601
1761321600,0.29280077,0.47651634
1761336000,0.29320150,0.47674477
1761350400,0.29462200,0.47733154
1761364800,0.30153020,0.47742807
1761379200,0.30329565,0.47842820
1761393600,0.31564738,0.47854932
1761408000,0.31531040,0.48354700
1761422400,0.31644293,0.48354786
1761436800,0.31632060,0.48386034
1761451200,0.31746786,0.48388258
1761465600,0.31333641,0.48165531
1761480000,0.31371700,0.48162653
1761494400,0.31587634,0.48163845
1761508800,0.31445948,0.48121419
1761523200,0.31463583,0.48113177
1761537600,0.31441292,0.48190114
1761552000,0.31529849,0.48309605
1761566400,0.31475355,0.48300084
1761580800,0.31553680,0.49696470
1761595200,0.31410012,0.49682800
1761609600,0.31461950,0.49736109
1761624000,0.31637032,0.49743844
1761638400,0.31719655,0.49740480
1761652800,0.31702953,0.49756821
1761667200,0.31447960,0.49714826
1761681600,0.31401317,0.49664209
1761696000,0.31414290,0.49650005
1761710400,0.31207224,0.49557990
1761724800,0.31249897,0.49578463
1761739200,0.30868372,0.49450308
1761753600,0.31180349,0.49609711
1761768000,0.31161249,0.49577864
1761782400,0.31533410,0.49530679
1761796800,0.31489789,0.49489357
1761811200,0.30807030,0.49201324
1761825600,0.30207728,0.48785251
1761840000,0.30077926,0.48661461
1761854400,0.29690534,0.48335482
1761868800,0.29652876,0.48255101
1761883200,0.29751239,0.48248438
1761897600,0.29594337,0.48160496
1761912000,0.29790763,0.48178409
1761926400,0.29765134,0.48166921
1761940800,0.29805446,0.48344427
1761955200,0.29702231,0.50876968
1761969600,0.29840946,0.50883080
1761984000,0.29976992,0.50908784
1761998400,0.30022370,0.51265396
1762012800,0.30142512,0.51285314
1762027200,0.30199312,0.51542994
1762041600,0.30298854,0.51602203
1762056000,0.30238045,0.51535336
1762070400,0.30399265,0.51548091
1762084800,0.30170092,0.53274579
1762099200,0.30515549,0.53411406
1762113600,0.30345468,0.53443905
1762128000,0.29633616,0.53023683
1762142400,0.30269120,0.53025482
1762156800,0.30479049,0.53015954
1762171200,0.30245757,0.52719493
1762185600,0.30180146,0.52629911
1762200000,0.30243271,0.52632597
1762214400,0.30299027,0.52597818
1762228800,0.29296053,0.51876062
1762243200,0.29612900,0.51897816
1762257600,0.29196854,0.51710224
1762272000,0.28514567,0.51013450
1762286400,0.28514820,0.50904887
1762300800,0.28547066,0.50867722
1762315200,0.28658764,0.50867174
1762329600,0.28702485,0.50966870
1762344000,0.28321397,0.50760937
1762358400,0.28452426,0.50849558
1762372800,0.28526335,0.50864118
1762387200,0.28510674,0.50881591
1762401600,0.28504022,0.50858640
1762416000,0.28718922,0.50858392
1762430400,0.28373494,0.50693593
1762444800,0.28810389,0.50664212
1762459200,0.28982421,0.50670399
1762473600,0.29730659,0.50669474
1762488000,0.30166174,0.50686314
1762502400,0.29852060,0.50406222
1762516800,0.29987157,0.50418490
1762531200,0.29468296,0.50138375
1762545600,0.30373095,0.50286072
1762560000,0.30033056,0.50297483
1762574400,0.30243056,0.50326289
1762588800,0.30949201,0.50311309
1762603200,0.30925553,0.50891253
1762617600,0.30926318,0.50886747
1762632000,0.30823296,0.50908120
1762646400,0.30775669,0.50874832
1762660800,0.31235881,0.50867943
1762675200,0.31226491,0.50857231
1762689600,0.30913473,0.51322908
1762704000,0.30859582,0.51392419
1762718400,0.31218961,0.51545044
1762732800,0.30699975,0.51386846
1762747200,0.30973994,0.51381532
1762761600,0.30994511,0.51425893
1762776000,0.30713259,0.51291787
1762790400,0.30755169,0.51338442
1762804800,0.30797992,0.51452613
1762819200,0.31051547,0.52056397
1762833600,0.30713212,0.51811555
1762848000,0.31830383,0.51788994
1762862400,0.31215140,0.51464616
1762876800,0.31431121,0.51578151
1762891200,0.31605638,0.51970359
1762905600,0.31445662,0.51973279
1762920000,0.31449052,0.51971106
1762934400,0.30753313,0.51577378
1762948800,0.30035589,0.51564041
1762963200,0.30099751,0.51477104
1762977600,0.30176206,0.51461570
1762992000,0.30150616,0.51440047
1763006400,0.30054452,0.51221412
1763020800,0.30055584,0.51185098
1763035200,0.29816413,0.50942126
1763049600,0.29410358,0.50040462
1763064000,0.29435261,0.49900354
1763078400,0.29456782,0.49858881
1763092800,0.29186309,0.49337183
1763107200,0.29211264,0.49336437
1763121600,0.29149290,0.49299603
1763136000,0.29057181,0.49185525
1763150400,0.29103767,0.49044411
1763164800,0.28878059,0.48815617
1763179200,0.29367456,0.48842180
1763193600,0.33528090,0.48776669
1763208000,0.33486068,0.49821347
1763222400,0.33342956,0.49921220
1763236800,0.33049942,0.49906997
1763251200,0.33042171,0.49939771
1763265600,0.33002587,0.49933859
1763280000,0.33013819,0.50118076
1763294400,0.33327127,0.50048603
1763308800,0.33291011,0.50021539
1763323200,0.33228150,0.50022741
1763337600,0.33514575,0.49887878
1763352000,0.33277077,0.49891731
1763366400,0.33119339,0.49892134
1763380800,0.33706750,0.49528853
1763395200,0.33873065,0.49071363
1763409600,0.33742838,0.49038896
1763424000,0.33876325,0.48792054
1763438400,0.33753923,0.48781873
1763452800,0.33806190,0.48652905
1763467200,0.33710690,0.48619611
1763481600,0.33576708,0.51172248
1763496000,0.33441197,0.51337664
1763510400,0.33651494,0.51475779
1763524800,0.33262344,0.51648717
1763539200,0.33289848,0.51632552
1763553600,0.33631621,0.51320599
1763568000,0.33655987,0.51154217
1763582400,0.33879648,0.50137305
1763596800,0.33781162,0.50022738
1763611200,0.33614068,0.50022217
1763625600,0.33635592,0.50007128
1763640000,0.33855782,0.49375653
1763654400,0.33869607,0.48015529
1763668800,0.33628224,0.48005916
1763683200,0.33734779,0.47913342
1763697600,0.33868035,0.47350489
1763712000,0.33869883,0.46781989
1763726400,0.33575951,0.46768746
1763740800,0.33712091,0.46465299
1763755200,0.33672606,0.46322293
1763769600,0.33559654,0.46242245
1763784000,0.33251639,0.46261798
1763798400,0.33355160,0.46315282
1763812800,0.33069457,0.46313830
1763827200,0.32970374,0.46760161
1763841600,0.32711708,0.46809432
1763856000,0.33412976,0.46405331
1763870400,0.33312413,0.46438981
1763884800,0.33338098,0.46413192
1763899200,0.33478036,0.46325682
1763913600,0.34544737,0.46331442
1763928000,0.33986657,0.46302655
1763942400,0.34062077,0.46246337
1763956800,0.33998358,0.46246367
1763971200,0.34037425,0.46156037
1763985600,0.33991134,0.46143601
1764000000,0.34782441,0.45653937
1764014400,0.34397069,0.45656015
1764028800,0.34691839,0.45619227
1764043200,0.34588234,0.45598638
1764057600,0.34476275,0.45612752
1764072000,0.33301437,0.45690124
1764086400,0.33212565,0.45693372
1764100800,0.33372356,0.45804399
1764115200,0.33231120,0.46258134
1764129600,0.33931363,0.46164311
1764144000,0.34224669,0.46036745
1764158400,0.34037966,0.46371222
1764172800,0.35245925,0.44893048
1764187200,0.35191394,0.44847460
1764201600,0.35243823,0.44784065
1764216000,0.35169287,0.44768890
1764230400,0.35000878,0.44770739
1764244800,0.33637714,0.44741792
1764259200,0.33721469,0.44684629
1764273600,0.33330214,0.44690635
1764288000,0.33230137,0.44689716
1764302400,0.33404891,0.44677053
1764316800,0.33539526,0.44640056
1764331200,0.33867980,0.44517415
1764345600,0.34448688,0.44276716
1764360000,0.34295420,0.44297281
1764374400,0.34311457,0.45059406
1764388800,0.34230700,0.45102814
1764403200,0.33976597,0.45716701
1764417600,0.32761387,0.45696627
1764432000,0.32988234,0.45691463
1764446400,0.32839418,0.45691646
1764460800,0.32894298,0.45690194
1764475200,0.32844604,0.45691656
1764489600,0.32448710,0.45721222
1764504000,0.32686704,0.45912756
1764518400,0.32500234,0.46016490
1764532800,0.34130535,0.45831057
1764547200,0.35450098,0.42960395
1764561600,0.35331607,0.42953769
1764576000,0.35488791,0.42944131
1764590400,0.35691428,0.42685467
1764604800,0.35567747,0.42691696
1764619200,0.34648743,0.42378105
1764633600,0.39236417,0.42311241
1764648000,0.38695584,0.42316980
1764662400,0.38906541,0.42312820
1764676800,0.40497823,0.39980275
1764691200,0.40314852,0.39813783
1764705600,0.40235770,0.39788724
1764720000,0.40515322,0.39464132
1764734400,0.40260753,0.39440999
1764748800,0.39771125,0.39515220
1764763200,0.40372179,0.39439489
1764777600,0.40380714,0.39427122
1764792000,0.40330736,0.39388658
1764806400,0.39950532,0.39412118
1764820800,0.40118686,0.39528479
1764835200,0.40298135,0.39509073
1764849600,0.39845379,0.39515401
1764864000,0.39007912,0.39338530
1764878400,0.38547443,0.39384972
1764892800,0.38419689,0.39458349
1764907200,0.38223803,0.39464187
1764921600,0.38730955,0.39337338
1764936000,0.38616601,0.39187468
1764950400,0.38635347,0.39071710
1764964800,0.38492853,0.39080089
1764979200,0.38517485,0.39384050
1764993600,0.35803227,0.39404293
1765008000,0.35372543,0.39460458
1765022400,0.35417012,0.39582926
1765036800,0.34916649,0.39575333
1765051200,0.34784314,0.39588170
1765065600,0.35086377,0.39535546
1765080000,0.34876180,0.39559285
1765094400,0.34654670,0.39605041
1765108800,0.34738490,0.39577598
1765123200,0.36316817,0.39367202
1765137600,0.36505597,0.39635056
1765152000,0.36541271,0.39688458
1765166400,0.36540441,0.39644448
1765180800,0.36245928,0.39729735
1765195200,0.37512934,0.39076184
1765209600,0.37081757,0.39079887
1765224000,0.37313586,0.39040412
1765238400,0.37057337,0.39074121
1765252800,0.36711787,0.39089892
1765267200,0.36490264,0.39103716
1765281600,0.38077206,0.38215999
1765296000,0.38120317,0.37983479
1765310400,0.38268872,0.37781549
1765324800,0.38049940,0.37768846
1765339200,0.38065477,0.37785436
1765353600,0.40503065,0.37738744
1765368000,0.40071773,0.37827496
1765382400,0.40476742,0.37810031
1765396800,0.40719414,0.37664879
1765411200,0.41851797,0.36797701
1765425600,0.41600402,0.36764920
1765440000,0.40617603,0.36765159
1765454400,0.40818183,0.36738575
1765468800,0.41034585,0.36558336
1765483200,0.41509113,0.36000130
1765497600,0.41226459,0.35993800
1765512000,0.40395289,0.35989389
1765526400,0.40135752,0.35990885
1765540800,0.42005454,0.34755015
1765555200,0.41603883,0.34751039
1765569600,0.41360162,0.34763765
1765584000,0.41483731,0.34919147
1765598400,0.40417881,0.34958181
1765612800,0.39326690,0.35076513
1765627200,0.39468170,0.35284066
1765641600,0.39420443,0.35282780
1765656000,0.39232219,0.35344721
1765670400,0.39069916,0.35346905
1765684800,0.39114636,0.35408402
1765699200,0.39948413,0.35238434
1765713600,0.39643455,0.35599244
1765728000,0.38502553,0.35677508
1765742400,0.38661262,0.35926294
1765756800,0.39294049,0.35671224
1765771200,0.39113763,0.35677824
1765785600,0.38546865,0.35731101
1765800000,0.40605441,0.35003771
1765814400,0.40605268,0.34885843
1765828800,0.40407671,0.34895339
1765843200,0.40580186,0.35004153
1765857600,0.38881473,0.35087417
1765872000,0.39347730,0.34779409
1765886400,0.39417538,0.34664734
1765900800,0.39352602,0.34924541
1765915200,0.39311139,0.34910796
1765929600,0.39595372,0.34826046
1765944000,0.39262362,0.34845545
1765958400,0.38983197,0.34862069
1765972800,0.39190344,0.34994477
1765987200,0.40058740,0.34683560
1766001600,0.39812002,0.34720507
1766016000,0.39736165,0.34689082
1766030400,0.39675123,0.34686483
1766044800,0.39742808,0.34666951
1766059200,0.40207695,0.34340595
1766073600,0.48047024,0.30409520
1766088000,0.47905619,0.30127555
1766102400,0.48378339,0.29641535
1766116800,0.47200596,0.29347963
1766131200,0.46640713,0.29335370
1766145600,0.45699511,0.29321147
1766160000,0.45348853,0.29332489
1766174400,0.45079579,0.29973640
1766188800,0.43387475,0.30185931
1766203200,0.43382670,0.30187173
1766217600,0.42939799,0.30213292
1766232000,0.43058147,0.30214282
1766246400,0.42019529,0.30215276
1766260800,0.42712015,0.30268552
1766275200,0.43217298,0.30257419
1766289600,0.42865878,0.30610328
1766304000,0.43434546,0.30565307
1766318400,0.43908687,0.30568190
1766332800,0.43937156,0.30773223
1766347200,0.43710057,0.31139920
1766361600,0.43599780,0.31380469
1766376000,0.43495836,0.31356770
1766390400,0.37225415,0.31262985
1766404800,0.35900773,0.31777890
1766419200,0.37870519,0.31093131
1766433600,0.36944237,0.31204574
1766448000,0.36965314,0.31212039
1766462400,0.37421901,0.31102867
1766476800,0.37351077,0.31087103
1766491200,0.36893129,0.31259983
1766505600,0.36809896,0.31366817
1766520000,0.36800138,0.31361217
1766534400,0.36397110,0.31388269
1766548800,0.36769512,0.31378326
1766563200,0.36715604,0.31390205
1766577600,0.36544447,0.31466501
1766592000,0.37053281,0.31412194
1766606400,0.36755455,0.31440311
1766620800,0.36570003,0.31440874
1766635200,0.35880186,0.31444259
1766649600,0.36401997,0.31420692
1766664000,0.37327988,0.31309008
1766678400,0.37046527,0.31302571
1766692800,0.38316222,0.31081244
1766707200,0.40286919,0.30409626
1766721600,0.39974938,0.30401714
1766736000,0.37742981,0.30401873
1766750400,0.39800015,0.29890798
1766764800,0.39410004,0.30827335
1766779200,0.38501967,0.30830237
1766793600,0.38890490,0.30929847
1766808000,0.38705817,0.31048725
1766822400,0.37725925,0.31052234
1766836800,0.37119136,0.31060034
1766851200,0.36948708,0.31091920
1766865600,0.37603477,0.31103645
1766880000,0.37300215,0.31151688
1766894400,0.37017398,0.31209248
1766908800,0.37296723,0.31225718
1766923200,0.36717642,0.31226015
1766937600,0.37663370,0.31221876
1766952000,0.38075490,0.31360342
1766966400,0.42295029,0.30248984
1766980800,0.41680917,0.30179997
1766995200,0.43938588,0.29453016
1767009600,0.42200497,0.29538470
1767024000,0.41718067,0.29519111
1767038400,0.41036361,0.29518608
1767052800,0.41015119,0.29887812
1767067200,0.38615701,0.29906560
1767081600,0.39366966,0.29933036
1767096000,0.41022364,0.31797464
1767110400,0.41357507,0.31866846
1767124800,0.40966034,0.31968422
1767139200,0.40374160,0.33028702
1767153600,0.40777655,0.33026904
1767168000,0.40761626,0.33030284
1767182400,0.41648051,0.32822738
1767196800,0.41470527,0.33243151
1767211200,0.41038124,0.33240473
1767225600,0.41208927,0.33244855
1767240000,0.41202070,0.33287906
1767254400,0.40905641,0.33347800
1767268800,0.40058690,0.34114508
1767283200,0.38349450,0.37337807
1767297600,0.38629810,0.37518899
1767312000,0.35114410,0.37519724
1767326400,0.34842326,0.37579493
1767340800,0.36109452,0.37533380
1767355200,0.35586342,0.37866034
1767369600,0.36361273,0.37861692
1767384000,0.35779330,0.37872818
1767398400,0.36227619,0.37980073
1767412800,0.35834413,0.37903260
1767427200,0.34738941,0.38200549
1767441600,0.34582364,0.38479647
1767456000,0.34615726,0.38533605
1767470400,0.35254184,0.38530004
1767484800,0.35534627,0.38454544
1767499200,0.33961463,0.38447682
1767513600,0.34193345,0.38559521
1767528000,0.33753168,0.38559842
1767542400,0.34273244,0.41263882
1767556800,0.34458786,0.41422867
1767571200,0.37244921,0.41334250
1767585600,0.36981698,0.41321952
1767600000,0.37354569,0.41331675
1767614400,0.37944476,0.42205084
1767628800,0.37714679,0.42196587
1767643200,0.37613423,0.42306114
1767657600,0.36902427,0.43365621
1767672000,0.37560756,0.43388278
1767686400,0.37480423,0.43386631
1767700800,0.37168729,0.45594807
1767715200,0.39645674,0.46822143
1767729600,0.40910437,0.48232788
1767744000,0.41150646,0.48648918
1767758400,0.40331360,0.48780858
1767772800,0.41369909,0.49616986
1767787200,0.41373800,0.50592154
1767801600,0.40612970,0.51673896
1767816000,0.40427181,0.51671763
1767830400,0.40862984,0.51658749
1767844800,0.40631972,0.53589243
1767859200,0.40433484,0.53579572
1767873600,0.40797516,0.53863770
1767888000,0.39486903,0.53871507
1767902400,0.39426028,0.53868327
1767916800,0.39185289,0.53875805
1767931200,0.39279219,0.53934045
1767945600,0.39138701,0.54310117
1767960000,0.39763359,0.54255231
1767974400,0.40319846,0.54180287
1767988800,0.39943521,0.54427006
1768003200,0.39172387,0.54654498
1768017600,0.38952800,0.54842739
1768032000,0.37661445,0.55386686
1768046400,0.35136506,0.55479658
1768060800,0.33611721,0.55906931
1768075200,0.34011488,0.56045317
1768089600,0.33752857,0.56130939
1768104000,0.32552931,0.56208165
1768118400,0.32708336,0.56236275
1768132800,0.32929753,0.56351231
1768147200,0.32755453,0.56354388
1768161600,0.32768388,0.56355681
1768176000,0.34666191,0.56365515
1768190400,0.34381253,0.56636898
1768204800,0.35424914,0.56563710
1768219200,0.36885357,0.56492434
1768233600,0.36815043,0.56766744
1768248000,0.37357650,0.56789231
1768262400,0.36663140,0.56845268
1768276800,0.37049332,0.56834580
1768291200,0.35389444,0.57015430
1768305600,0.38425555,0.56997055
1768320000,0.38566006,0.57374805
1768334400,0.39866953,0.57236668
1768348800,0.39366320,0.57243123
1768363200,0.39663068,0.57242094
1768377600,0.39740884,0.57419407
1768392000,0.42233773,0.57450475
1768406400,0.41638462,0.57440632
1768420800,0.41562757,0.57427482
1768435200,0.42284910,0.57327899
1768449600,0.42304765,0.57282487
1768464000,0.40801848,0.57647447
1768478400,0.41243687,0.57762897
1768492800,0.42538813,0.57590384
1768507200,0.41266828,0.57590067
1768521600,0.41514684,0.57588944
1768536000,0.41364900,0.57716960
1768550400,0.41308033,0.57758104
1768564800,0.41755073,0.57989456
1768579200,0.41585639,0.58088499
1768593600,0.41661684,0.58110392
1768608000,0.41185314,0.58145689
1768622400,0.40689393,0.58145136
1768636800,0.40319871,0.58151455
1768651200,0.39618224,0.58518422
1768665600,0.39572434,0.58545081
1768680000,0.39363990,0.58746463
1768694400,0.39039162,0.58772233
1768708800,0.36728972,0.58770804
1768723200,0.36404728,0.58827313
1768737600,0.35842118,0.58885573
1768752000,0.35765650,0.58917874
1768766400,0.39013938,0.58602353
1768780800,0.39446173,0.58496053
1768795200,0.38803109,0.58543659
1768809600,0.38225710,0.58656215
1768824000,0.37877829,0.58678863
1768838400,0.37371414,0.59166879
1768852800,0.37956310,0.59152038
1768867200,0.37618489,0.59203172
1768881600,0.39109063,0.59029530
1768896000,0.37581523,0.59138451
1768910400,0.38779533,0.59102053
1768924800,0.39698899,0.59074788
1768939200,0.40713142,0.58879139
1768953600,0.41522027,0.58783873
1768968000,0.41011781,0.58816382
1768982400,0.41260195,0.58831347
1768996800,0.42490950,0.58563421
1769011200,0.41326295,0.58562504
1769025600,0.42231684,0.58494173
1769040000,0.42067845,0.58503460
1769054400,0.41626979,0.58510697
1769068800,0.41074582,0.58519224
1769083200,0.41491805,0.58468975
1769097600,0.41229152,0.58400967
1769112000,0.40809832,0.58468222
1769126400,0.41016221,0.58450882
1769140800,0.41069126,0.58434283
1769155200,0.40782123,0.58421743
1769169600,0.40832795,0.58429465
1769184000,0.40406029,0.58437038
1769198400,0.40258250,0.58430219
1769212800,0.39944395,0.60155937
1769227200,0.39615778,0.60399301
1769241600,0.38189701,0.60410903
1769256000,0.38792497,0.60449920
1769270400,0.37575805,0.60892008
1769284800,0.37593461,0.60925247
1769299200,0.38073814,0.61209453
1769313600,0.36980419,0.61235400
1769328000,0.36192785,0.61235384
1769342400,0.35857737,0.61353403
1769356800,0.40732641,0.60928381
1769371200,0.39912179,0.60959043
1769385600,0.40579518,0.61325804
1769400000,0.40506788,0.61294235
1769414400,0.39800896,0.61327866
1769428800,0.38898713,0.62096728
1769443200,0.39156075,0.62707392
1769457600,0.38937889,0.62928733
1769472000,0.38804024,0.62915986
1769486400,0.38974536,0.62917006
1769500800,0.38908455,0.62913418
1769515200,0.38128411,0.63003292
1769529600,0.38744787,0.63005180
1769544000,0.39748120,0.62922208
1769558400,0.38942729,0.62925010
1769572800,0.38380172,0.62926225
1769587200,0.40278457,0.63335347
1769601600,0.40340221,0.63296197
1769616000,0.39480592,0.63404805
1769630400,0.39452784,0.63453473
1769644800,0.41264123,0.63280695
1769659200,0.40621918,0.64129184
1769673600,0.39384689,0.64095798
1769688000,0.44599776,0.63279888
1769702400,0.44251061,0.63671944
1769716800,0.44031692,0.63701706
1769731200,0.45800442,0.63201597
1769745600,0.44376472,0.63229661
1769760000,0.44314701,0.63298698
1769774400,0.43966107,0.63323285
1769788800,0.45337011,0.63248859
1769803200,0.42620022,0.63257467
1769817600,0.43650169,0.63483067
1769832000,0.44052088,0.63596358
1769846400,0.44320324,0.63574721
1769860800,0.45587707,0.64771055
1769875200,0.49063339,0.62965532
1769889600,0.48535628,0.62835786
1769904000,0.47402930,0.62873096
1769918400,0.48108139,0.62844763
1769932800,0.47826795,0.63095518
1769947200,0.47334236,0.62998378
1769961600,0.46544023,0.63066273
1769976000,0.46194020,0.63060107
1769990400,0.46917611,0.63062228
1770004800,0.45776281,0.63689257
1770019200,0.46263449,0.63977795
1770033600,0.46622600,0.64731505
1770048000,0.45767324,0.64706107
1770062400,0.45647672,0.64838846
1770076800,0.44225329,0.64843028
1770091200,0.44027051,0.64876663
1770105600,0.44786690,0.64937752
1770120000,0.43264423,0.65236322
1770134400,0.49118059,0.63636373
1770148800,0.48566232,0.63514630
1770163200,0.48752592,0.63373567
1770177600,0.47562567,0.63368651
1770192000,0.46287684,0.63455121
1770206400,0.47036726,0.63382598
1770220800,0.45740078,0.63406467
1770235200,0.46440779,0.63320134
1770249600,0.48144751,0.62598330
1770264000,0.47300172,0.62565747
1770278400,0.46836032,0.62535871
1770292800,0.49859002,0.60945994
1770307200,0.50782636,0.59874839
1770321600,0.51713045,0.58444902
1770336000,0.51576558,0.58015104
1770350400,0.51173565,0.57926586
1770364800,0.51878713,0.57146205
1770379200,0.52218546,0.56238196
1770393600,0.49246621,0.55242057
1770408000,0.47714426,0.55671079
1770422400,0.47545105,0.56005827
1770436800,0.49695009,0.54180140
1770451200,0.47691831,0.54190005
1770465600,0.48027415,0.54177625
1770480000,0.47205197,0.54169027
1770494400,0.46605898,0.54237361
1770508800,0.44941617,0.54452115
1770523200,0.45317384,0.54590576
1770537600,0.45928814,0.54206893
1770552000,0.45121868,0.54319843
1770566400,0.45008990,0.54667657
1770580800,0.45954161,0.54412867
1770595200,0.46138511,0.54222396
1770609600,0.45832148,0.54034841
1770624000,0.46922611,0.53531216
1770638400,0.46451120,0.53688214
1770652800,0.47018594,0.53284529
1770667200,0.46604240,0.53185681
1770681600,0.46309052,0.53206776
1770696000,0.45733046,0.53155471
1770710400,0.45371634,0.53211153
1770724800,0.45070916,0.53087884
1770739200,0.44273464,0.53079364
1770753600,0.43882155,0.53071975
1770768000,0.44342279,0.53117284
1770782400,0.45400636,0.52815671
1770796800,0.43947888,0.52888911
1770811200,0.44759058,0.52842760
1770825600,0.45635342,0.52656858
1770840000,0.45191044,0.52600096
1770854400,0.44686776,0.52543384
1770868800,0.44525985,0.52571861
1770883200,0.45128656,0.52382956
1770897600,0.45191277,0.52150432
1770912000,0.46180440,0.51667702
1770926400,0.45583031,0.51661394
1770940800,0.45203206,0.51646869
1770955200,0.44941895,0.51622754
1770969600,0.45415109,0.51418309
1770984000,0.46181775,0.50863459
1770998400,0.45255687,0.50847269
1771012800,0.44607552,0.51233139
1771027200,0.44609028,0.51354774
1771041600,0.44331347,0.51347741
1771056000,0.45000006,0.50939175
1771070400,0.44931443,0.50821383
1771084800,0.44053397,0.50931223
1771099200,0.43793277,0.51097608
1771113600,0.43772599,0.51123308
1771128000,0.43745589,0.50972239
1771142400,0.43237717,0.50921688
1771156800,0.44544893,0.50560016
1771171200,0.44619384,0.50500811
1771185600,0.44587741,0.50523157
1771200000,0.44380022,0.50547685
1771214400,0.43963532,0.50619360
1771228800,0.43199743,0.50790964
1771243200,0.44525104,0.50819175
1771257600,0.44087300,0.50834683
1771272000,0.44763850,0.50608473
1771286400,0.44445444,0.50576535
1771300800,0.44010994,0.50838978
1771315200,0.43926673,0.50786577
1771329600,0.44014731,0.50781401
1771344000,0.43244861,0.50913979
1771358400,0.43092501,0.50919310
1771372800,0.42722735,0.51073766
1771387200,0.43288083,0.51017749
1771401600,0.43793701,0.50907156
1771416000,0.43405308,0.50968638
1771430400,0.44997674,0.50427294
1771444800,0.44427615,0.50432917
1771459200,0.44792806,0.50371961
1771473600,0.44232840,0.50363057
1771488000,0.44937605,0.50236477
1771502400,0.42669717,0.50234183
1771516800,0.43912668,0.50130722
1771531200,0.42785642,0.50668223
1771545600,0.43647083,0.50676158
1771560000,0.43299306,0.50677594
1771574400,0.43537319,0.50748871
1771588800,0.42723934,0.50828417
1771603200,0.41925687,0.50929625
1771617600,0.42970841,0.50919255
1771632000,0.42948047,0.50889625
1771646400,0.42378487,0.50894670
1771660800,0.42511634,0.51652072
1771675200,0.43390829,0.51581573
1771689600,0.42303630,0.51647626
1771704000,0.43495981,0.51579971
1771718400,0.42419704,0.51615512
1771732800,0.41984283,0.51754869
1771747200,0.42296452,0.51756820
1771761600,0.43299526,0.52048292
1771776000,0.42280588,0.52105761
1771790400,0.42422539,0.52428422
1771804800,0.45790199,0.50443065
1771819200,0.45776886,0.50155137
1771833600,0.43538699,0.50281894
1771848000,0.44540321,0.50368676
1771862400,0.44585026,0.49832506
1771876800,0.42981481,0.49843602
1771891200,0.43328837,0.49528052
1771905600,0.43273482,0.49653362
1771920000,0.42231341,0.49811795
1771934400,0.43246507,0.49674005
1771948800,0.43280326,0.49678845
1771963200,0.42398863,0.49658781
1771977600,0.43277981,0.49140637
1771992000,0.43135707,0.49117625
1772006400,0.43327104,0.49990130
1772020800,0.43324039,0.49053597
1772035200,0.43165899,0.48281510
1772049600,0.43195856,0.48010553
1772064000,0.43016126,0.48001830
1772078400,0.43711419,0.47995088
1772092800,0.42879253,0.47996331
1772107200,0.42492770,0.47995757
1772121600,0.41076450,0.47982284
1772136000,0.40933609,0.48044069
1772150400,0.40865280,0.48116653
1772164800,0.40637154,0.48136360
1772179200,0.42901160,0.47471090
1772193600,0.41650972,0.47492566
1772208000,0.43425289,0.47353886
1772222400,0.43510989,0.47318026
1772236800,0.42824885,0.47694383
1772251200,0.42868800,0.46587839
1772265600,0.41582825,0.46588629
1772280000,0.43522729,0.46259743
1772294400,0.43392122,0.45915550
1772308800,0.43525433,0.45814301
1772323200,0.42869338,0.45999390
1772337600,0.43135009,0.45990008
1772352000,0.43281635,0.46006298
1772366400,0.41922205,0.45963992
1772380800,0.42565496,0.46112635
1772395200,0.41929475,0.46157036
1772409600,0.43083807,0.45841866
1772424000,0.43128234,0.45726937
1772438400,0.42949577,0.45693785
1772452800,0.42200247,0.43399851
1772467200,0.41977438,0.43548998
1772481600,0.42237213,0.43546488
1772496000,0.43393201,0.44203719
1772510400,0.43264034,0.44228432
1772524800,0.41748773,0.43965350
1772539200,0.42024472,0.43907362
1772553600,0.41607028,0.43768586
1772568000,0.40703568,0.43768305
1772582400,0.42562223,0.43680324
1772596800,0.41726682,0.42782606
1772611200,0.41701895,0.42073498
1772625600,0.40912418,0.40646563
1772640000,0.41124190,0.40630453
1772654400,0.42612525,0.40377690
1772668800,0.41545814,0.40375436
1772683200,0.42201223,0.40330750
1772697600,0.40338444,0.40130560
1772712000,0.41116760,0.39660709
1772726400,0.40982884,0.39532344
1772740800,0.40063542,0.39531018
1772755200,0.41157652,0.39528797
1772769600,0.40053274,0.39563902
1772784000,0.40583628,0.39371040
1772798400,0.41221625,0.38462421
1772812800,0.41382208,0.38415322
1772827200,0.40177719,0.39341429
1772841600,0.40834201,0.39343309
1772856000,0.42516046,0.39323262
1772870400,0.37628441,0.39397499
1772884800,0.36692055,0.39423764
1772899200,0.40794172,0.39240524
1772913600,0.40329184,0.39465979
1772928000,0.40893019,0.39443005
1772942400,0.41462844,0.39417221
1772956800,0.41408423,0.39427886
1772971200,0.40080516,0.39410148
1772985600,0.39703999,0.39643258
1773000000,0.43046170,0.41637911
1773014400,0.43400069,0.41296122
1773028800,0.43636293,0.41290998
1773043200,0.43903878,0.41277414
1773057600,0.44700103,0.40907866
1773072000,0.42724789,0.40906300
1773086400,0.43468993,0.40827082
1773100800,0.43942710,0.40532285
1773115200,0.44172481,0.40235680
1773129600,0.43065387,0.40237511
1773144000,0.44441344,0.40363797
1773158400,0.44292091,0.39876054
1773172800,0.43020302,0.39903622
1773187200,0.43886908,0.39853773
1773201600,0.43420030,0.39899051
1773216000,0.44350813,0.39957480
1773230400,0.43316543,0.39644089
1773244800,0.43497548,0.39758410
1773259200,0.43911258,0.39720123
1773273600,0.46956338,0.39564124
1773288000,0.46749850,0.39527242
1773302400,0.45942418,0.39416267
1773316800,0.44786226,0.39414650
1773331200,0.44564606,0.39607144
1773345600,0.43304615,0.39717440
1773360000,0.45999511,0.40113349
1773374400,0.44662856,0.40096701
1773388800,0.46121988,0.40010298
1773403200,0.46291138,0.40081956
1773417600,0.47416376,0.39949367
1773432000,0.45556504,0.39976889
1773446400,0.45569992,0.39989761
1773460800,0.46191083,0.39920707
1773475200,0.45514656,0.39914147
1773489600,0.43497673,0.40168853
1773504000,0.43173346,0.40786308
1773518400,0.45474680,0.41037124
1773532800,0.43421096,0.41031328
1773547200,0.43489023,0.41034021
1773561600,0.44937766,0.41004778
1773576000,0.45745747,0.41199508
1773590400,0.43175408,0.41527623
1773604800,0.48075717,0.41051142
1773619200,0.48640994,0.40898266
1773633600,0.47858489,0.40966515
1773648000,0.47969730,0.41020720
1773662400,0.49260121,0.41039249
1773676800,0.47507390,0.41257098
1773691200,0.47431303,0.41059309
1773705600,0.47603756,0.41021872
1773720000,0.47750307,0.41013179
1773734400,0.47855534,0.41008605
1773748800,0.46778632,0.41010354
1773763200,0.46260412,0.41011300
1773777600,0.46949523,0.40920873
1773792000,0.47613527,0.40905307
1773806400,0.48317901,0.40859771
1773820800,0.49154523,0.40694155
1773835200,0.48942341,0.41330824
1773849600,0.49209232,0.41295205
1773864000,0.49237933,0.41305973
1773878400,0.48028006,0.41307701
1773892800,0.49674823,0.40979913
1773907200,0.47070348,0.41186797
1773921600,0.47822861,0.41112439
1773936000,0.48724583,0.40956728
1773950400,0.48813581,0.40921688
1773964800,0.48340457,0.40733450
1773979200,0.47360415,0.40747927
1773993600,0.49450820,0.40734991
1774008000,0.48927857,0.40638696
1774022400,0.48727973,0.40796598
1774036800,0.47307429,0.41122018
1774051200,0.47019960,0.41284938
1774065600,0.46109299,0.41296793
1774080000,0.43889015,0.41326421
1774094400,0.41777698,0.41389941
1774108800,0.42361396,0.41460358
1774123200,0.49765543,0.40854193
1774137600,0.50063298,0.40797064
1774152000,0.50771804,0.40773101
1774166400,0.51513413,0.40663321
1774180800,0.51802071,0.40653080
1774195200,0.49563573,0.40680723
1774209600,0.49334034,0.41076484
1774224000,0.49009165,0.41415313
1774238400,0.48473138,0.41459609
1774252800,0.49779300,0.40504736
1774267200,0.47641028,0.40730761
1774281600,0.50763608,0.40690496
1774296000,0.50793494,0.40771166
1774310400,0.51527993,0.40765289
1774324800,0.47966022,0.40606963
1774339200,0.47483673,0.40632607
1774353600,0.49459886,0.40311397
1774368000,0.49713988,0.40323999
1774382400,0.50372741,0.39959402
1774396800,0.49379142,0.40014487
1774411200,0.49845571,0.40008345
1774425600,0.49870681,0.39931580
1774440000,0.50056651,0.39750620
1774454400,0.45713040,0.39795366
1774468800,0.48650418,0.39735233
1774483200,0.49098435,0.39687544
1774497600,0.49507154,0.39481250
1774512000,0.49248577,0.39288903
1774526400,0.48850356,0.39307395
1774540800,0.49877516,0.39212821
1774555200,0.49636755,0.39207430
1774569600,0.47052631,0.39218987
1774584000,0.46413088,0.39331458
1774598400,0.49593490,0.38157036
1774612800,0.49660819,0.38124766
1774627200,0.50608148,0.38095699
1774641600,0.51293344,0.38104492
1774656000,0.51122623,0.38138982
1774670400,0.46051569,0.38631949
1774684800,0.45616704,0.38627702
1774699200,0.47693206,0.38755319
1774713600,0.47761009,0.38750958
1774728000,0.48724799,0.38736950
1774742400,0.49002686,0.38719357
1774756800,0.48804668,0.38693842
1774771200,0.47924600,0.38784453
1774785600,0.48313319,0.38769805
1774800000,0.47649501,0.38780054
1774814400,0.47410038,0.38742036
1774828800,0.49982130,0.38391587
1774843200,0.49691494,0.38325292
1774857600,0.48871755,0.38401883
1774872000,0.48864108,0.39182674
1774886400,0.50640565,0.38799434
1774900800,0.49175629,0.38789647
1774915200,0.50370994,0.38505389
1774929600,0.49990724,0.38479740
1774944000,0.50532807,0.38320831
1774958400,0.48391793,0.38365955
1774972800,0.50696665,0.37912879
1774987200,0.49911959,0.37845993
1775001600,0.49301266,0.38004865
1775016000,0.49796708,0.37909313
1775030400,0.48579579,0.37937932
1775044800,0.47769246,0.38172246
1775059200,0.48948700,0.37990334
1775073600,0.47954734,0.37992989
1775088000,0.50807669,0.37167607
1775102400,0.50212047,0.37134649
1775116800,0.50615591,0.36990967
1775131200,0.50447535,0.36910966
1775145600,0.49893784,0.36905089
1775160000,0.47903848,0.36910750
1775174400,0.48481103,0.36923967
1775188800,0.48277505,0.36854959
1775203200,0.46511680,0.36877164
1775217600,0.47219149,0.36864716
1775232000,0.46653118,0.36866988
1775246400,0.46583796,0.36877617
1775260800,0.44942473,0.37684764
1775275200,0.45550957,0.37774068
1775289600,0.45449564,0.37968461
1775304000,0.46238633,0.38326528
1775318400,0.45923211,0.38323292
1775332800,0.45273710,0.38330838
1775347200,0.45996063,0.38576163
1775361600,0.46929883,0.38539473
1775376000,0.46669580,0.38530058
1775390400,0.47435951,0.38557408
1775404800,0.46835120,0.38558671
1775419200,0.51194938,0.37728564
1775433600,0.52204376,0.37836124
1775448000,0.51858075,0.37845899
1775462400,0.54783409,0.38067350
1775476800,0.54918843,0.38190420
1775491200,0.48701329,0.38185982
1775505600,0.51909551,0.37941139
1775520000,0.50464488,0.38028444
1775534400,0.50880267,0.38135499
1775548800,0.51414066,0.38219077
1775563200,0.51279277,0.38443109
1775577600,0.51413868,0.38214245
1775592000,0.51065859,0.35365741
1775606400,0.52153780,0.35253870
1775620800,0.52982626,0.35216634
1775635200,0.52373020,0.35292189
1775649600,0.54412528,0.35252594
1775664000,0.44876108,0.35252620
1775678400,0.44372484,0.35239059
1775692800,0.43365471,0.35242536
1775707200,0.42546797,0.35248983
1775721600,0.42558761,0.35240041
1775736000,0.49542479,0.34917985
1775750400,0.47342771,0.34961512
1775764800,0.49790166,0.34945552
1775779200,0.49128089,0.34946653
1775793600,0.50831724,0.34891415
1775808000,0.49237367,0.34743126
1775822400,0.49324190,0.34806657
1775836800,0.51009455,0.34612379
1775851200,0.50954938,0.34738738
1775865600,0.49506237,0.35304769
1775880000,0.49110176,0.35300305
1775894400,0.49139440,0.35349046
1775908800,0.44020878,0.35362788
1775923200,0.50012443,0.35215376
1775937600,0.51096001,0.35098932
1775952000,0.52778264,0.34522807
1775966400,0.51492003,0.34532710
1775980800,0.52940129,0.34522730
1775995200,0.53565960,0.34450124
1776009600,0.52762659,0.34497666
1776024000,0.48797690,0.34476656
1776038400,0.49084839,0.34591297
1776052800,0.48994569,0.34592583
1776067200,0.46570008,0.34660543
1776081600,0.51246725,0.35126804
1776096000,0.52535040,0.34591115
1776110400,0.53044304,0.34243842
1776124800,0.51354328,0.34260957
1776139200,0.53224961,0.34380404
1776153600,0.52534484,0.34433195
1776168000,0.51530866,0.35222327
1776182400,0.50896766,0.34840621
1776196800,0.49500400,0.34865777
1776211200,0.50372943,0.34862125
1776225600,0.51963130,0.34791944
1776240000,0.50958073,0.34736404
1776254400,0.47910830,0.35267540
1776268800,0.51016358,0.34851461
1776283200,0.50255623,0.34841326
1776297600,0.49893336,0.34838466
1776312000,0.50229751,0.34971305
1776326400,0.50158528,0.34989805
1776340800,0.43016995,0.34988389
1776355200,0.47771644,0.34870724
1776369600,0.47473321,0.34860756
1776384000,0.49313677,0.34782542
1776398400,0.49951861,0.34726182
1776412800,0.50723993,0.34662458
1776427200,0.52029429,0.33245305
1776441600,0.52111039,0.33236775
1776456000,0.52690457,0.33461321
1776470400,0.52147196,0.33547160
1776484800,0.51581907,0.33554113
1776499200,0.49078677,0.33293023
1776513600,0.47644574,0.33531595
1776528000,0.49524215,0.33520805
1776542400,0.48360833,0.33521858
1776556800,0.49497090,0.33524223
1776571200,0.46497561,0.33567179
1776585600,0.47606985,0.33617638
1776600000,0.46016403,0.33609118
1776614400,0.50075695,0.33402942
1776628800,0.51844532,0.32963706
1776643200,0.52299722,0.32754386
1776657600,0.51854789,0.32825357
1776672000,0.52599462,0.32789037
1776686400,0.52392091,0.32709942
1776700800,0.50740665,0.32614031
1776715200,0.49520466,0.32553402
1776729600,0.48580454,0.32651039
1776744000,0.49691542,0.32621710
1776758400,0.49420003,0.32719103
1776772800,0.49853794,0.32586844
1776787200,0.50727211,0.32454161
1776801600,0.52266883,0.31910534
1776816000,0.52818482,0.31459572
1776830400,0.52892749,0.31409112
1776844800,0.52540831,0.31392440
1776859200,0.53426485,0.31218191
1776873600,0.51109876,0.31440905
1776888000,0.50092520,0.31344182
1776902400,0.49893031,0.31295405
1776916800,0.49974797,0.31634221
1776931200,0.48661855,0.31598639
1776945600,0.49899360,0.31605168
1776960000,0.49772475,0.31540521
1776974400,0.50025057,0.31650257
1776988800,0.50467095,0.31567036
1777003200,0.49177985,0.31567001
1777017600,0.50310351,0.31526680
1777032000,0.49054383,0.31796292
1777046400,0.49284555,0.31789712
1777060800,0.48024952,0.31830921
1777075200,0.48683156,0.31820525
1777089600,0.46560399,0.31853537
1777104000,0.46522251,0.31843774
1777118400,0.46499782,0.31830386
1777132800,0.44683479,0.31839540
1777147200,0.46796418,0.31817586
1777161600,0.46942152,0.31946283
1777176000,0.50063350,0.31787618
1777190400,0.47599580,0.31850673
1777204800,0.48983036,0.31984007
1777219200,0.49358764,0.32039573
1777233600,0.50505561,0.31979734
1777248000,0.48701987,0.31953170
1777262400,0.52354611,0.31326101
1777276800,0.51886568,0.31321491
1777291200,0.53622003,0.31048748
1777305600,0.51833801,0.31070861
1777320000,0.53952197,0.31113023
1777334400,0.51782429,0.31479179
1777348800,0.50579125,0.31486134
1777363200,0.50405966,0.31364728
1777377600,0.50164490,0.31480747
1777392000,0.49934985,0.31558687
1777406400,0.47145327,0.31574326
1777420800,0.50899178,0.31467807
1777435200,0.48062668,0.31483875
1777449600,0.50551391,0.31388778
1777464000,0.52522173,0.30445622
1777478400,0.52577235,0.30435272
1777492800,0.52634838,0.30421345
1777507200,0.52880822,0.30415094
1777521600,0.53334688,0.30400409
1777536000,0.45231717,0.30399171
1777550400,0.47009048,0.30373178
1777564800,0.45511197,0.30378985
1777579200,0.45811791,0.30385961
1777593600,0.49336982,0.30212363
1777608000,0.47544873,0.30242230
1777622400,0.49246911,0.30207536
1777636800,0.51101044,0.29935800
1777651200,0.49999004,0.29934722
1777665600,0.49600035,0.29934029
1777680000,0.50206567,0.29927354
1777694400,0.50298747,0.30238417
1777708800,0.43498855,0.30279840
1777723200,0.46213424,0.30944971
1777737600,0.44518154,0.31021692
1777752000,0.45913357,0.31026521
1777766400,0.48032554,0.31045265
1777780800,0.47911932,0.31305245
1777795200,0.48235860,0.31436106
1777809600,0.46766488,0.33359521
1777824000,0.47794267,0.33356499
1777838400,0.46824357,0.33441369
1777852800,0.51537331,0.32904947
1777867200,0.52230920,0.33500477
1777881600,0.52954063,0.33274941
1777896000,0.52918416,0.33239767
1777910400,0.51248377,0.33309835
1777924800,0.51112129,0.33614685
1777939200,0.52025195,0.33414918
1777953600,0.49334039,0.33667430
1777968000,0.48552869,0.34168149
1777982400,0.50236305,0.34874221
1777996800,0.49271317,0.34900131
1778011200,0.48785561,0.34805344
1778025600,0.49915813,0.35256935
1778040000,0.49620071,0.35291846
1778054400,0.51053824,0.35482501
1778068800,0.51557341,0.36361035
1778083200,0.50957464,0.36356558
1778097600,0.49208121,0.36609491
1778112000,0.52032335,0.36568843
1778126400,0.50654668,0.36487332
1778140800,0.50105010,0.36392261
1778155200,0.51068642,0.36143091
1778169600,0.50942976,0.36141240
1778184000,0.50650367,0.36171931
1778198400,0.51070304,0.36442935
1778212800,0.49727620,0.36630553
1778227200,0.48346098,0.36577100
1778241600,0.47274272,0.36679723
1778256000,0.46505868,0.36958195
1778270400,0.46108185,0.38618150
1778284800,0.47922275,0.38624106
1778299200,0.44012979,0.38626494
1778313600,0.43281674,0.38637079
1778328000,0.44593237,0.38663539
1778342400,0.47397583,0.38689763
1778356800,0.47510120,0.38701600
1778371200,0.46919675,0.38713368
1778385600,0.46474986,0.38758006
1778400000,0.46653674,0.38856396
1778414400,0.49192548,0.39762272
1778428800,0.46895357,0.40120439
1778443200,0.51085469,0.40051151
1778457600,0.52225177,0.39560997
1778472000,0.49983156,0.39568155
1778486400,0.52800834,0.39695323
1778500800,0.52811898,0.40717378
1778515200,0.53125993,0.40839308
1778529600,0.48286162,0.40892549
1778544000,0.50483530,0.41292264
1778558400,0.49426045,0.41284679
1778572800,0.48873940,0.41327792
1778587200,0.49881590,0.41334409
1778601600,0.50549000,0.41562267
1778616000,0.49011101,0.41541408
1778630400,0.50874275,0.41431038
1778644800,0.50483763,0.41490489
1778659200,0.51377054,0.41597229
1778673600,0.51975779,0.40960454
1778688000,0.52448678,0.40803025
1778702400,0.52330267,0.40774871
1778716800,0.52706089,0.40761202
1778731200,0.53563940,0.40678306
1778745600,0.50556997,0.40631599
1778760000,0.50752940,0.39753647
1778774400,0.50242453,0.39747740
1778788800,0.51802511,0.39735577
1778803200,0.50710788,0.39739021
1778817600,0.52306826,0.39729863
1778832000,0.44319644,0.39723633
1778846400,0.50054685,0.39313730
1778860800,0.47743495,0.39332664
1778875200,0.48713038,0.40630792
1778889600,0.49114665,0.40644258
1778904000,0.51881658,0.40544165
1778918400,0.47343713,0.40633168
1778932800,0.47223608,0.40991417
1778947200,0.46171567,0.41139363
1778961600,0.47753548,0.41159239
1778976000,0.43746083,0.41166377
1778990400,0.42442449,0.41173694
1779004800,0.43855614,0.41165876
1779019200,0.46378252,0.41250279
1779033600,0.46413195,0.41234575
1779048000,0.49479428,0.41026899
1779062400,0.49881671,0.40964471
1779076800,0.49457319,0.40990252
1779091200,0.49807315,0.41157122
1779105600,0.50932450,0.41261332
1779120000,0.50002667,0.41938600
1779134400,0.48770776,0.41953516
1779148800,0.49572444,0.41960582
1779163200,0.50341021,0.41926640
1779177600,0.48926976,0.41953297
1779192000,0.47853954,0.42877055
1779206400,0.48564114,0.42965081
1779220800,0.47409431,0.42964895
1779235200,0.47114431,0.42973263
1779249600,0.47783766,0.42913536
1779264000,0.46891748,0.42911730
1779278400,0.46228624,0.43034224
1779292800,0.47340941,0.43039062
1779307200,0.47433834,0.43134052
1779321600,0.48167036,0.43058716
1779336000,0.47993560,0.43060027
1779350400,0.50115238,0.42952824
1779364800,0.48837336,0.43012342
1779379200,0.50573296,0.42977143
1779393600,0.48947448,0.43028342
1779408000,0.49230226,0.43027823
1779422400,0.47786592,0.43017162
1779436800,0.46400147,0.43018166
1779451200,0.48989521,0.42932866
1779465600,0.50927036,0.42727410
1779480000,0.50983742,0.42974030
1779494400,0.50549451,0.43127745
1779508800,0.52296858,0.42869956
1779523200,0.51520652,0.42943274
1779537600,0.51502949,0.42831027
1779552000,0.51653887,0.42821869
1779566400,0.52287184,0.42754298
1779580800,0.49008933,0.42754979
1779595200,0.50035792,0.43244298
1779609600,0.50519604,0.43219112
1779624000,0.51222449,0.43011895
1779638400,0.50305737,0.42975304
1779652800,0.50870801,0.42959321
1779667200,0.50527160,0.42956319
1779681600,0.51046233,0.42928295
1779696000,0.47036556,0.42942223
1779710400,0.47819788,0.44653310
1779724800,0.46636214,0.44766035
1779739200,0.46649610,0.45063343
1779753600,0.47403724,0.44962536
1779768000,0.46849128,0.45310825
1779782400,0.47829158,0.45419193
1779796800,0.48729833,0.46309514
1779811200,0.49026152,0.46284485
1779825600,0.47860467,0.46363500
1779840000,0.48398205,0.46360451
1779854400,0.48086830,0.46443788
1779868800,0.46547323,0.46866458
1779883200,0.46728238,0.47112801
1779897600,0.46893768,0.47196779
1779912000,0.48095487,0.47146909
1779926400,0.49617623,0.46852642
1779940800,0.49367741,0.46867812
1779955200,0.48888135,0.46880020
1779969600,0.50177367,0.46883174
1779984000,0.50065352,0.46987909
1779998400,0.47706296,0.46984149
1780012800,0.48156922,0.46969459
1780027200,0.48281610,0.46958116
1780041600,0.46554770,0.46964721
1780056000,0.46316529,0.47014686
1780070400,0.46464386,0.47054067
1780084800,0.45489273,0.47055042
1780099200,0.45096309,0.47135354
1780113600,0.44796465,0.47135954
1780128000,0.43536977,0.47135897
1780142400,0.44404819,0.47122128
1780156800,0.44589976,0.47245110
1780171200,0.45014786,0.47252876
1780185600,0.46237178,0.47376862
1780200000,0.46882631,0.47361029
1780214400,0.45807088,0.47399509
1780228800,0.47047728,0.47612123
1780243200,0.46343927,0.47679967
1780257600,0.46058219,0.47690151
1780272000,0.45179277,0.47808995
1780286400,0.49301006,0.47671377
1780300800,0.49207117,0.47653192
1780315200,0.50464621,0.48040203
1780329600,0.50728448,0.47995235
1780344000,0.50811577,0.47986498
1780358400,0.50648761,0.48299360
1780372800,0.50930183,0.48405974
1780387200,0.49360420,0.48808034
1780401600,0.49934411,0.47533415
1780416000,0.49260620,0.47537913
1780430400,0.50842943,0.47468730
1780444800,0.50952903,0.47209145
1780459200,0.50860675,0.46740697
1780473600,0.47609877,0.46759795
1780488000,0.48684288,0.46480637
1780502400,0.48504286,0.46458589
1780516800,0.48608971,0.46278850
1780531200,0.47656719,0.46214681
1780545600,0.48199131,0.46032792
1780560000,0.48286346,0.45661589
1780574400,0.48839284,0.45133707
1780588800,0.48275883,0.45156919
1780603200,0.48357888,0.45142095
1780617600,0.48905799,0.44743949
1780632000,0.48227105,0.44728126
1780646400,0.48130135,0.44363047
1780660800,0.48874790,0.43510393
1780675200,0.48367666,0.43501862
1780689600,0.48656221,0.43560646
1780704000,0.48527914,0.43560991
1780718400,0.48111539,0.43544372
1780732800,0.46018256,0.43646401
1780747200,0.45389005,0.44014691
1780761600,0.44472826,0.44013086
1780776000,0.44458764,0.44018183
1780790400,0.46548948,0.44006354
1780804800,0.47042465,0.43850334
1780819200,0.46842534,0.43867888
1780833600,0.47342918,0.43877901
1780848000,0.47893134,0.43649316
1780862400,0.48878211,0.42260834
1780876800,0.48287127,0.42366538
1780891200,0.48349251,0.42364783
1780905600,0.48476129,0.42478852
1780920000,0.48492161,0.42588402
1780934400,0.44744155,0.42651271
1780948800,0.44826602,0.42624629
1780963200,0.44843701,0.42648742
1780977600,0.45308978,0.42993489
1780992000,0.45870549,0.42920022
1781006400,0.48109956,0.42005899
1781020800,0.48366024,0.41716369
1781035200,0.48285562,0.41653093
1781049600,0.48033160,0.41820435
1781064000,0.47991662,0.41813762
1781078400,0.47140589,0.41724031
1781092800,0.48117913,0.40764892
1781107200,0.48110225,0.40587944
1781121600,0.48119456,0.40543628
1781136000,0.48769235,0.40031243
1781150400,0.47916986,0.40029081
1781164800,0.47212378,0.39983962
1781179200,0.47003231,0.39932143
1781193600,0.47721799,0.39645079
1781208000,0.46592368,0.39734029
1781222400,0.47031370,0.39791780
1781236800,0.47471937,0.39765064
1781251200,0.47687301,0.39597420
1781265600,0.47228392,0.39595566
1781280000,0.46583420,0.39596352
1781294400,0.46627490,0.39671171
1781308800,0.46771816,0.40027004
1781323200,0.46518128,0.40010785
1781337600,0.46023629,0.40006830
1781352000,0.46342149,0.39989171
1781366400,0.45514602,0.40031875
1781380800,0.46132963,0.40021413
1781395200,0.45818681,0.40039307
1781409600,0.44595480,0.40036038
1781424000,0.44234161,0.40064632
1781438400,0.44868388,0.41281524
1781452800,0.43622409,0.41276021
1781467200,0.46451589,0.40085482
1781481600,0.45746500,0.40095639
1781496000,0.45772247,0.40094920
1781510400,0.45811278,0.39994299
1781524800,0.46413520,0.39800663
1781539200,0.46371094,0.39724193
1781553600,0.46051064,0.39717062
1781568000,0.45755799,0.39714110
1781582400,0.45785482,0.39758391
1781596800,0.45587739,0.39754216
1781611200,0.46170947,0.39710910
1781625600,0.45857787,0.39772216
1781640000,0.45273430,0.39837443
1781654400,0.45788185,0.39857549
1781668800,0.45955747,0.40023571
1781683200,0.46412048,0.39923242
1781697600,0.46800421,0.39613805
1781712000,0.47562322,0.39057273
1781726400,0.47002023,0.39056697
1781740800,0.47020669,0.39040844
1781755200,0.46953319,0.39022405
1781769600,0.47256938,0.38919096
1781784000,0.47399900,0.37890990
1781798400,0.47153212,0.37847363
1781812800,0.46189799,0.37879207
1781827200,0.46718659,0.37873262
1781841600,0.46379085,0.37865075
1781856000,0.45784253,0.37883551
1781870400,0.46651659,0.37745361
1781884800,0.46353224,0.37732724
1781899200,0.46736894,0.37642256
1781913600,0.45060133,0.37650974
1781928000,0.45227276,0.37776799
1781942400,0.44577125,0.37973806
1781956800,0.45460245,0.38042141
1781971200,0.45078620,0.38109182
1781985600,0.45430968,0.38053361
1782000000,0.44826275,0.38088330
1782014400,0.44590664,0.38211703
1782028800,0.42799246,0.38217592
1782043200,0.42794197,0.38259998
1782057600,0.42363575,0.38281337
1782072000,0.44242104,0.37978939
1782086400,0.44369904,0.37843144
1782100800,0.41577974,0.37882576
1782115200,0.41806216,0.37800826
1782129600,0.41642574,0.37784684
1782144000,0.41778029,0.37742233
1782158400,0.42058544,0.37663037
1782172800,0.41468361,0.37734291
1782187200,0.43566709,0.37191757
1782201600,0.43292864,0.37153060
1782216000,0.42775101,0.37275687
1782230400,0.42274458,0.37278126
1782244800,0.42959142,0.37270075
1782259200,0.42077181,0.37320454
1782273600,0.41996460,0.37319015
1782288000,0.42268638,0.37380139
1782302400,0.46803947,0.35691807
1782316800,0.46590007,0.35549458
1782331200,0.47114998,0.35170055
1782345600,0.46310146,0.35169345
1782360000,0.47569901,0.34722148
1782374400,0.47413158,0.34523313
1782388800,0.48554454,0.33195059
1782403200,0.47853029,0.33181068
1782417600,0.48122176,0.33065789
1782432000,0.47766733,0.33058733
1782446400,0.48109929,0.32936031
1782460800,0.48551154,0.32333712
1782475200,0.48754371,0.31936882
1782489600,0.48679834,0.31793142
1782504000,0.48181810,0.31964392
1782518400,0.48016656,0.31948357
1782532800,0.47947995,0.31920263
1782547200,0.47689921,0.31908160
1782561600,0.48035989,0.31913455
1782576000,0.48400623,0.31743194
1782590400,0.47923529,0.32415980
1782604800,0.47957766,0.32480988
1782619200,0.45781169,0.32492052
1782633600,0.44775563,0.32483256
1782648000,0.44364188,0.32475012
1782662400,0.44649731,0.32394484
1782676800,0.43816818,0.32390845
1782691200,0.44404679,0.32284445
1782705600,0.42121036,0.32580767
1782720000,0.41809016,0.32581294
1782734400,0.41644957,0.32697402
1782748800,0.42747124,0.32580497
1782763200,0.42084645,0.32630031
1782777600,0.42034936,0.32434441
1782792000,0.40723116,0.32439633
1782806400,0.40834968,0.32651609
1782820800,0.41912357,0.32304430
1782835200,0.42010347,0.32205130
1782849600,0.41624471,0.32185859
1782864000,0.42360108,0.32083604
1782878400,0.42255113,0.32073848
1782892800,0.41197094,0.32070095
1782907200,0.44579186,0.31360356
1782921600,0.43951567,0.31382500
1782936000,0.43468180,0.31384844
1782950400,0.45224490,0.30830160
1782964800,0.45663740,0.30390666
1782979200,0.46244885,0.29574258
1782993600,0.45870780,0.29544413
1783008000,0.45596195,0.29658872
1783022400,0.45175687,0.29697418
1783036800,0.45091302,0.29906783
1783051200,0.44011699,0.29856213
1783065600,0.43856707,0.29930750
1783080000,0.43630582,0.29928413
1783094400,0.43920000,0.29942258
1783108800,0.44270804,0.29876221
1783123200,0.43743755,0.30115684
1783137600,0.43210852,0.30143612
1783152000,0.43124673,0.30142267
1783166400,0.43801213,0.30690494
1783180800,0.43616391,0.30639086
1783195200,0.43354279,0.30684734
1783209600,0.43794760,0.30657131
1783224000,0.42171650,0.30633931
1783238400,0.42294604,0.30593631
1783252800,0.41836276,0.30603331
1783267200,0.40636309,0.30610563
1783281600,0.41831388,0.30230248
1783296000,0.39819777,0.30170563
1783310400,0.39637422,0.30147907
1783324800,0.40503698,0.29982443
1783339200,0.42256784,0.29482057
1783353600,0.40082975,0.29562454
1783368000,0.40242511,0.29521547
1783382400,0.41254611,0.29155129
1783396800,0.40625630,0.29191450
1783411200,0.40704217,0.29159411
1783425600,0.41047328,0.29011976
1783440000,0.40645089,0.29018197
1783454400,0.40942431,0.28918565
1783468800,0.41413108,0.28743973
1783483200,0.40832443,0.28735599
1783497600,0.41452228,0.28809131
1783512000,0.41861346,0.28606398
1783526400,0.42023355,0.28424632
1783540800,0.41005863,0.28425226
1783555200,0.41732009,0.28374831
1783569600,0.42926138,0.27787513
1783584000,0.42442183,0.27761087
1783598400,0.41629741,0.27762854
1783612800,0.42084226,0.27683742
1783627200,0.41252986,0.27690661
1783641600,0.42068008,0.27438192
1783656000,0.40394457,0.27438828
1783670400,0.41412757,0.27328972
1783684800,0.41373958,0.27293783
1783699200,0.40546350,0.27285770
1783713600,0.40488157,0.27297541
1783728000,0.39780286,0.27301349
1783742400,0.39283676,0.27324777
1783756800,0.39204727,0.27326157
1783771200,0.38662580,0.27674596
1783785600,0.38489115,0.27702432
1783800000,0.39878542,0.27577635
1783814400,0.39802593,0.27503574
1783828800,0.39535815,0.27444429
1783843200,0.38921947,0.27496095
1783857600,0.39010065,0.27799629
1783872000,0.38405700,0.27801432
1783886400,0.37656240,0.27696378
1783900800,0.39586316,0.27205871
1783915200,0.39153656,0.27190515
1783929600,0.38800243,0.27276618
1783944000,0.39224569,0.27562386
1783958400,0.38739792,0.27501081
1783972800,0.37719628,0.27501985
1783987200,0.37940996,0.27485914
1784001600,0.37156903,0.27510570
1784016000,0.37875406,0.27539067
1784030400,0.42769832,0.25529077
1784044800,0.42142151,0.25508838
1784059200,0.42577564,0.25372572
1784073600,0.41591320,0.25340903
1784088000,0.41573776,0.25407157
1784102400,0.40744639,0.25391916
1784116800,0.41482116,0.25120392
1784131200,0.41343541,0.24999870
1784145600,0.41074644,0.24976565
1784160000,0.40920216,0.24966348
1784174400,0.41334681,0.24875519
1784188800,0.40367571,0.24876792
1784203200,0.41131779,0.24757234
1784217600,0.41037615,0.24638999
1784232000,0.41135128,0.24534704
1784246400,0.40997540,0.24487106
1784260800,0.41609940,0.24163254
1784275200,0.41508518,0.24025134
1784289600,0.40857585,0.24034674
1784304000,0.41836945,0.23672167
1784318400,0.41429976,0.23672242
1784332800,0.40999969,0.23838396
1784347200,0.39348300,0.23844591
1784361600,0.39544851,0.23849872
1784376000,0.38841631,0.24044919
1784390400,0.39871380,0.23928186
1784404800,0.39834922,0.23907961
1784419200,0.39594904,0.23967355
1784433600,0.38808903,0.23967411
1784448000,0.39485105,0.23956466
1784462400,0.38876834,0.24106181
1784476800,0.38810550,0.24124936
1784491200,0.39139252,0.24089869
1784505600,0.39071019,0.24170552
1784520000,0.39894362,0.23955045
1784534400,0.40348520,0.23667227
1784548800,0.40474934,0.31586812
1784563200,0.40480920,0.31497466
1784577600,0.39783261,0.31832384
1784592000,0.39971626,0.31791442
1784606400,0.40316540,0.31771746
1784620800,0.39415629,0.33426052
1784635200,0.39693778,
1784649600,0.39635564,
1784664000,0.39333357,
1784678400,0.39561262,
1784692800,0.39744932,
1784707200,0.39344736,
1784721600,0.38649274,
1784736000,0.39064030,
1784750400,0.39142486,
1784764800,0.39592055,
1784779200,0.39452606,
1784793600,0.39238055,
1784808000,0.39896968,
1784822400,0.39400091,
1784836800,0.39473936,
1784851200,0.39567166,
1784865600,0.39042418,
1784880000,0.39424102,
1784894400,0.40233875,
1784908800,0.39716600,
1784923200,0.39485779,
1784937600,0.39293909,
1784952000,0.39445270,
1784966400,0.38371379,
1784980800,0.38570358,
1784995200,0.38839354,
1785009600,0.38276260,
1785024000,0.38843993,
1785038400,0.38927883,
1785052800,0.38901205,
1785067200,0.39078212,
1785081600,0.38749396,
1785096000,0.39808163,
1785110400,0.39346279,
1785124800,0.39142825,
1785139200,0.39235355,
1785153600,0.39824508,
1785168000,0.39648647,
1785182400,0.40603244,
1785196800,0.40352328,
1785211200,0.39937782,
1785225600,0.39609589,
1785240000,0.40214601,
1785254400,0.39107881,
1785268800,0.38905962,
1785283200,0.39372219,
1785297600,0.40250846,
1785312000,0.39501147,
1785326400,0.40200317,
1785340800,0.40183004,
1785355200,0.40236158,
1785369600,0.39836696,
1785384000,0.39796911,
1785398400,0.40407301,
1785412800,0.39656272,
1785427200,0.39601952,
1785441600,0.39323772,
1785456000,0.40142367,
1785470400,0.39928500,
1785484800,0.39655677,
1785499200,0.40505927,
1785513600,0.39246031,
1785528000,0.39044635,
1785542400,0.39082649,
1785556800,0.38998651,
1785571200,0.38319520,
1785585600,0.38213860,
1785600000,0.38993650,
1785614400,0.38966859,
1785628800,0.39245496,
1785643200,0.38822077,
1785657600,0.39248634,
1785672000,0.38947518,
1785686400,0.39157984,
1785700800,0.38843927,
1785715200,0.39284023,
1785729600,0.39089816,
1785744000,0.38894560,
1785758400,0.39491533,
1785772800,0.39212407,
1785787200,0.39274974,
1785801600,0.39249224,
1785816000,0.39130460,
1785830400,0.38922455,
1785844800,0.38874713,
1785859200,0.38748814,
1785873600,0.38662737,
1785888000,0.38590188,
1785902400,0.38289618,
1785916800,0.38442880,
1785931200,0.38772837,
1785945600,0.39014747,
1785960000,0.38874978,
1785974400,0.38850330,
1785988800,0.39014085,
1786003200,0.38936066,
1786017600,0.38433485,
1786032000,0.38781954,
1786046400,0.38735965,
1786060800,0.38459398,
1786075200,0.38334999,
1786089600,0.39258648,
1786104000,0.38986920,
1786118400,0.38869938,
1786132800,0.38834998,
1786147200,0.38989073,
1786161600,0.38324715,
1786176000,0.38091944,
1786190400,0.38418225,
1786204800,0.38167507,
1786219200,0.38429832,
1786233600,0.40962760,
1786248000,0.40655077,
1786262400,0.41157397,
1786276800,0.41721907,
1786291200,0.41326369,
1786305600,0.41883822,
1786320000,0.41639921,
1786334400,0.42025698,
1786348800,0.41596789,
1786363200,0.41916548,
1786377600,0.41909239,
1786392000,0.41798059,
1786406400,0.42166273,
1786420800,0.42123956,
1786435200,0.41794488,
1786449600,0.41648109,
1786464000,0.41376851,
1786478400,0.41546365,
1786492800,0.42063915,
1786507200,0.41394935,
1786521600,0.41619998,
1786536000,0.41524552,
1786550400,0.41087697,
1786564800,0.41422913,
1786579200,0.41902596,
1786593600,0.42044897,
1786608000,0.41529925,
1786622400,0.41222967,
1786636800,0.40989691,
1786651200,0.41162913,
1786665600,0.41510510,
1786680000,0.41743614,
1786694400,0.41343200,
1786708800,0.41701221,
1786723200,0.41796860,
1786737600,0.42093615,
1786752000,0.41059913,
1786766400,0.40898890,
1786780800,0.40962602,
1786795200,0.41070175,
1786809600,0.41112940,
1786824000,0.41215113,
1786838400,0.41312916,
1786852800,0.41409716,
1786867200,0.41586401,
1786881600,0.42136766,
1786896000,0.41815244,
1786910400,0.42695027,
1786924800,0.43044944,
1786939200,0.42826395,
1786953600,0.43831902,
1786968000,0.44120870,
1786982400,0.43869603,
1786996800,0.43942368,
1787011200,0.44165791,
1787025600,0.43267744,
1787040000,0.43442517,
1787054400,0.43812381,
1787068800,0.43720638,
1787083200,0.43356800,
1787097600,0.44041204,
1787112000,0.43284735,
1787126400,0.43536663,
1787140800,0.34194290,
1787155200,0.34947686,
1787169600,0.36484125,
1787184000,0.36667459,
1787198400,0.37743597,
1787212800,0.35428600,
